moderated,time,date,gameid,name,demo,sa1,collab,author,authors,submitter,combinedtype,length,fields_type,difficulty,warnings,url,section,tags,bps_files,json_files,data_txid
,1779423995,,42403,Wario World [SMWC-Waiting 2026-05-22],No,No,No,Nikotonic,Nikotonic,Nikotonic,Standard: Casual (diff_2) (standard),96 exit(s),Standard,Casual,,/?p=section&a=details&id=42403,smwhacks,"['move', 'moveset', 'new super mario bros', 'wario', 'smwc-waiting']",['7ff0ea1e7cd1fa8bc033894632ce2ecda65aafee.bps'],['7ff0ea1e7cd1fa8bc033894632ce2ecda65aafee.json'],ynmb69e6Vpqjrv7lWgXolbWmetTVkLP7wGlyzDBl4Ow
,1779110229,,42385,Yoshi's Revenge [SMWC-Waiting 2026-05-18],No,No,No,Oskise,Oskise,Oskise,Kaizo: Master (diff_6) (kaizo),46 exit(s),Kaizo,Master,,/?p=section&a=details&id=42385,smwhacks,"['bosses', 'custom music', 'exploration', 'gimmick', 'story', 'traditional', 'smwc-waiting']",['4a8b6befccce4db2391821bf61ef613a5946aba1.bps'],['4a8b6befccce4db2391821bf61ef613a5946aba1.json'],OgF056xVuD77-F_ScXt4aYIwIQVPZBtf_5TNmMLYeUQ
,1778998969,,42378,Niko Moveset [SMWC-Waiting 2026-05-17],No,No,No,Nikotonic,Nikotonic,Nikotonic,Standard: Casual (diff_2) (standard),96 exit(s),Standard,Casual,,/?p=section&a=details&id=42378,smwhacks,"['long jump', 'movement', 'new idea', 'niko', 'smwc-waiting']",['d47dcec9d8b3d8235c21f759213a055e5e46ba7d.bps'],['d47dcec9d8b3d8235c21f759213a055e5e46ba7d.json'],3fs_b03QDepcg69p6POnC67dJBGDvK2p38ZAq0GSDQ8
,1778952335,,42373,A Short Hack [SMWC-Waiting 2026-05-16],No,No,No,lactrohibro123,lactrohibro123,lactrohibro123,Kaizo: Advanced (diff_4) (kaizo),10 exit(s),Kaizo,Advanced,photosensitivity,/?p=section&a=details&id=42373,smwhacks,"['custom music', 'kaizo', 'vanilla', 'smwc-waiting']",['f5df408e01e788b2f13e23a11ae60328f149a6b4.bps'],['f5df408e01e788b2f13e23a11ae60328f149a6b4.json'],DsFOpilRjvQPn9oxwppHMV1xM8Qnbt8coH7pHWg3uhQ
,1778785730,,42359,SMW GRAPHICS Style SMB NES [SMWC-Waiting 2026-05-14],Yes,No,No,Meizerlr,Meizerlr,Meizerlr,Standard: Casual (diff_2) (standard),96 exit(s),Standard,Casual,,/?p=section&a=details&id=42359,smwhacks,"['custom backgrounds', 'custom music', 'graphics', 'smwc-waiting']",['6fe722db57552417ab77ed96def9875cea1296de.bps'],['6fe722db57552417ab77ed96def9875cea1296de.json'],QmCAj0NsgLusDUlyZ6bcSS45rnAgjbtsCySK0uzJSdU
,1778680478,,42350,Super Mario World and the Celestial Flower [SMWC-Waiting 2026-05-13],No,No,No,lactrohibro123,lactrohibro123,lactrohibro123,Standard: Intermediate (diff_3) (standard),96 exit(s),Standard,Intermediate,photosensitivity,/?p=section&a=details&id=42350,smwhacks,"['semi-kaizo', 'trolly and blind jumps', 'vanilla', 'smwc-waiting']",['16849fe4b9611d69c09e89064940146e345033c5.bps'],['16849fe4b9611d69c09e89064940146e345033c5.json'],zwkuOUIGa4f3xJNMS1xuXU9hX0A6xIx-uelWmi_QjHM
,1778469940,,42336,PLAYTIME [SMWC-Waiting 2026-05-11],No,No,No,Insanit,Insanit,Insanit,Kaizo: Expert (diff_5) (kaizo),17 exit(s),Kaizo,Expert,photosensitivity,/?p=section&a=details&id=42336,smwhacks,"['asm', 'bosses', 'chocolate', 'custom music', 'gimmick', 'platforming', 'smwc-waiting']",['2febb0b68977c7b9ba7429e6df7864a26a1119e1.bps'],['2febb0b68977c7b9ba7429e6df7864a26a1119e1.json'],waauHrz0sK0qRlU-AlCrq2T0OHIQtKa9fw_GuFT7oTM
,1777962691,,42311,Super Erre >:D [SMWC-Waiting 2026-05-05],No,No,No,PIRITOO_KING,PIRITOO_KING,PIRITOO_KING,Standard: Intermediate (diff_3) (standard),20 exit(s),Standard,Intermediate,,/?p=section&a=details&id=42311,smwhacks,"['absurd', 'humor', 'standard', 'story', 'weird', 'smwc-waiting']",['d4867fe807236fbd77f74009e8dfbd3c311029c5.bps'],['d4867fe807236fbd77f74009e8dfbd3c311029c5.json'],o1znD1XSYAUvAGWk9He7wwXpvKjifYyYNnfEJgkofaI
,1777675153,,42295,Yoshi Commits Tax Fraud [SMWC-Waiting 2026-05-01],No,No,No,Ember the Mediocre,Ember the Mediocre,Ember the Mediocre,Kaizo: Master (diff_6) (kaizo),16 exit(s),Kaizo,Master,,/?p=section&a=details&id=42295,smwhacks,"['joke', 'precision', 'shell', 'yoshi', 'smwc-waiting']",['9f95d591dfc8b37c6e2a434b75f9e99b5c2c86f7.bps'],['9f95d591dfc8b37c6e2a434b75f9e99b5c2c86f7.json'],_bocGAJSPGc1M8E5PyTkT5GcT3Xr8v2CMJ11wELSr8w
,1777253817,,42272,Yoshi's Island by Zorrito [SMWC-Waiting 2026-04-27],No,No,No,ZorritoKF,ZorritoKF,ZorritoKF,Puzzle: Expert (diff_5) (puzzle),1 exit(s),Puzzle,Expert,,/?p=section&a=details&id=42272,smwhacks,"['troll', 'smwc-waiting']",['1fae74ca191916a52b8294db0e37c94eccccd67b.bps'],['1fae74ca191916a52b8294db0e37c94eccccd67b.json'],Ob4hE0FBsQFHFgD4i6L611ehjKuNBtk1RqrUSryC1kA
,1776981719,,42246,New Super Mario World 3: Peach's Double Trouble [SMWC-Waiting 2026-04-23],No,No,No,Bullymario,Bullymario,Bullymario,Standard: Intermediate (diff_3) (standard),93 exit(s),Standard,Intermediate,,/?p=section&a=details&id=42246,smwhacks,"['asm', 'cutscenes', 'exgfx', 'hdma', 'music', 'smwc-waiting']",['37a4297cc323a5339368f2e3b0d71e4a202793f8.bps'],['37a4297cc323a5339368f2e3b0d71e4a202793f8.json'],voDKnj5KXfSR7WfzoavvUsvfcX9xFH4r1IJv9FzX-QM
,1776976052,,42245,Super Mario Mushroom Kingdom Madness [SMWC-Waiting 2026-04-23],Yes,No,No,Greeeen,Greeeen,Greeeen,Standard: Casual (diff_2) (standard),30 exit(s),Standard,Casual,,/?p=section&a=details&id=42245,smwhacks,['smwc-waiting'],['2ee96cee25b1051e89e15b8e622476e95d63f0bb.bps'],['2ee96cee25b1051e89e15b8e622476e95d63f0bb.json'],77uz6LbP4tZg0rfXUH8idU-Pm93NWQ2Uo4TLKILQJFw
,1776905403,,42238,Oblivion [SMWC-Waiting 2026-04-23],No,No,No,Bruno_Peixoto,Bruno_Peixoto,Bruno_Peixoto,Kaizo: Expert (diff_5) (kaizo),15 exit(s),Kaizo,Expert,,/?p=section&a=details&id=42238,smwhacks,['smwc-waiting'],['fdbbd3d89685ab8150a4f4690ef147822a652845.bps'],['fdbbd3d89685ab8150a4f4690ef147822a652845.json'],wRATJ8u3rUHEm9o-Y0hwrS8xqyX0VHAYSS5w0q5gLas
,1776628560,,42225,Oblivion [SMWC-Waiting 2026-04-19],No,No,No,Bruno_Peixoto,Bruno_Peixoto,Bruno_Peixoto,Kaizo: Expert (diff_5) (kaizo),15 exit(s),Kaizo,Expert,,/?p=section&a=details&id=42225,smwhacks,['smwc-waiting'],['6f461b61b1e5b91c742ef25d33758a13f2b95c5f.bps'],['6f461b61b1e5b91c742ef25d33758a13f2b95c5f.json'],tThKyfkWeMxXr4HjbFNBdRh9R8-eXSkoK4jFxEc1G9k
,1776564154,,42213,"Be FAST, if you can! [SMWC-Waiting 2026-04-19]",No,No,No,GuilhermeYT,GuilhermeYT,GuilhermeYT,"Standard, Tool-Assisted: Advanced (diff_4) (standard, tool_assisted)",2 exit(s),"Standard, Tool-Assisted",Advanced,,/?p=section&a=details&id=42213,smwhacks,['smwc-waiting'],['c881159fff007e44e267dfd1f2265b5bf1d35b39.bps'],['c881159fff007e44e267dfd1f2265b5bf1d35b39.json'],OxZFy8KQKw_qhkxlFufndsap8VsRzVCUXvtVH95pm_8
,1776359552,,42204,Kaizo: Maximum 'Zo [SMWC-Waiting 2026-04-16],No,No,No,MarsAmPear,MarsAmPear,MarsAmPear,Kaizo: Grandmaster (diff_7) (kaizo),10 exit(s),Kaizo,Grandmaster,,/?p=section&a=details&id=42204,smwhacks,"['vanilla', 'smwc-waiting']",['5cdeea97165ee513708e49566efefa37169836f4.bps'],['5cdeea97165ee513708e49566efefa37169836f4.json'],7oOasDFXsJNdKBusn9oDkY0yVrZYaUeJEkTAmWNbRdQ
,1776307685,,42201,Paths [SMWC-Waiting 2026-04-16],No,No,No,FiveFactor,FiveFactor,FiveFactor,Kaizo: Expert (diff_5) (kaizo),18 exit(s),Kaizo,Expert,,/?p=section&a=details&id=42201,smwhacks,['smwc-waiting'],['cf2be428ce4d54598bc2b1c2c338d59e514d2849.bps'],['cf2be428ce4d54598bc2b1c2c338d59e514d2849.json'],f4SQHW-qulWTrZOU5xg-kg4KAfccCzA4JN9qC_WIX_c
,1776204471,,42193,Pit of Gui! [SMWC-Waiting 2026-04-14],No,No,No,GuilhermeYT,GuilhermeYT,GuilhermeYT,"Tool-Assisted, Pit: Expert (diff_5) (tool_assisted, pit)",1 exit(s),"Tool-Assisted, Pit",Expert,,/?p=section&a=details&id=42193,smwhacks,['smwc-waiting'],['f6b35fbcbbe9ce53b6c988ecc6e72ca161a25822.bps'],['f6b35fbcbbe9ce53b6c988ecc6e72ca161a25822.json'],K__tDYgzRkZuy-FenG9_qrdD04cXmaIE9aLqsLbzdMY
,1776198899,,42191,Super Mario Super Quest Demo V.1.2 [SMWC-Waiting 2026-04-14],Yes,No,No,Greeeen,Greeeen,Greeeen,Standard: Intermediate (diff_3) (standard),27 exit(s),Standard,Intermediate,,/?p=section&a=details&id=42191,smwhacks,['smwc-waiting'],['b8ea58091dc0adbfb31c4b3f77d20e6ebc111e6a.bps'],['b8ea58091dc0adbfb31c4b3f77d20e6ebc111e6a.json'],G5D1adI8GX5D9RKFcxwxm6aQrVS-PaUBeuIJcUqzQ-8
,1776181090,,42188,Tears Joy and Happiness [SMWC-Waiting 2026-04-14],No,No,No,Jukeboxi_,Jukeboxi_,Jukeboxi_,Kaizo: Master (diff_6) (kaizo),21 exit(s),Kaizo,Master,,/?p=section&a=details&id=42188,smwhacks,"['castlevania', 'kaizo', 'mario', 'master', 'music', 'smwc-waiting']",['98827f62375f7973887412ba0c18708ccdd6d94c.bps'],['98827f62375f7973887412ba0c18708ccdd6d94c.json'],0al9m2hIw4FBRuRryzQv_vZqQTv0R2NNhlEGxu8_JxE
,1776049671,,42178,Super Mario Mania [SMWC-Waiting 2026-04-13],Yes,Yes,No,OiMuka,OiMuka,OiMuka,Standard: Advanced (diff_4) (standard),9 exit(s),Standard,Advanced,,/?p=section&a=details&id=42178,smwhacks,"['daisy', 'demo', 'luigi', 'mario', 'sa-1', 'smwc-waiting']","['ab202f8df166eea51e53513ede7dbbd68a2af728.bps', '9f25cf8b1071ce4d83b0ad886ef846bbb5c59f28.bps']","['ab202f8df166eea51e53513ede7dbbd68a2af728.json', '9f25cf8b1071ce4d83b0ad886ef846bbb5c59f28.json']",RJU2nvd9ORlc3NAQWlLb0th9uRmgvmlEvDGQkDblJ90
,1776014913,,42168,Oblivion [SMWC-Waiting 2026-04-12],No,No,No,Bruno_Peixoto,Bruno_Peixoto,Bruno_Peixoto,Kaizo: Expert (diff_5) (kaizo),14 exit(s),Kaizo,Expert,,/?p=section&a=details&id=42168,smwhacks,['smwc-waiting'],['8ac852ae46c892889bbfd997fd893d96db07989e.bps'],['8ac852ae46c892889bbfd997fd893d96db07989e.json'],Atmdk5RzElty6-P93thN9pFQSZT_aO4zgIkISIHqwh8
,1775872254,,42163,Super Mario Mania [SMWC-Waiting 2026-04-11],Yes,Yes,No,OiMuka,OiMuka,OiMuka,Standard: Advanced (diff_4) (standard),9 exit(s),Standard,Advanced,,/?p=section&a=details&id=42163,smwhacks,"['daisy', 'demo', 'luigi', 'mario', 'sa-1', 'smwc-waiting']","['5b3290af29def6ac9e7a72cd870b91712b9bb296.bps', '361f9bb54c589a090402aefcff0f359824636843.bps']","['5b3290af29def6ac9e7a72cd870b91712b9bb296.json', '361f9bb54c589a090402aefcff0f359824636843.json']",6Nr5yNtWvVuOMTG4qe0GYcFa3u32kEhB0TIRa4fmRUE
,1775839809,,42161,Kaizo: Maximum 'Zo [SMWC-Waiting 2026-04-10],No,No,No,MarsAmPear,MarsAmPear,MarsAmPear,Kaizo: Grandmaster (diff_7) (kaizo),10 exit(s),Kaizo,Grandmaster,,/?p=section&a=details&id=42161,smwhacks,"['vanilla', 'smwc-waiting']",['f222c1aa8b2418c15f6059d87409e115dbb63c1f.bps'],['f222c1aa8b2418c15f6059d87409e115dbb63c1f.json'],4r3CXXWVRzuKeU3MBX7hcYQtqXo12YPH4wAvCJAukcQ
,1775758583,,42156,CABRA TROLL [SMWC-Waiting 2026-04-09],Yes,Yes,Yes,Angel Miranda,"Angel Miranda, El Cabra Grande",Angel Miranda,Kaizo: Intermediate (diff_3) (kaizo),96 exit(s),Kaizo,Intermediate,,/?p=section&a=details&id=42156,smwhacks,"['asm', 'background', 'foreground', 'music', 'smwc-waiting']",['107e482453d6579182a8e84a1ec3b230943072d3.bps'],['107e482453d6579182a8e84a1ec3b230943072d3.json'],hNdBhknjqmuO6xDK6TiVYPtGkDBn3f9mQaCbxSj_Rvg
,1775755000,,42155,GrandShell [SMWC-Waiting 2026-04-09],No,No,No,theaixu022,theaixu022,theaixu022,Kaizo: Grandmaster (diff_7) (kaizo),6 exit(s),Kaizo,Grandmaster,,/?p=section&a=details&id=42155,smwhacks,['smwc-waiting'],['abc8d01ab92390ed8e879b96988451bb36d762b3.bps'],['abc8d01ab92390ed8e879b96988451bb36d762b3.json'],PQa4zivxfTX10Ef8ZIIfx07EaORsQb7LVbevoeGeu78
,1775616861,,42152,Paths [SMWC-Waiting 2026-04-08],No,No,No,FiveFactor,FiveFactor,FiveFactor,Kaizo: Expert (diff_5) (kaizo),18 exit(s),Kaizo,Expert,,/?p=section&a=details&id=42152,smwhacks,['smwc-waiting'],['c58e5b46786591e376de802a59c30648a3bae922.bps'],['c58e5b46786591e376de802a59c30648a3bae922.json'],ZJfLGKD0bxrOjt_nC5Q1zNS9u8pqBqYfLaS3MNTS7aw
,1775432105,,42138,Sonic Kaizo World [SMWC-Waiting 2026-04-05],No,No,No,sholmes,sholmes,sholmes,Kaizo: Advanced (diff_4) (kaizo),21 exit(s),Kaizo,Advanced,,/?p=section&a=details&id=42138,smwhacks,"['custom music', 'non mario', 'smwc-waiting']",['5deeb60701d6ea7ce79b5dec3ab9245e3ea8e919.bps'],['5deeb60701d6ea7ce79b5dec3ab9245e3ea8e919.json'],lb7Kt52GHvL5aIqm8ktpyPXddRzssQ7-J3TI9-bUnqk
,1775363842,,42129,Yoshi Commits Tax Fraud - The *Original* Version [SMWC-Waiting 2026-04-05],No,No,No,Ember the Mediocre,Ember the Mediocre,Ember the Mediocre,Tool-Assisted: Master (diff_6) (tool_assisted),16 exit(s),Tool-Assisted,Master,,/?p=section&a=details&id=42129,smwhacks,"['custom bosses', 'custom music', 'kaizo', 'percision', 'shell', 'smwc-waiting']",['d5961be1e6dc3000dcbc7b8ab0e52e7f0e8a5750.bps'],['d5961be1e6dc3000dcbc7b8ab0e52e7f0e8a5750.json'],TcxIcyls1ke0RVbGIBueZN87Swh05u0R-W6o7wQ4uBY
,1775262028,,42122,Supra Meyro Walrd [SMWC-Waiting 2026-04-04],Yes,No,No,Alann64Z,Alann64Z,Alann64Z,Kaizo: Advanced (diff_4) (kaizo),5 exit(s),Kaizo,Advanced,,/?p=section&a=details&id=42122,smwhacks,['smwc-waiting'],['2eafd137004b7e58bd7fef88cd1f0c69b98fa3b3.bps'],['2eafd137004b7e58bd7fef88cd1f0c69b98fa3b3.json'],l821fZ1VCHo_y8NKVlpA8_zWVKKstl-Qvude5XfI_hE
,1775207084,,42114,YNT MARIO [SMWC-Waiting 2026-04-03],No,Yes,Yes,YNT,"YNT, astm",astm,Standard: Advanced (diff_4) (standard),113 exit(s),Standard,Advanced,,/?p=section&a=details&id=42114,smwhacks,"['bosses', 'custom music', 'puzzle', 'translated', 'smwc-waiting']",['d79456e4506099547ee6a8df9b0347c1b8926032.bps'],['d79456e4506099547ee6a8df9b0347c1b8926032.json'],QtH8U5-oBMxkQ1clNr04w8astaziaxQDNaH-6nz16AI
,1775078619,,42103,Return of Mario bros [SMWC-Waiting 2026-04-01],Yes,No,No,MegaSonic1999,MegaSonic1999,MegaSonic1999,Standard: Intermediate (diff_3) (standard),15 exit(s),Standard,Intermediate,,/?p=section&a=details&id=42103,smwhacks,"['2 players', 'adventure', 'luigi', 'mario', 'smwc-waiting']",['222ff54ddecc50ea34d348d9498f4c2ad6af2a95.bps'],['222ff54ddecc50ea34d348d9498f4c2ad6af2a95.json'],Zh4jf1R_dnBbPvsCFV4tkfpJUDD8jyuayoRQdOuzCds
,1775017395,,42096,OneScreen [SMWC-Waiting 2026-04-01],No,No,No,HmWhyNot,HmWhyNot,HmWhyNot,Kaizo: Expert (diff_5) (kaizo),0 exit(s),Kaizo,Expert,,/?p=section&a=details&id=42096,smwhacks,"['april fools', 'one screen', 'single screen', 'singular screen', 'smwc-waiting']",['93320621c37031333868dfd921ead5a21eb03dae.bps'],['93320621c37031333868dfd921ead5a21eb03dae.json'],LGwn5407lqJTC1CXCMB7d2hnynyzrRFpSXxikyxXvi4
,1774996612,,42094,Catacismo REMASTERED [SMWC-Waiting 2026-03-31],No,No,No,GuilhermeYT,GuilhermeYT,GuilhermeYT,Kaizo: Advanced (diff_4) (kaizo),1 exit(s),Kaizo,Advanced,suggestive_content,/?p=section&a=details&id=42094,smwhacks,['smwc-waiting'],['7cc82e90421ff5323e8c8fd39547a8d8803d81e4.bps'],['7cc82e90421ff5323e8c8fd39547a8d8803d81e4.json'],YLRymjy9ChuQWSldup39t38npcLe3b6N71WLNOddGzg
,1774964921,,42089,Shell Or Die [SMWC-Waiting 2026-03-31],No,No,No,BielDusty,BielDusty,BielDusty,Kaizo: Master (diff_6) (kaizo),15 exit(s),Kaizo,Master,,/?p=section&a=details&id=42089,smwhacks,['smwc-waiting'],['cd8bd6745a4ac444681f1d51925b3138dd857f1f.bps'],['cd8bd6745a4ac444681f1d51925b3138dd857f1f.json'],jR0tw3cpbuZTsfzg4teM2m_VKqq43s8ujAClQKhFGFM
,1774754720,,42066,Mario's Epical Adventure DEMO [SMWC-Waiting 2026-03-29],Yes,No,No,Redguy,Redguy,Redguy,Standard: Casual (diff_2) (standard),11 exit(s),Standard,Casual,,/?p=section&a=details&id=42066,smwhacks,['smwc-waiting'],['73c3815bfee60b36301d4a7e43446aaf51c70fe5.bps'],['73c3815bfee60b36301d4a7e43446aaf51c70fe5.json'],95wyREwDZMyqSjzQsq8-qfvpcAbCWN7Xpf7oeH_0EuI
,1774408089,,42027,Super Mario Ribbon [SMWC-Waiting 2026-03-25],No,No,No,Redguy,Redguy,Redguy,Standard: Casual (diff_2) (standard),17 exit(s),Standard,Casual,,/?p=section&a=details&id=42027,smwhacks,['smwc-waiting'],['b8d333fa959e474a60f34859aca4fb88a5c11e42.bps'],['b8d333fa959e474a60f34859aca4fb88a5c11e42.json'],l41iOpqOQ-UNZy6u3a4t2tlvp3h76BVQ8c5NXN7F1NA
,1774006013,,41976,Iridium [SMWC-Waiting 2026-03-20],No,No,No,1mslakingoff,1mslakingoff,1mslakingoff,Kaizo: Expert (diff_5) (kaizo),17 exit(s),Kaizo,Expert,,/?p=section&a=details&id=41976,smwhacks,"['custom music', 'gimmick', 'smwc-waiting']",['687371ecd9415947174a8f226a4bd4a2ce9b2449.bps'],['687371ecd9415947174a8f226a4bd4a2ce9b2449.json'],5y9odN-iG5mwJXSMUppy7G4KkphRsu95FFtbqaMht_k
,1773798968,,41946,The Book Of SMW Cap1: The Divine Essences [SMWC-Waiting 2026-03-18],Yes,No,No,Gloomyerr_,Gloomyerr_,Gloomyerr_,Standard: Newcomer (diff_1) (standard),37 exit(s),Standard,Newcomer,,/?p=section&a=details&id=41946,smwhacks,"['comedy', 'custom boss', 'custom music', 'hdma', 'some puzzles', 'sprites', 'smwc-waiting']",['dbaebc107e7825880be4c3a98a758e26b4d37e8b.bps'],['dbaebc107e7825880be4c3a98a758e26b4d37e8b.json'],4636KnW33HVsjMD6otNMqx4R0X1KjAqzvKNd5ig3Dkg
,1773794655,,41945,Rosalina's Gold Saga [SMWC-Waiting 2026-03-18],No,No,No,Tiozinho,Tiozinho,Tiozinho,Standard: Intermediate (diff_3) (standard),44 exit(s),Standard,Intermediate,,/?p=section&a=details&id=41945,smwhacks,"['custom boss', 'exgfx', 'exploration', 'portuguese', 'rosalina', 'vanilla', 'smwc-waiting']","['6ee4f7a213ef57b761e92cf3d316a756e1e28f31.bps', '31d09e819cd34c13bc5b67af7d41798866718b3f.bps']","['6ee4f7a213ef57b761e92cf3d316a756e1e28f31.json', '31d09e819cd34c13bc5b67af7d41798866718b3f.json']",hIW5ihCu6a4oKyv6dFgSGWCRyJPLwIlzdwrB0kBkUlc
,1773783068,,41933,Sakaya Sanctuary [SMWC-Waiting 2026-03-17],No,No,Yes,Jeff2342,"Jeff2342, JinRokhZenobi, RandomType, Saphros, Spedinja, TheTrueCommonSense, neidoodle, ocked",neidoodle,Kaizo: Expert (diff_5) (kaizo),20 exit(s),Kaizo,Expert,,/?p=section&a=details&id=41933,smwhacks,"['chocolate', 'yoshi', 'smwc-waiting']",['c7e6ca028ea6a39c9c805fb8e3be7fc036c50ba3.bps'],['c7e6ca028ea6a39c9c805fb8e3be7fc036c50ba3.json'],KqcY4Ix7dmySvDyuZ0otHBIpomaB6LhZX8qd4LtE9HY
,1773766648,,41929,Sonic Kaizo World [SMWC-Waiting 2026-03-17],No,No,No,sholmes,sholmes,sholmes,Kaizo: Advanced (diff_4) (kaizo),21 exit(s),Kaizo,Advanced,,/?p=section&a=details&id=41929,smwhacks,"['custom music', 'non mario', 'smwc-waiting']",['7deb4a08544e14f65e2f273900b8f993b66a0b7e.bps'],['7deb4a08544e14f65e2f273900b8f993b66a0b7e.json'],DERVlddo30_ZvhltkjbxzmuFugUQdbjsVqy5XWJH1fA
,1773327708,,41898,Tangle's Trip [SMWC-Waiting 2026-03-12],No,No,No,sholmes,sholmes,sholmes,Standard: Advanced (diff_4) (standard),11 exit(s),Standard,Advanced,,/?p=section&a=details&id=41898,smwhacks,"['hard', 'less exgfx', 'music', 'non mario', 'smwc-waiting']",['2d6f087583a350c7e7e441ab700f796054db64e6.bps'],['2d6f087583a350c7e7e441ab700f796054db64e6.json'],PzLeFutednYBVaZJh2DUzi4RLeG3XYKvC4K36RzArYw
,1773193549,,41890,Jam [SMWC-Waiting 2026-03-11],No,No,No,PopCorn181,PopCorn181,PopCorn181,Kaizo: Master (diff_6) (kaizo),14 exit(s),Kaizo,Master,,/?p=section&a=details&id=41890,smwhacks,"['cape', 'music', 'puzzle', 'shell', 'smwc-waiting']",['102f3cb4dd74f0e6b099d89cf295640b12b51e67.bps'],['102f3cb4dd74f0e6b099d89cf295640b12b51e67.json'],UnIkHZGObSF38n7X-kSXezSKgr5J7fpz60cusSq6jUU
,1773191926,,41889,On The Edge [SMWC-Waiting 2026-03-11],No,No,No,naBerada,naBerada,naBerada,Kaizo: Expert (diff_5) (kaizo),8 exit(s),Kaizo,Expert,,/?p=section&a=details&id=41889,smwhacks,"['shell', 'smwc-waiting']",['436b1553e4aad3a41f93a09835102203a70c0cbd.bps'],['436b1553e4aad3a41f93a09835102203a70c0cbd.json'],GuoANO2Em8fl-o3wak-yysmHTsMjNiUj-RizIr4eOqw
,1773174939,,41887,Rosalina's Gold Saga [SMWC-Waiting 2026-03-10],No,No,No,Tiozinho,Tiozinho,Tiozinho,Standard: Intermediate (diff_3) (standard),44 exit(s),Standard,Intermediate,,/?p=section&a=details&id=41887,smwhacks,"['exgfx', 'exploration', 'music', 'portuguese', 'rosalina', 'vanilla', 'smwc-waiting']","['beb93cc66e79b73a2850db3fbc22f0ac8b03b47e.bps', '653653506b3b6685213b00c1210659c15fcd5631.bps']","['beb93cc66e79b73a2850db3fbc22f0ac8b03b47e.json', '653653506b3b6685213b00c1210659c15fcd5631.json']",fBHfuW8D-bdex8LWVOw-njObRH1dHQY2ujJv9PJJ-TY
,1773132331,,41886,Super Weegle World (Demo Version) [SMWC-Waiting 2026-03-10],Yes,Yes,No,LennoxFoxwood,LennoxFoxwood,LennoxFoxwood,Standard: Intermediate (diff_3) (standard),8 exit(s),Standard,Intermediate,crude_content,/?p=section&a=details&id=41886,smwhacks,"['demo', 'gauntlet', 'no boss', 'sa-1', 'weegle', 'smwc-waiting']",['cb59ed697394fb5dc49cc119c3b03bab7f1a0fb2.bps'],['cb59ed697394fb5dc49cc119c3b03bab7f1a0fb2.json'],26vPqfxVtSgvq9JNEROtygngVxJeLeWJ9Qk3q2bcN9k
,1773115160,,41884,Super Xoxao World (demo) [SMWC-Waiting 2026-03-10],Yes,No,Yes,Mary's Dreamland,"Mary's Dreamland, xoxao, yagoquefazcoisas",Mary's Dreamland,Standard: Advanced (diff_4) (standard),3 exit(s),Standard,Advanced,suggestive_content,/?p=section&a=details&id=41884,smwhacks,['smwc-waiting'],['aa9fa56863f9d91c252fbd9ef06f1ddacc0abc21.bps'],['aa9fa56863f9d91c252fbd9ef06f1ddacc0abc21.json'],8RLMyZx1s5YZq2B9csKJhoAesWQHLqQZiDXW2IBF7wc
,1772323274,,41821,Sakaya Sanctuary [SMWC-Waiting 2026-03-01],No,No,Yes,Jeff2342,"Jeff2342, JinRokhZenobi, RandomType, Saphros, Spedinja, TheTrueCommonSense, neidoodle, ocked",neidoodle,Kaizo: Expert (diff_5) (kaizo),20 exit(s),Kaizo,Expert,,/?p=section&a=details&id=41821,smwhacks,"['chocolate', 'yoshi', 'smwc-waiting']",['e7d87f424fe3720916c9134f3848e1b8d7ce65f7.bps'],['e7d87f424fe3720916c9134f3848e1b8d7ce65f7.json'],JYDD_ZpLu_ua2HXq47R4iluaZvgp0w054UxwLKKIge0
,1772119245,,41805,BALL BUSTER [SMWC-Waiting 2026-02-26],No,Yes,No,NerDose,NerDose,NerDose,Kaizo: Expert (diff_5) (kaizo),9 exit(s),Kaizo,Expert,crude_content,/?p=section&a=details&id=41805,smwhacks,"['bosses', 'gimmick', 'smwc-waiting']",['e6113259a283e4d0fa276f0b8ec8876fb04b890d.bps'],['e6113259a283e4d0fa276f0b8ec8876fb04b890d.json'],5hTAhcPowHrGVmuAHLz1dwV2cDGiwIklcO_7-RU-dNI
,1771937931,,41782,PATHMAKER [SMWC-Waiting 2026-02-24],No,Yes,No,Tob,Tob,Tob,Puzzle: Intermediate (diff_3) (puzzle),5 exit(s),Puzzle,Intermediate,,/?p=section&a=details&id=41782,smwhacks,"['gimmick', 'puzzle', 'short', 'smwc-waiting']",['e3be873debb3dccbde626c5aa27b44b8d8593579.bps'],['e3be873debb3dccbde626c5aa27b44b8d8593579.json'],KmNspiyQoP3gBjkrP0r1cpAk3rzq6UBrXHBBn4HK5pE
,1771870558,,41768,Kirby quest:To brazil [SMWC-Waiting 2026-02-23],Yes,No,No,UGAGA MAN,UGAGA MAN,UGAGA MAN,Standard: Newcomer (diff_1) (standard),3 exit(s),Standard,Newcomer,,/?p=section&a=details&id=41768,smwhacks,"['demo', 'kirby', 'smwc-waiting']",['4a33ec6541c9afd2bc032c977975a565f00d74f3.bps'],['4a33ec6541c9afd2bc032c977975a565f00d74f3.json'],ApCzqwkW2tiAcX4T2bKkqm_zlYHJgbKwLjKm16JTkOA
,1771778682,,41743,Shell Or Die [SMWC-Waiting 2026-02-22],No,No,No,BielDusty,BielDusty,BielDusty,Kaizo: Master (diff_6) (kaizo),15 exit(s),Kaizo,Master,,/?p=section&a=details&id=41743,smwhacks,['smwc-waiting'],['ba76b307e05cbddc7f39a99a2cf23028445ecc7e.bps'],['ba76b307e05cbddc7f39a99a2cf23028445ecc7e.json'],Z8FohyJfdLs5FXrffYAdK020dLNV7ZmPXwXjYWpXMB0
,1771759007,,41739,The Crimson Castle [SMWC-Waiting 2026-02-22],No,No,No,Redspyda9,Redspyda9,Redspyda9,Kaizo: Master (diff_6) (kaizo),13 exit(s),Kaizo,Master,,/?p=section&a=details&id=41739,smwhacks,"['custom music', 'vanilla', 'smwc-waiting']",['4639af591be7a64d8840cdb976d9b9d93445ebba.bps'],['4639af591be7a64d8840cdb976d9b9d93445ebba.json'],wOWpEuMUv3jlbiqTWAPHXV-Hx0quMQPGnNG03SLdWG8
,1771723865,,41728,Lazycro [SMWC-Waiting 2026-02-22],No,No,No,MarioFan1337,MarioFan1337,MarioFan1337,Kaizo: Advanced (diff_4) (kaizo),26 exit(s),Kaizo,Advanced,,/?p=section&a=details&id=41728,smwhacks,"['custom asm', 'custom graphics', 'custom music', 'gimmick', 'smwc-waiting']",['f0aaa59b1012273c2fb1788db6bf1de0667a4ca8.bps'],['f0aaa59b1012273c2fb1788db6bf1de0667a4ca8.json'],0CAG_x8QAWOOx9I0HEhQ98fB1bzELfI7O9_nTGlzpv8
,1771593677,,41696,Walkabout [SMWC-Waiting 2026-02-20],No,No,No,SgN4T4N,SgN4T4N,SgN4T4N,Standard: Intermediate (diff_3) (standard),33 exit(s),Standard,Intermediate,,/?p=section&a=details&id=41696,smwhacks,"['custom music', 'no boss', 'traditional', 'smwc-waiting']",['c6b7ca7ef563c5a4202071398984efd5544a5af1.bps'],['c6b7ca7ef563c5a4202071398984efd5544a5af1.json'],zREAi8rUQV84GPAeWDpqrUp0BTyBWH4GFQ2R-JojaLo
,1771458055,,41657,SMW Voce Pode Pegar Todas? [SMWC-Waiting 2026-02-18],Yes,No,No,Total Player Silva,Total Player Silva,Total Player Silva,Puzzle: Advanced (diff_4) (puzzle),7 exit(s),Puzzle,Advanced,,/?p=section&a=details&id=41657,smwhacks,"['glich', 'metroidvania', 'puzzle', 'smwc-waiting']",['251c7f275dd107cc8a49320082d2ad7bf795855d.bps'],['251c7f275dd107cc8a49320082d2ad7bf795855d.json'],1oqX7FjtN-vrtkWOMV7lelVOZ5Be9IahCC0sxD2mQl0
,1771403138,,41627,TaleSpin [SMWC-Waiting 2026-02-18],No,No,No,uriel2k3,uriel2k3,uriel2k3,Kaizo: Grandmaster (diff_7) (kaizo),11 exit(s),Kaizo,Grandmaster,,/?p=section&a=details&id=41627,smwhacks,"['cape', 'kaizo', 'no boss', 'yoshi', 'smwc-waiting']",['e773bfe3a6b5f78437322b7de2273032b0dbb518.bps'],['e773bfe3a6b5f78437322b7de2273032b0dbb518.json'],ActlR7_U0mmFjL65jtmrZjg0qADEuHWOq3tUzYyvdkM
,1771013462,,41586,No exit theory [SMWC-Waiting 2026-02-13],No,No,No,Pizzagamer9791,Pizzagamer9791,Pizzagamer9791,Kaizo: Grandmaster (diff_7) (kaizo),7 exit(s),Kaizo,Grandmaster,,/?p=section&a=details&id=41586,smwhacks,"['hard', 'shell', 'smwc-waiting']",['59c1650f340b534bb95e328949eb6e030b14d2c3.bps'],['59c1650f340b534bb95e328949eb6e030b14d2c3.json'],8PBcSQlbWg-9TRrF5XcfBG8ocNH6z-crx-sndwxU_Og
,1770873447,,41573,Lazycro [SMWC-Waiting 2026-02-12],No,No,No,MarioFan1337,MarioFan1337,MarioFan1337,Kaizo: Advanced (diff_4) (kaizo),26 exit(s),Kaizo,Advanced,,/?p=section&a=details&id=41573,smwhacks,"['custom asm', 'custom graphics', 'custom music', 'gimmick', 'smwc-waiting']",['2c2939081049da88a953d0a6ae4288a49adea899.bps'],['2c2939081049da88a953d0a6ae4288a49adea899.json'],8wUDe3uuP3TRuhG8AROgsL8B0JUxOvDeyhgjMKs3iJQ
,1770869054,,41570,Song's to Die to [SMWC-Waiting 2026-02-12],No,No,No,YukiHidden,YukiHidden,YukiHidden,Kaizo: Expert (diff_5) (kaizo),9 exit(s),Kaizo,Expert,crude_content,/?p=section&a=details&id=41570,smwhacks,"['custom mus', 'gimmick', 'horror', 'shell', 'smwc-waiting']",['8f4f7d05f58b1a6cfe3ac55b256795e3b4bc97c6.bps'],['8f4f7d05f58b1a6cfe3ac55b256795e3b4bc97c6.json'],QBeVDDBqZ9A9fAfQ2cHa-wPs1YaT1lVo2LYyctO6_JA
,1770691346,,41560,Super Maizen Sisters 3: Our Friend Maron. [SMWC-Waiting 2026-02-10],No,No,No,thatwaterblockrk,thatwaterblockrk,thatwaterblockrk,Standard: Intermediate (diff_3) (standard),47 exit(s),Standard,Intermediate,,/?p=section&a=details&id=41560,smwhacks,"['are', 'best song', 'block', 'good', 'long game', 'okay', 'that', 'traditional', 'two players', 'water', 'smwc-waiting']",['e8d39a3e6c67984317cce696fab8dd47b56bea81.bps'],['e8d39a3e6c67984317cce696fab8dd47b56bea81.json'],Lp6iJi787oEIo6uAJ1hnhYZUFJuLs0pXr92nY5Gd5HI
,1770156044,,41532,Obstacle Courses for Anti-Gravity Horses [SMWC-Waiting 2026-02-03],No,No,Yes,IkeSMB,"IkeSMB, NixKillsMyths, flips_bad, magicker72",NixKillsMyths,"Standard, Kaizo: Grandmaster (diff_7) (standard, kaizo)",13 exit(s),"Standard, Kaizo",Grandmaster,,/?p=section&a=details&id=41532,smwhacks,"['cape', 'custom music', 'gauntlet', 'gimmick', 'glitch', 'no boss', 'non-platformer', 'yoshi', 'smwc-waiting']",['88199c59b6d7437040b7f101acf8202155df1ef8.bps'],['88199c59b6d7437040b7f101acf8202155df1ef8.json'],QCk97xQjWe9wtoOh6mTo8IRLj6Se4vs4c21w1LOpmjk
,1770141294,,41531,Super Duper Mario World DEMO [SMWC-Waiting 2026-02-03],Yes,Yes,No,SuperWaluigiBro,SuperWaluigiBro,SuperWaluigiBro,Standard: Intermediate (diff_3) (standard),10 exit(s),Standard,Intermediate,,/?p=section&a=details&id=41531,smwhacks,"['custom music', 'gimmick', 'smwc-waiting']",['a9f36cc018590fb6d616f1744ff4c7c8f11d10c2.bps'],['a9f36cc018590fb6d616f1744ff4c7c8f11d10c2.json'],VUn77-jk3Fy7i4ybsGcIYCjHz8eo3tnyW8F0rXvNWE0
,1770141085,,41530,Super AgeVerrly World [SMWC-Waiting 2026-02-03],No,No,No,ageVerrly,ageVerrly,ageVerrly,Kaizo: Grandmaster (diff_7) (kaizo),39 exit(s),Kaizo,Grandmaster,"suggestive_content, crude_content, photosensitivity, sexual_content, violence",/?p=section&a=details&id=41530,smwhacks,"['custom music', 'gauntlet', 'glitch', 'joke', 'precision', 'vanilla', 'variety', 'smwc-waiting']",['bfc99e892b7345b1736c906f3dfd3745916f07fa.bps'],['bfc99e892b7345b1736c906f3dfd3745916f07fa.json'],20iLM48dTPkxIyk3lmfZmfIN79eaDQGkx2rFwN2h_MQ
,1769899013,,41515,Jumpscare [SMWC-Waiting 2026-01-31],No,Yes,No,Gasterus155,Gasterus155,Gasterus155,Kaizo: Master (diff_6) (kaizo),12 exit(s),Kaizo,Master,,/?p=section&a=details&id=41515,smwhacks,"['custom', 'do not play it if you dont like trolls', 'maaaaaaaaariiiiiiiiiiiiiiiisssssssssaaaaaaaaa', 'music', 'troll', 'smwc-waiting']",['ee75a061ea99a0b324bd6c7b6d76b49adef0a0d0.bps'],['ee75a061ea99a0b324bd6c7b6d76b49adef0a0d0.json'],q7eZ1R1bb_6oPXXyGZG4quUC5GasYG99AlW700gXQPU
,1769092483,,41467,Super Ordinary World [SMWC-Waiting 2026-01-22],No,Yes,No,Pottsie,Pottsie,Pottsie,Kaizo: Advanced (diff_4) (kaizo),14 exit(s),Kaizo,Advanced,,/?p=section&a=details&id=41467,smwhacks,"['platformer', 'shell stuff', 'smwc-waiting']",['3e0eb9c65e9ccb5d9f90a5602a99f15392c93515.bps'],['3e0eb9c65e9ccb5d9f90a5602a99f15392c93515.json'],esBiQQ7E1Gn9Rq9vmmUQP2AHZvmptr6eSNBtRgTgDvA
,1768746503,,41441,Super Ordinary World [SMWC-Waiting 2026-01-18],No,Yes,No,Pottsie,Pottsie,Pottsie,Kaizo: Advanced (diff_4) (kaizo),14 exit(s),Kaizo,Advanced,,/?p=section&a=details&id=41441,smwhacks,"['kaizo', 'platformer', 'shell stuff', 'smwc-waiting']",['a89b55934eec688d3ecf9076fec64d7c4a9eef1c.bps'],['a89b55934eec688d3ecf9076fec64d7c4a9eef1c.json'],WKsHxA-IEHg4Gu1v1pSZKlW26Y1Omp8lyfIwFCPbsnk
,1768730340,,41440,Shell'S 4 KidUlt'S [SMWC-Waiting 2026-01-18],No,No,No,nets,nets,nets,Kaizo: Expert (diff_5) (kaizo),4 exit(s),Kaizo,Expert,,/?p=section&a=details&id=41440,smwhacks,"['kaizo', 'shells', 'smwc-waiting']",['2e687c5c0de37d92781b53d5695ca5a7735bc73c.bps'],['2e687c5c0de37d92781b53d5695ca5a7735bc73c.json'],49Zf2Jt3X8ffvPE7uvQSLJlfWopapdcJd1nY229vV5Y
,1768604657,,41434,Super Mario Super Quest Demo V.2 [SMWC-Waiting 2026-01-16],Yes,No,No,Greeeen,Greeeen,Greeeen,Standard: Casual (diff_2) (standard),24 exit(s),Standard,Casual,,/?p=section&a=details&id=41434,smwhacks,['smwc-waiting'],['fca8da14353877559899c944f8480fadb76e7f7a.bps'],['fca8da14353877559899c944f8480fadb76e7f7a.json'],3wVF8FK8SFbsVvek4E4fOw5E2WlCnjNF2b-Ae1EmjGg
,1768523728,,41429,Valuable and Beautiful [SMWC-Waiting 2026-01-16],No,No,No,CarlSagan42,CarlSagan42,CarlSagan42,Kaizo: Master (diff_6) (kaizo),11 exit(s),Kaizo,Master,,/?p=section&a=details&id=41429,smwhacks,['smwc-waiting'],['4821422731ec7f2dabe62e8ab396967dce27ad9c.bps'],['4821422731ec7f2dabe62e8ab396967dce27ad9c.json'],osmRydFEeviQW2kYa1HsaDjhj1pOCBYMbQAqa9n9O9M
,,15 Jan 2026,41423,Super Mario World Panico en Yoshi's Island,,,,Greeeen,Greeeen,,,,,Standard,,/?p=section&a=details&id=41423,,,['7d40c80e942dcfe56d8c8c2c3086a25069a301a1.bps'],['7d40c80e942dcfe56d8c8c2c3086a25069a301a1.json'],
,1768442636,,41421,Super Ordinary World [SMWC-Waiting 2026-01-15],No,Yes,No,Pottsie,Pottsie,Pottsie,Kaizo: Advanced (diff_4) (kaizo),14 exit(s),Kaizo,Advanced,,/?p=section&a=details&id=41421,smwhacks,"['kaizo', 'platformer', 'smwc-waiting']",['e8d103f734a086881b7bfae0976d2bced6bae8d4.bps'],['e8d103f734a086881b7bfae0976d2bced6bae8d4.json'],1IsiPjCMaPMn2MsuefNyZatPu2J3ih8pfAz2-YjfKuc
,1768351812,,41420,Valuable and Beautiful [SMWC-Waiting 2026-01-14],No,Yes,No,CarlSagan42,CarlSagan42,CarlSagan42,Kaizo: Master (diff_6) (kaizo),11 exit(s),Kaizo,Master,,/?p=section&a=details&id=41420,smwhacks,['smwc-waiting'],['d395e4c761df5e2d568fdc14b96641188cf61ea4.bps'],['d395e4c761df5e2d568fdc14b96641188cf61ea4.json'],oNYoZAZiDS9y96qpesOSohgP3Vn6HkXKV1gLKjbdvwc
,1768111912,,41413,Lost Paths [SMWC-Waiting 2026-01-11],No,No,No,Chuycraft,Chuycraft,Chuycraft,Standard: Advanced (diff_4) (standard),80 exit(s),Standard,Advanced,photosensitivity,/?p=section&a=details&id=41413,smwhacks,"['bosses', 'custom music', 'gimmick', 'traditional', 'smwc-waiting']",['bee09c6ea62348ce63552929f815f29c144283f1.bps'],['bee09c6ea62348ce63552929f815f29c144283f1.json'],Msk77nbpDaDQ_tLN8rhQjdlpB9fklbqWFGXZbQIyF18
,1768028074,,41409,Song's to Die to [SMWC-Waiting 2026-01-10],No,No,No,YukiHidden,YukiHidden,YukiHidden,Kaizo: Advanced (diff_4) (kaizo),4 exit(s),Kaizo,Advanced,photosensitivity,/?p=section&a=details&id=41409,smwhacks,['smwc-waiting'],['bd6d79c1a2e38dbba22b34000457afb7505cd596.bps'],['bd6d79c1a2e38dbba22b34000457afb7505cd596.json'],tRem5VYdzrb72omUyPfaPbs4WWPPicrv7oLk_5V0boA
,1767776513,,41390,Tis A Silly Place [SMWC-Waiting 2026-01-07],No,Yes,Yes,CarlSagan42,CarlSagan42,CarlSagan42,Standard: Casual (diff_2) (standard),1 exit(s),Standard,Casual,suggestive_content,/?p=section&a=details&id=41390,smwhacks,['smwc-waiting'],['748869f7c10115c64944a59b52e4ac649c1a6304.bps'],['748869f7c10115c64944a59b52e4ac649c1a6304.json'],WMLcF6nUijydSytZtd_jJTzYOFBA0Fh-Ne_VB4Fj34Q
,1767256778,,41363,Super Fern World [SMWC-Waiting 2026-01-01],No,No,No,Fernchess,Fernchess,Fernchess,Standard: Casual (diff_2) (standard),5 exit(s),Standard,Casual,photosensitivity,/?p=section&a=details&id=41363,smwhacks,"['troll', 'smwc-waiting']",['c2564fb32ebdd1851ed8ebc12331a22ad10c433b.bps'],['c2564fb32ebdd1851ed8ebc12331a22ad10c433b.json'],capKO1DkXEver_KniTg_ePWjjSeXvQu3Q_iolVuW7ok
,1767235210,,41362,Big Bad Danger Mountain [SMWC-Waiting 2026-01-01],No,No,No,Gwusbwth,Gwusbwth,Gwusbwth,Standard: Intermediate (diff_3) (standard),5 exit(s),Standard,Intermediate,,/?p=section&a=details&id=41362,smwhacks,['smwc-waiting'],['e8da924ac33e61d322a07c7fbfe02f128f6b8bef.bps'],['e8da924ac33e61d322a07c7fbfe02f128f6b8bef.json'],EpIYtrWeRD0hRqdV0XYy60HJa3pc4A9YgGBP4z4cI8o
,,25 Dec 2025,41330,Aventureiro Mario - Especial de Natal,,,,,"Dev154, dev15",,,,,Standard,,/?p=section&a=details&id=41330,,,['a71f00cd523267bb198fdbf8c52f7fcb6100844d.bps'],['a71f00cd523267bb198fdbf8c52f7fcb6100844d.json'],
,,20 Dec 2025,41301,Blackout Shells,,,,,flavioinsanity,,,,,Kaizo,,/?p=section&a=details&id=41301,,,['16815ffed181ac2393e25ef12f5b3c442cc6d65b.bps'],['16815ffed181ac2393e25ef12f5b3c442cc6d65b.json'],
,,18 Dec 2025,41288,SMW but no floor,,,,,Ninos_world,,,,,Kaizo,,/?p=section&a=details&id=41288,,,['3bcf562aeb3017fdc490eb7d334994bacd7bd8b4.bps'],['3bcf562aeb3017fdc490eb7d334994bacd7bd8b4.json'],
,,12 Dec 2025,41264,Super Mario World 3: Bowser's Revenge DEMO v0.4,,,,,MeteorSmasher4,,,,,Standard,,/?p=section&a=details&id=41264,,,['48a3086de1ef9f3ca08460da2ee9120a72fad61a.bps'],['48a3086de1ef9f3ca08460da2ee9120a72fad61a.json'],
,,12 Dec 2025,41265,Heve a room,,,,,Joseph yut,,,,,"Kaizo, Puzzle",,/?p=section&a=details&id=41265,,,['2362d9ee29c90a8c95825b0f80a6262b4a1e4a7d.bps'],['2362d9ee29c90a8c95825b0f80a6262b4a1e4a7d.json'],
,,09 Dec 2025,41248,Yoshi Rules!,,,,,batman004257,,,,,Standard,,/?p=section&a=details&id=41248,,,['f4a3985ba1bad7fd9b9a9e70b1838e781fdd365b.bps'],['f4a3985ba1bad7fd9b9a9e70b1838e781fdd365b.json'],
,,09 Dec 2025,41251,Super Peach World 1.5: Peach In Her New World,,,,,Cristo Gamer,,,,,Standard,,/?p=section&a=details&id=41251,,,['202a59892a728d18874695ce21df0aeeb4a30e9b.bps'],['202a59892a728d18874695ce21df0aeeb4a30e9b.json'],
,,06 Dec 2025,41229,Wario Style Stages Proof of Concept,,,,,videomaker580,,,,,Standard,,/?p=section&a=details&id=41229,,,['5479929080320c5ee8501777d8bb5167a225a41c.bps'],['5479929080320c5ee8501777d8bb5167a225a41c.json'],
,,02 Dec 2025,41202,Super Color World 1.1,,,,,videomaker580,,,,,Kaizo,,/?p=section&a=details&id=41202,,,['5162367e72933f5ffb0251e35a052dc3dd0d337b.bps'],['5162367e72933f5ffb0251e35a052dc3dd0d337b.json'],
,,02 Dec 2025,41200,Super Cole World (U) [!,,,,,SuperCole304,,,,,Standard,,/?p=section&a=details&id=41200,,,['31ff0019025a8c8cd65df86a0e1da6b2dff930dd.bps'],['31ff0019025a8c8cd65df86a0e1da6b2dff930dd.json'],
,,30 Nov 2025,41190,Band Practice (Demo),,,,,qbear,,,,,Kaizo,,/?p=section&a=details&id=41190,,,['50d0dc606f3fe476cc9cea3208112510d0a9db61.bps'],['50d0dc606f3fe476cc9cea3208112510d0a9db61.json'],
,,28 Nov 2025,41140,Aventureiro Mario 9 - Kooper ao Resgate,,,,,"Dev154, dev15",,,,,Standard,,/?p=section&a=details&id=41140,,,['8ba4762be322278cc2b179f59730841a8d11f870.bps'],['8ba4762be322278cc2b179f59730841a8d11f870.json'],
,,28 Nov 2025,41141,Aventureiro Mario 10,,,,,"Dev154, dev15",,,,,Standard,,/?p=section&a=details&id=41141,,,['6c3cd84c8d8b8ccfee370bf3edf1781a6b95e045.bps'],['6c3cd84c8d8b8ccfee370bf3edf1781a6b95e045.json'],
,,27 Nov 2025,41118,Super Mario World Bootleg ROM.smc,,,,,RGA-2011,,,,,Standard,,/?p=section&a=details&id=41118,,,['f742a90ff0466f1f8cc77453b2b15401ae2ca66a.bps'],['f742a90ff0466f1f8cc77453b2b15401ae2ca66a.json'],
,,10 Nov 2025,41010,Sorry not Sorry,,,,,LukeSauce,,,,,Puzzle,,/?p=section&a=details&id=41010,,,['d5add1bb4d796e28959a3ad9b392bc49d4c6ca44.bps'],['d5add1bb4d796e28959a3ad9b392bc49d4c6ca44.json'],
,,09 Nov 2025,41003,zef's ''Fennekin Kaizo World'' Nostaligia Redump,,,,,zefennekinfan1,,,,,Tool-Assisted,,/?p=section&a=details&id=41003,,,['1ae913cfc7b93b737ae5d91b381a5cd04e539396.bps'],['1ae913cfc7b93b737ae5d91b381a5cd04e539396.json'],
,,05 Nov 2025,40961,Super Mario DX,,,,,Reynner Contreras,,,,,Standard,,/?p=section&a=details&id=40961,,,['74e9ddc2ceff0650f141e6f8d1744bbc089554d2.bps'],['74e9ddc2ceff0650f141e6f8d1744bbc089554d2.json'],
,,02 Nov 2025,40935,World,,,,,DarkX,,,,,Standard,,/?p=section&a=details&id=40935,,,['1e99e16c683108b6c9e6369ee059a276eb54f084.bps'],['1e99e16c683108b6c9e6369ee059a276eb54f084.json'],
,,29 Oct 2025,40903,Super Mario World: The Halloween Quest 25' Edition,,,,,Hawkathone,,,,,Standard,,/?p=section&a=details&id=40903,,,['2f0af01fb03d6f1852ccf8bc5a0fc5c31a88029a.bps'],['2f0af01fb03d6f1852ccf8bc5a0fc5c31a88029a.json'],
,,28 Oct 2025,40893,HEHEYYEYAAEYAAAEYAEYAA,,,,,16GAMES,,,,,Puzzle,,/?p=section&a=details&id=40893,,,['880f70dbeff5ec5d66c4a801c78b767d45603e00.bps'],['880f70dbeff5ec5d66c4a801c78b767d45603e00.json'],
,,17 Oct 2025,40819,Super Windows 95 World,,,,,jogos antigos,,,,,Standard,,/?p=section&a=details&id=40819,,,['ee80bb0310b48c17cc2cef1f067d5f08438d4e96.bps'],['ee80bb0310b48c17cc2cef1f067d5f08438d4e96.json'],
,,14 Oct 2025,40794,Easy Three Screen Puzzle,,,,,Magikey,,,,,"Puzzle, Tool-Assisted, Pit",,/?p=section&a=details&id=40794,,,['292ffa71fc55ebecfb03a9aca6f371953bd3ba1e.bps'],['292ffa71fc55ebecfb03a9aca6f371953bd3ba1e.json'],
,,01 Oct 2025,40725,Super N3TS World v2 FIX!,,,,,nets,,,,,Kaizo,,/?p=section&a=details&id=40725,,,['5944dcd87a37cdd6ba50476a4ad2717fc93fbdea.bps'],['5944dcd87a37cdd6ba50476a4ad2717fc93fbdea.json'],
,,01 Oct 2025,40724,Super Mario World 12 Beta 1,,,,,F12,,,,,Standard,,/?p=section&a=details&id=40724,,,['bf0b879c16471810db1bcdd879091a67273aa1df.bps'],['bf0b879c16471810db1bcdd879091a67273aa1df.json'],
,,28 Sep 2025,40681,"Super Peach World (1990, Classic Edition, v1.2 Refixed)",,,,,Rodolfo Gallegos,,,,,Standard,,/?p=section&a=details&id=40681,,,['e79d53552c9a5978637b9bf2b1f76c97277e13c4.bps'],['e79d53552c9a5978637b9bf2b1f76c97277e13c4.json'],
,,28 Sep 2025,40680,Super N3TS World v2,,,,,"luisparra666, nets",,,,,Kaizo,,/?p=section&a=details&id=40680,,,['3ea047450eef96e7d628f1dea7d9dd8d887055be.bps'],['3ea047450eef96e7d628f1dea7d9dd8d887055be.json'],
,,26 Aug 2025,40476,Impossible Super Mario World,,,,,kimkyujin,,,,,Kaizo,,/?p=section&a=details&id=40476,,,['b3a0a865e5a3f9825e11941251de1038dae17129.bps'],['b3a0a865e5a3f9825e11941251de1038dae17129.json'],
,,22 Aug 2025,40318,Super Foreag World,,,,,MarioFan1337,,,,,Kaizo,,/?p=section&a=details&id=40318,,,['0a30227f0129840a302bf86dd23fb62b67bdf67d.bps'],['0a30227f0129840a302bf86dd23fb62b67bdf67d.json'],
,,20 Aug 2025,40303,Easy Mario,,,,,Joseph yut,,,,,Tool-Assisted,,/?p=section&a=details&id=40303,,,['a88f36ca5a16de3e0e23f93ed153534ad474c43e.bps'],['a88f36ca5a16de3e0e23f93ed153534ad474c43e.json'],
,,17 Aug 2025,40289,normal mario world,,,,,kimkyujin,,,,,Kaizo,,/?p=section&a=details&id=40289,,,['4c1d42299ffff01d8e79994a9acca91b81149150.bps'],['4c1d42299ffff01d8e79994a9acca91b81149150.json'],
,,16 Aug 2025,40288,Jumpscare,,,,,Gasterus155,,,,,Kaizo,,/?p=section&a=details&id=40288,,,['dd5565423a0fe877526b2a7b0b4aed0ba43fd82f.bps'],['dd5565423a0fe877526b2a7b0b4aed0ba43fd82f.json'],
,,15 Aug 2025,40280,Peach's Challenging Quiz And Easy Kaizoes!,,,,,Rodolfo Gallegos,,,,,Kaizo,,/?p=section&a=details&id=40280,,,['1c4c85fd35f600388ee6ced44642ac33919cd930.bps'],['1c4c85fd35f600388ee6ced44642ac33919cd930.json'],
,,02 Aug 2025,40220,taktic world,,,,,taktic2smwc,,,,,Kaizo,,/?p=section&a=details&id=40220,,,['89494955c945c7165c2deead145b4e2c606fd666.bps'],['89494955c945c7165c2deead145b4e2c606fd666.json'],
,,31 Jul 2025,40206,KOREHA,,,,,steelsburg,,,,,Puzzle,,/?p=section&a=details&id=40206,,,['922992b8bf99806f16fe4ee6a8cc64ebdfa59e48.bps'],['922992b8bf99806f16fe4ee6a8cc64ebdfa59e48.json'],
,,13 Jul 2025,40104,Mario Normal Hack,,,,,GabrielTurista4,,,,,Standard,,/?p=section&a=details&id=40104,,,['48fed97e6791ddd8fde2c500a90a52d18bd06194.bps'],['48fed97e6791ddd8fde2c500a90a52d18bd06194.json'],
,,08 Jul 2025,40079,Super Brame World,,,,,PixelFhacks,,,,,Kaizo,,/?p=section&a=details&id=40079,,,['8251de0fe1f9e47fc8bc51b305acc7983347a706.bps'],['8251de0fe1f9e47fc8bc51b305acc7983347a706.json'],
,,07 Jul 2025,40074,Super Rehash World Demo 1,,,,,Quite430Goo,,,,,Standard,,/?p=section&a=details&id=40074,,,['5e2cf8b48e27f9bb4de4801b7524833b527b663e.bps'],['5e2cf8b48e27f9bb4de4801b7524833b527b663e.json'],
,,05 Jul 2025,40064,Super Bluestreak Bros,,,,,jasonfaro2015,,,,,Standard,,/?p=section&a=details&id=40064,,,['685bb2d3d3ce6e5e2381511db1b1ea0c10ec2804.bps'],['685bb2d3d3ce6e5e2381511db1b1ea0c10ec2804.json'],
,,03 Jul 2025,40055,Super Maizen Sisters 2: Escape The Dream!,,,,,None,,,,,Standard,,/?p=section&a=details&id=40055,,,['d7a8500bd5e0de25611770833f34fa7c000795a2.bps'],['d7a8500bd5e0de25611770833f34fa7c000795a2.json'],
,,30 Jun 2025,40048,June 1th Demo,,,,,Shvan Vabbit,,,,,Standard,,/?p=section&a=details&id=40048,,,['b2b9ae960a32b88d3a2671abd7f9b6fb7e6b0318.bps'],['b2b9ae960a32b88d3a2671abd7f9b6fb7e6b0318.json'],
,,27 Jun 2025,40025,Moltov Mario World REMASTERED,,,,,GuilhermeYT,,,,,Tool-Assisted: Kaizo,,/?p=section&a=details&id=40025,,,['ce3c22806d12c78d6ac7314bb6578d6bd534fb8a.bps'],['ce3c22806d12c78d6ac7314bb6578d6bd534fb8a.json'],
,,26 Jun 2025,40019,Super Wood World,,,,,Craftyimposter,,,,,Standard: Easy,,/?p=section&a=details&id=40019,,,['38b191e200f39d7c3a61598151c9b38ef831c825.bps'],['38b191e200f39d7c3a61598151c9b38ef831c825.json'],
,,17 Jun 2025,39991,Super BeeBoo World,,,,,BeeBoo190,,,,,Standard: Normal,,/?p=section&a=details&id=39991,,,['df1863c28e645b33d5a298ff92204edbbb47410a.bps'],['df1863c28e645b33d5a298ff92204edbbb47410a.json'],
,,04 Jun 2025,39937,Super Mario Craziness,,,,,GabrielTurista4,,,,,Standard: Normal,,/?p=section&a=details&id=39937,,,['ffc48deafc2a47658c4e8d4bd980376b4bac58ef.bps'],['ffc48deafc2a47658c4e8d4bd980376b4bac58ef.json'],
,,04 Jun 2025,39942,Super Mario World Style Nes (USA),,,,,Rva921,,,,,Standard: Easy,,/?p=section&a=details&id=39942,,,['b7419891f6f6fafc422da7e04383d5f1c3657d26.bps'],['b7419891f6f6fafc422da7e04383d5f1c3657d26.json'],
,,28 May 2025,39902,Super Bros Mario Bird World,,,,,16GAMES,,,,,Misc.: Puzzle,,/?p=section&a=details&id=39902,,,['8b8fce0b924878509d3cf28ced26974d880c2870.bps'],['8b8fce0b924878509d3cf28ced26974d880c2870.json'],
,,26 May 2025,39890,Super 380,,,,,ToadOMG,,,,,Standard: Hard,,/?p=section&a=details&id=39890,,,['83a96dc2136efaa1cc55adbf527b7f43f66fe990.bps'],['83a96dc2136efaa1cc55adbf527b7f43f66fe990.json'],
,,22 May 2025,39878,Sponge's Quest,,,,,MasterLance2025,,,,,Standard: Hard,,/?p=section&a=details&id=39878,,,['9059f3e9af4dc5d0cf171a74df393cb667bf54ea.bps'],['9059f3e9af4dc5d0cf171a74df393cb667bf54ea.json'],
,,22 May 2025,39880,The Tales of Mario and Luigi: Highway to Heaven,,,,,None,,,,,Standard: Easy,,/?p=section&a=details&id=39880,,,['efc315bd774a280b024d7a5bae1c36e2eed9f619.bps'],['efc315bd774a280b024d7a5bae1c36e2eed9f619.json'],
,,21 May 2025,39877,THROWING HANDS,,,,,Xulon,,,,,Standard: Very Hard,,/?p=section&a=details&id=39877,,,['16f72a7e6fef704e613d4dbf08c9e481b1e32591.bps'],['16f72a7e6fef704e613d4dbf08c9e481b1e32591.json'],
,,17 May 2025,39856,Chaos Control,,,,,sholmes,,,,,Kaizo: Intermediate,,/?p=section&a=details&id=39856,,,['4b5cf59f860274926288e450ee055414d7522a5c.bps'],['4b5cf59f860274926288e450ee055414d7522a5c.json'],
,,10 May 2025,39826,super mario bros ultimate kaizo(pt-br),,,,,matheussmwc201,,,,,Kaizo: Expert,,/?p=section&a=details&id=39826,,,['67cf1034d0e6b428bff60cb21e03e3c75290d958.bps'],['67cf1034d0e6b428bff60cb21e03e3c75290d958.json'],
,,10 May 2025,39829,Super Koopa Land - Demo 1,,,,,ale,,,,,Standard: Normal,,/?p=section&a=details&id=39829,,,['1c2d3df31e20385f929d28cabb2a672820492afe.bps'],['1c2d3df31e20385f929d28cabb2a672820492afe.json'],
,,24 Apr 2025,39781,SMW Tweaked,,,,,SusHat77,,,,,Standard: Normal,,/?p=section&a=details&id=39781,,,['fd1fcdb9b58070fba861251c9049b75313389f75.bps'],['fd1fcdb9b58070fba861251c9049b75313389f75.json'],
,,21 Apr 2025,39763,Super Xoxao World,,,,,Mary's Dreamland,,,,,Standard: Normal,,/?p=section&a=details&id=39763,,,['3d7c3db050b90a590f3579eaf0c3424980a0f30e.bps'],['3d7c3db050b90a590f3579eaf0c3424980a0f30e.json'],
,,20 Apr 2025,39761,Mario YOUR Mustache!,,,,,Bobilovemario,,,,,Standard: Normal,,/?p=section&a=details&id=39761,,,['51b589ae5b8b12a6d262e1cd8ec0d02ea278ea0e.bps'],['51b589ae5b8b12a6d262e1cd8ec0d02ea278ea0e.json'],
,,16 Apr 2025,39749,Super Wallclip,,,,,ale,,,,,Standard: Easy,,/?p=section&a=details&id=39749,,,['d23e93330e4358afba6464a85925fca7d8433f97.bps'],['d23e93330e4358afba6464a85925fca7d8433f97.json'],
,,16 Apr 2025,39750,Super Gafe World,,,,,MarioRio131,,,,,Standard: Normal,,/?p=section&a=details&id=39750,,,['02312cf1010198958796256e5492e371fae4ad28.bps'],['02312cf1010198958796256e5492e371fae4ad28.json'],
,,13 Apr 2025,39732,You Have No Life,,,,,lmendo,,,,,Kaizo: Intermediate,,/?p=section&a=details&id=39732,,,['1214c16355cbb248fe724e87b5a774051407bfe2.bps'],['1214c16355cbb248fe724e87b5a774051407bfe2.json'],
,,06 Apr 2025,39700,The Big Mistake I Made In My Life,,,,,Gasterus155,,,,,Kaizo: Expert,,/?p=section&a=details&id=39700,,,['f54b15cea23df8d967de815d464c2000addba39d.bps'],['f54b15cea23df8d967de815d464c2000addba39d.json'],
,,02 Apr 2025,39688,stop. [first 'scary' romhack,,,,,ale,,,,,Standard: Easy,,/?p=section&a=details&id=39688,,,['38974086a54314e305a5c4db735873268ae0af7d.bps'],['38974086a54314e305a5c4db735873268ae0af7d.json'],
,,31 Mar 2025,39676,96 Shells,,,,,HmWhyNot,,,,,"Kaizo: Beginner, Kaizo: Intermediate, Kaizo: Expert, Misc.: Troll",,/?p=section&a=details&id=39676,,,['c478efe3046f799079a11bbbe6f12d8c78317677.bps'],['c478efe3046f799079a11bbbe6f12d8c78317677.json'],
,,29 Mar 2025,39657,Super Mario in Yoshi's Island 2 World Demo 1,,,,,Link13,,,,,Standard: Normal,,/?p=section&a=details&id=39657,,,['da71c3c0162b46629f9c7622f68bc333d338b812.bps'],['da71c3c0162b46629f9c7622f68bc333d338b812.json'],
,,24 Mar 2025,39633,Super Mario Colors 2 Adventure Yoshi Mission,,,,,Ashura4126,,,,,Standard: Hard,,/?p=section&a=details&id=39633,,,['a3e240ba523f2c9d81978418bd434a590a535635.bps'],['a3e240ba523f2c9d81978418bd434a590a535635.json'],
,,22 Mar 2025,39613,super tiny world,,,,,None,,,,,Standard: Easy,,/?p=section&a=details&id=39613,,,['1cb1f835f815512fa45eecf356ef726dd5e347e2.bps'],['1cb1f835f815512fa45eecf356ef726dd5e347e2.json'],
,,22 Mar 2025,39618,Super Mario World: Return to Mushroom Kingdom DEMO,,,,,megfan2008,,,,,Standard: Normal,,/?p=section&a=details&id=39618,,,['04ff4b1322d229ce23e9051168e759d59fba9275.bps'],['04ff4b1322d229ce23e9051168e759d59fba9275.json'],
,,21 Mar 2025,39605,Bernardo's World,,,,,VGHack,,,,,Standard: Easy,,/?p=section&a=details&id=39605,,,['504cf0d56edd4ded4eb85d7309cf909d26d5d5b7.bps'],['504cf0d56edd4ded4eb85d7309cf909d26d5d5b7.json'],
,,21 Mar 2025,39607,Super Maizen Sisters: Save The World Under 72 Hours!,,,,,thatwaterblockrk,,,,,Standard: Hard,,/?p=section&a=details&id=39607,,,['495411d8253dc0b4b8e5197aa3b9bbcce96609bd.bps'],['495411d8253dc0b4b8e5197aa3b9bbcce96609bd.json'],
,,21 Mar 2025,39608,Super Mario Colors Adventure,,,,,Ashura4126,,,,,Standard: Very Hard,,/?p=section&a=details&id=39608,,,['b033dff24af43ad52b1b51350b5e127fd047978b.bps'],['b033dff24af43ad52b1b51350b5e127fd047978b.json'],
,,08 Mar 2025,39540,hyper mario,,,,,luigi's mansions 9054,,,,,Standard: Easy,,/?p=section&a=details&id=39540,,,['93748a5ce28c4a441290416565f2eda3a706371c.bps'],['93748a5ce28c4a441290416565f2eda3a706371c.json'],
,,07 Mar 2025,39525,World of Wonder,,,,,Craftyimposter,,,,,Standard: Easy,,/?p=section&a=details&id=39525,,,['816d4ed471cc8cecd11c92ddcb7aa3f9f37e1ddb.bps'],['816d4ed471cc8cecd11c92ddcb7aa3f9f37e1ddb.json'],
,,07 Mar 2025,39539,A Very Special Mario World (v0.3),,,,,PyroKastrix,,,,,Standard: Normal,,/?p=section&a=details&id=39539,,,['2543e221f56bde94e1bab36a75c32f966263ac8d.bps'],['2543e221f56bde94e1bab36a75c32f966263ac8d.json'],
,,05 Mar 2025,39515,Le plume,,,,,None,,,,,Kaizo: Intermediate,,/?p=section&a=details&id=39515,,,['8e39a290eef5e80c66db2361947c8922732fb2f0.bps'],['8e39a290eef5e80c66db2361947c8922732fb2f0.json'],
,,25 Feb 2025,39462,Super Mario Floats Anywhere!,,,,,luukzmithv,,,,,Kaizo: Intermediate,,/?p=section&a=details&id=39462,,,['58f1c07078a55dff55b619016cda408a5b01782a.bps'],['58f1c07078a55dff55b619016cda408a5b01782a.json'],
,,23 Feb 2025,39440,"Super Mario world, Fern style",,,,,Fernchess,,,,,Standard: Easy,,/?p=section&a=details&id=39440,,,['1fc5fadb179fa9fa5f433a3690f4c637163b26e3.bps'],['1fc5fadb179fa9fa5f433a3690f4c637163b26e3.json'],
,,23 Feb 2025,39444,Mario e Luigi queijo lunar,,,,,AbiLee,,,,,Kaizo: Intermediate,,/?p=section&a=details&id=39444,,,['70c80e95d4392043e681e25063a469838694406c.bps'],['70c80e95d4392043e681e25063a469838694406c.json'],
,,16 Feb 2025,39327,kaizo mario must die 2,,,,,gustavo2011smw,,,,,Tool-Assisted: Kaizo,,/?p=section&a=details&id=39327,,,['06fb42338df1bd99cf224dc2e494be3499b60ca6.bps'],['06fb42338df1bd99cf224dc2e494be3499b60ca6.json'],
,,15 Feb 2025,39299,Super Mario World 2025: Stage 1-72,,,,,None,,,,,Standard: Normal,,/?p=section&a=details&id=39299,,,"['86cc81a876e65b5019fdf707e4a5f317b3aecefc.bps', '7fb6e026faa1525954b0904963f5f6b1d25bb683.bps']","['86cc81a876e65b5019fdf707e4a5f317b3aecefc.json', '7fb6e026faa1525954b0904963f5f6b1d25bb683.json']",
,,14 Feb 2025,39203,Annihilation,,,,,7kzinn.x,,,,,Standard: Normal,,/?p=section&a=details&id=39203,,,['1ad4f89eda15eb3554fc56d987d8a5500f07270e.bps'],['1ad4f89eda15eb3554fc56d987d8a5500f07270e.json'],
,,13 Feb 2025,39200,Jack Marspotter,,,,,PixelFhacks,,,,,Kaizo: Intermediate,,/?p=section&a=details&id=39200,,,['c8bd097da8b328c36ccc2459e3093e9c3de01287.bps'],['c8bd097da8b328c36ccc2459e3093e9c3de01287.json'],
,,09 Feb 2025,39166,super mateus world,,,,,Gustavo2011,,,,,Standard: Normal,,/?p=section&a=details&id=39166,,,['b33c320dd990f428196d04c6f8906dd659a3e09d.bps'],['b33c320dd990f428196d04c6f8906dd659a3e09d.json'],
,,01 Feb 2025,39133,Super Emma Quest Turbo,,,,,CalFox,,,,,Standard: Hard,,/?p=section&a=details&id=39133,,,['216009512f5b8ac247e02eca979558eee1d6e00e.bps'],['216009512f5b8ac247e02eca979558eee1d6e00e.json'],
,,27 Jan 2025,39114,levels 1.0,,,,,Cwole23,,,,,Standard: Easy,,/?p=section&a=details&id=39114,,,['42e6bbe6bd9867304738debc64c881dd33130f38.bps'],['42e6bbe6bd9867304738debc64c881dd33130f38.json'],
,,20 Jan 2025,39082,Mario and the Mystical Islands 0.1.0 Beta,,,,,Hacks Maker,,,,,Standard: Normal,,/?p=section&a=details&id=39082,,,['95718c7e715f6f4fc8acfc53b044f2d605e172ca.bps'],['95718c7e715f6f4fc8acfc53b044f2d605e172ca.json'],
,,19 Jan 2025,39077,kaizo mario must die,,,,,Gustavo2011,,,,,Kaizo: Intermediate,,/?p=section&a=details&id=39077,,,['169d09ddd783c1c5e70f0b3bdadbbb09d5565d3e.bps'],['169d09ddd783c1c5e70f0b3bdadbbb09d5565d3e.json'],
,,18 Jan 2025,39067,Ultimate Carl Heaven,,,,,WONIU,,,,,Kaizo: Intermediate,,/?p=section&a=details&id=39067,,,['e747f58ab1b5fbfad0caa5b1e02767d901141a65.bps'],['e747f58ab1b5fbfad0caa5b1e02767d901141a65.json'],
,,18 Jan 2025,39075,The adventures begin,,,,,Yutuz,,,,,"Standard: Very Hard, Kaizo: Beginner",,/?p=section&a=details&id=39075,,,['d957a071a015d0564dd3ad89800b3855b4d04743.bps'],['d957a071a015d0564dd3ad89800b3855b4d04743.json'],
,,12 Jan 2025,39038,d,,,,,hanokah,,,,,"Standard: Hard, Kaizo: Beginner",,/?p=section&a=details&id=39038,,,['2f7e13d97e11f0ead11ee853faee228d279bb92c.bps'],['2f7e13d97e11f0ead11ee853faee228d279bb92c.json'],
,,07 Jan 2025,39023,SV World,,,,,RenanSV,,,,,Kaizo: Intermediate,,/?p=section&a=details&id=39023,,,['cf29682bf4793240277194c606f8d18966a9867f.bps'],['cf29682bf4793240277194c606f8d18966a9867f.json'],
,,06 Jan 2025,39015,misarom,,,,,iemhacke,,,,,Standard: Easy,,/?p=section&a=details&id=39015,,,['67dc2af1d03ba3a3155e7533cedf42be3b9ce399.bps'],['67dc2af1d03ba3a3155e7533cedf42be3b9ce399.json'],
,,02 Jan 2025,38990,SMW - The Lost Islands,,,,,None,,,,,Standard: Normal,,/?p=section&a=details&id=38990,,,['f98bce16faaef44a76bf4be37a6534f2d2b9c0cc.bps'],['f98bce16faaef44a76bf4be37a6534f2d2b9c0cc.json'],
,,02 Jan 2025,38995,Super Toest World,,,,,WONIU,,,,,Kaizo: Intermediate,,/?p=section&a=details&id=38995,,,['66cc6b2952faf1fb752db0935b626ba03d735eac.bps'],['66cc6b2952faf1fb752db0935b626ba03d735eac.json'],
,,30 Dec 2024,38980,Super Short Kaizo Nightmare,,,,,luukzmithv 2,,,,,Kaizo: Beginner,,/?p=section&a=details&id=38980,,,['886736276b9f6dde234776aed61de82a274f30f3.bps'],['886736276b9f6dde234776aed61de82a274f30f3.json'],
,,27 Dec 2024,38970,Super Mario World - Bowser's Return,,,,,None,,,,,"Standard: Easy, Standard: Normal",,/?p=section&a=details&id=38970,,,['4e7b5874e0e2ab068ed48ceb32359292595829b0.bps'],['4e7b5874e0e2ab068ed48ceb32359292595829b0.json'],
,,24 Dec 2024,38965,Pac's Hac,,,,,pacmanboss256,,,,,Kaizo: Intermediate,,/?p=section&a=details&id=38965,,,['ff94e4190cab7563d8a7382fbbb4254e2e148cb9.bps'],['ff94e4190cab7563d8a7382fbbb4254e2e148cb9.json'],
,,19 Dec 2024,38944,Super Mario World 1/2: Bowser's Revenge - Demo,,,,,Ultramegagigantor,,,,,Standard: Normal,,/?p=section&a=details&id=38944,,,['8d1478840103cc072c6abaac20c66d9e5b7712dd.bps'],['8d1478840103cc072c6abaac20c66d9e5b7712dd.json'],
,,17 Dec 2024,38937,Ein Spiel mit dem Papa 1 + 2,,,,,Shimtex,,,,,Standard: Normal,,/?p=section&a=details&id=38937,,,"['a9a80addb4904625580d58cf713c7ee7e3b11175.bps', '36a7c15cba2c1ac6544db88ccdf8a26808932a4c.bps']","['a9a80addb4904625580d58cf713c7ee7e3b11175.json', '36a7c15cba2c1ac6544db88ccdf8a26808932a4c.json']",
,,14 Dec 2024,38918,Gaizo (V2),,,,,Gaimer_69,,,,,"Standard: Normal, Kaizo: Beginner",,/?p=section&a=details&id=38918,,,['1ddf38b9a870742db425aa4492c36519d9e72645.bps'],['1ddf38b9a870742db425aa4492c36519d9e72645.json'],
,,14 Dec 2024,38928,Cold Nightmare,,,,,luukzmithv 2,,,,,Kaizo: Beginner,,/?p=section&a=details&id=38928,,,['441470ae0e8edd52677b28524161cc509b286c57.bps'],['441470ae0e8edd52677b28524161cc509b286c57.json'],
,,13 Dec 2024,38910,Gaizo,,,,,Gaimer_69,,,,,Kaizo: Beginner,,/?p=section&a=details&id=38910,,,['2a51ea8f00a935c4e8391eb0e06be9ac2e454d85.bps'],['2a51ea8f00a935c4e8391eb0e06be9ac2e454d85.json'],
,,13 Dec 2024,38911,super Mario world easy mode,,,,,nanothehog,,,,,Standard: Easy,,/?p=section&a=details&id=38911,,,['0ad78e3366fcf2425e2064fb13e959ca27ee81e1.bps'],['0ad78e3366fcf2425e2064fb13e959ca27ee81e1.json'],
,,12 Dec 2024,38907,Kaizo Funny,,,,,Gaimer_69,,,,,Standard: Hard,,/?p=section&a=details&id=38907,,,['ee31204dcf9ecf2cb78904e4d86e15ad8f7c1afe.bps'],['ee31204dcf9ecf2cb78904e4d86e15ad8f7c1afe.json'],
,,05 Dec 2024,38877,Triptoc,,,,,sholmes,,,,,Kaizo: Intermediate,,/?p=section&a=details&id=38877,,,['b2641e19a03eda423c7de370b6ec89f16e9a0d59.bps'],['b2641e19a03eda423c7de370b6ec89f16e9a0d59.json'],
,,05 Dec 2024,38880,Digital Rage World,,,,,WONIU,,,,,Kaizo: Intermediate,,/?p=section&a=details&id=38880,,,['facd14ee7555a4c2cb9860b5c63c0bda7527a3f4.bps'],['facd14ee7555a4c2cb9860b5c63c0bda7527a3f4.json'],
,,04 Dec 2024,38869,Click-Locked,,,,,AbuseFreakHacker,,,,,Kaizo: Intermediate,,/?p=section&a=details&id=38869,,,['b7231213e35609ee16ccc55500ae7aed7ff59769.bps'],['b7231213e35609ee16ccc55500ae7aed7ff59769.json'],
,,01 Dec 2024,38858,Thanksgiving Twenty Foar,,,,,Koopenstein,,,,,Kaizo: Beginner,,/?p=section&a=details&id=38858,,,['8e5dc8dfce0d11249d05a2f86ab1dc5404da9631.bps'],['8e5dc8dfce0d11249d05a2f86ab1dc5404da9631.json'],
,,25 Nov 2024,38829,"oops, all 1-1.",,,,,Aracnocat,,,,,Standard: Hard,,/?p=section&a=details&id=38829,,,['c19e263e92c3527ce5f2259e94e300e2d5d47268.bps'],['c19e263e92c3527ce5f2259e94e300e2d5d47268.json'],
,,23 Nov 2024,38822,Mario & Friends in: Volcanic Panic,,,,,None,,,,,Standard: Normal,,/?p=section&a=details&id=38822,,,['3eaaade12c81efa8bd8913bff0b57651841a5f6e.bps'],['3eaaade12c81efa8bd8913bff0b57651841a5f6e.json'],
,,20 Nov 2024,38811,my first hack 2,,,,,joe gaming,,,,,Standard: Hard,,/?p=section&a=details&id=38811,,,['10fd3c2c37989fd0801c9fc36cf62674d07e28c5.bps'],['10fd3c2c37989fd0801c9fc36cf62674d07e28c5.json'],
,,16 Nov 2024,38792,Simpatico,,,,,None,,,,,Kaizo: Expert,,/?p=section&a=details&id=38792,,,['fa86e90eb407293457e9701c57502067cd680187.bps'],['fa86e90eb407293457e9701c57502067cd680187.json'],
,,13 Nov 2024,38778,Deez Knucks,,,,,CousinCatnip,,,,,Standard: Normal,,/?p=section&a=details&id=38778,,,['3c54ccd9094c96ec17f2af27aeb439e7e1655a72.bps'],['3c54ccd9094c96ec17f2af27aeb439e7e1655a72.json'],
,,03 Nov 2024,38732,Tower Of Nopecr,,,,,WONIU,,,,,Kaizo: Intermediate,,/?p=section&a=details&id=38732,,,['0e373d58ee316e45ad90647e620d76c8b9ccab1f.bps'],['0e373d58ee316e45ad90647e620d76c8b9ccab1f.json'],
,,31 Oct 2024,38721,First Step Forward,,,,,None,,,,,Kaizo: Beginner,,/?p=section&a=details&id=38721,,,['3c7e72973b40d496026b81fdc8200d715ecd0c30.bps'],['3c7e72973b40d496026b81fdc8200d715ecd0c30.json'],
,,20 Oct 2024,38674,Looking For The Leisurely Triangle,,,,,WONIU,,,,,"Kaizo: Beginner, Kaizo: Intermediate",,/?p=section&a=details&id=38674,,,['001b7349f451e1332feeea16333e3a02d76802f6.bps'],['001b7349f451e1332feeea16333e3a02d76802f6.json'],
,,05 Oct 2024,38586,Vaccaro Theory,,,,,WONIU,,,,,Kaizo: Intermediate,,/?p=section&a=details&id=38586,,,['d4197f7d39028fa0eeb45d42884c8b1e924acfd3.bps'],['d4197f7d39028fa0eeb45d42884c8b1e924acfd3.json'],
,,04 Oct 2024,38581,Super Mario's Wacky Worlds SD2NES,,,,,figuiDOS,,,,,Standard: Hard,,/?p=section&a=details&id=38581,,,['907daa1c909e0e282c978febf08732e495864e12.bps'],['907daa1c909e0e282c978febf08732e495864e12.json'],
,,29 Sep 2024,38558,Super WorldWorldWorldWorldWorldWorldWorldWorldWorldWorldWorld demo,,,,,LtLuke808,,,,,Standard: Hard,,/?p=section&a=details&id=38558,,,['fc819961771dffe54d0499b3fdd843ad7248c5ab.bps'],['fc819961771dffe54d0499b3fdd843ad7248c5ab.json'],
,,13 Sep 2024,38464,Super Mario World: New Adventures Demo 1,,,,,EpicGamer64,,,,,Standard: Easy,,/?p=section&a=details&id=38464,,,['e1ecafe1c00bcec7a821a1cfeec2b108546bb081.bps'],['e1ecafe1c00bcec7a821a1cfeec2b108546bb081.json'],
,,13 Sep 2024,38465,Journey To Peak,,,,,None,,,,,Kaizo: Intermediate,,/?p=section&a=details&id=38465,,,['fb5e29658473f48a861b367b037a4af0909fae5c.bps'],['fb5e29658473f48a861b367b037a4af0909fae5c.json'],
,,28 Aug 2024,38344,Leopardus HELL,,,,,None,,,,,Standard: Hard,,/?p=section&a=details&id=38344,,,['10b1eaa5603283a5788f00938552c0becc62527d.bps'],['10b1eaa5603283a5788f00938552c0becc62527d.json'],
,,23 Aug 2024,38281,Mario In Mushroom Rix Land 5 C3 Summer 2024 Demo,,,,,Enan63,,,,,Standard: Normal,,/?p=section&a=details&id=38281,,,['3eb560e39f74ce089f6933ce29d971ef6ce60400.bps'],['3eb560e39f74ce089f6933ce29d971ef6ce60400.json'],
,,20 Aug 2024,38256,There is no sence unless everything is arranger completely,,,,,hitmonbottom,,,,,"Standard: Very Hard, Kaizo: Expert",,/?p=section&a=details&id=38256,,,['e932c44565cfe44973ab4ac3feb77726f2915416.bps'],['e932c44565cfe44973ab4ac3feb77726f2915416.json'],
,,18 Aug 2024,38244,Pumpkin Plains,,,,,pinguwahoo,,,,,Standard: Very Hard,,/?p=section&a=details&id=38244,,,['b76cf057268db45eac637fdaa78bc1e064f12a16.bps'],['b76cf057268db45eac637fdaa78bc1e064f12a16.json'],
,,17 Aug 2024,38236,Sprint Kuzco,,,,,user65985,,,,,Kaizo: Expert,,/?p=section&a=details&id=38236,,,['0092094624f821d2c7be942ff700dac205facc81.bps'],['0092094624f821d2c7be942ff700dac205facc81.json'],
,,12 Aug 2024,38214,Sonic Kaizo Forces,,,,,sholmes,,,,,Kaizo: Intermediate,,/?p=section&a=details&id=38214,,,['e3feea643b1acea0a3b704eea9523ed6bdd27a3a.bps'],['e3feea643b1acea0a3b704eea9523ed6bdd27a3a.json'],
,,11 Aug 2024,38210,From Moon To Sun,,,,,WONIU,,,,,Kaizo: Intermediate,,/?p=section&a=details&id=38210,,,['2281d70d64d541d2736f982ad62223d80bdd8484.bps'],['2281d70d64d541d2736f982ad62223d80bdd8484.json'],
,,09 Aug 2024,38199,super yoshi word,,,,,Yoshi639256,,,,,Standard: Easy,,/?p=section&a=details&id=38199,,,['d84bb4dd5ff73b9e03168313533be5fe74bf5b3f.bps'],['d84bb4dd5ff73b9e03168313533be5fe74bf5b3f.json'],
,,07 Aug 2024,38192,Ben The Musical,,,,,Ennui Goldfeld,,,,,Standard: Hard,,/?p=section&a=details&id=38192,,,['08734dc00cc99f9dca459cac04b8be1f68853928.bps'],['08734dc00cc99f9dca459cac04b8be1f68853928.json'],
,,07 Aug 2024,38194,Tonkachi World (Demo),,,,,test212,,,,,Kaizo: Expert,,/?p=section&a=details&id=38194,,,['eefc88965b8f464506cb892736ee4b4cfe0cf647.bps'],['eefc88965b8f464506cb892736ee4b4cfe0cf647.json'],
,,06 Aug 2024,38163,SMW My Hack Academy,,,,,None,,,,,Kaizo: Intermediate,,/?p=section&a=details&id=38163,,,['013aec28f3f8fb9015dc232fba82427813888648.bps'],['013aec28f3f8fb9015dc232fba82427813888648.json'],
,,06 Aug 2024,38182,Mario e o caminho da escuridão,,,,,Games Maker,,,,,Standard: Easy,,/?p=section&a=details&id=38182,,,['0e7c0301ce063538574153b0beed6b95c3c52fd9.bps'],['0e7c0301ce063538574153b0beed6b95c3c52fd9.json'],
,,25 Jul 2024,38139,Super KaizoStar World,,,,,TobiTopstar,,,,,Kaizo: Beginner,,/?p=section&a=details&id=38139,,,['12a58691aa91b89ebdcfdc5a9106fcd2b5d44a00.bps'],['12a58691aa91b89ebdcfdc5a9106fcd2b5d44a00.json'],
,,24 Jul 2024,38135,Magic Kaizo Light,,,,,WONIU,,,,,Kaizo: Intermediate,,/?p=section&a=details&id=38135,,,['82df3353776ebd434ba95c3c1b910638c72cc77e.bps'],['82df3353776ebd434ba95c3c1b910638c72cc77e.json'],
,,21 Jul 2024,38122,Super Mario New World,,,,,Link13,,,,,Standard: Normal,,/?p=section&a=details&id=38122,,,['708545164a7f14fa2f5b338cd61e252ca036aaf9.bps'],['708545164a7f14fa2f5b338cd61e252ca036aaf9.json'],
,,21 Jul 2024,38123,Super Mario 212,,,,,test212,,,,,Kaizo: Expert,,/?p=section&a=details&id=38123,,,['949e2b4ffba55ef95dc4389f9067681599ac894f.bps'],['949e2b4ffba55ef95dc4389f9067681599ac894f.json'],
,,21 Jul 2024,38126,Dan's Evil Mario Game,,,,,DanDent777,,,,,Standard: Normal,,/?p=section&a=details&id=38126,,,['f454a448470288b074bea520180c54e9874afbe9.bps'],['f454a448470288b074bea520180c54e9874afbe9.json'],
,,20 Jul 2024,38120,Super Mario World PT-BR edition,,,,,gustavotono,,,,,Standard: Normal,,/?p=section&a=details&id=38120,,,['6cf9bef72ea3f55078edf22aabc5eda03a3a9460.bps'],['6cf9bef72ea3f55078edf22aabc5eda03a3a9460.json'],
,,11 Jul 2024,38092,Storm Line World,,,,,None,,,,,Kaizo: Intermediate,,/?p=section&a=details&id=38092,,,['78537ce2f3676ad979055600ef4c6964b71f473f.bps'],['78537ce2f3676ad979055600ef4c6964b71f473f.json'],
,,10 Jul 2024,38089,Moltov Mario World,,,,,Moltov,,,,,Tool-Assisted: Pit,,/?p=section&a=details&id=38089,,,['7bb9d2e6c400143cd066f4f127fb520778a4bce6.bps'],['7bb9d2e6c400143cd066f4f127fb520778a4bce6.json'],
,,07 Jul 2024,38075,Super Mario World CE,,,,,test212,,,,,Standard: Normal,,/?p=section&a=details&id=38075,,,['927b923a197160387bf791fac13eb65582f95f12.bps'],['927b923a197160387bf791fac13eb65582f95f12.json'],
,,02 Jul 2024,38050,Project '90,,,,,ZakenCentralSMW,,,,,Standard: Normal,,/?p=section&a=details&id=38050,,,['57a2a7497df81533a05e6c2045bc0cb6918073dd.bps'],['57a2a7497df81533a05e6c2045bc0cb6918073dd.json'],
,,20 Jun 2024,37984,Super Claire World,,,,,Claire_Chan,,,,,Kaizo: Intermediate,,/?p=section&a=details&id=37984,,,['71a7025aeff7ef4fab8f4d7f7f72d65f707b7841.bps'],['71a7025aeff7ef4fab8f4d7f7f72d65f707b7841.json'],
,,08 Jun 2024,37915,Boosheid,,,,,Hans,,,,,Kaizo: Intermediate,,/?p=section&a=details&id=37915,,,['a122d4b92e3c4f2a0d897c349e62ebd61af2692b.bps'],['a122d4b92e3c4f2a0d897c349e62ebd61af2692b.json'],
,,04 Jun 2024,37895,Kaizo Of Hell,,,,,MrFelix_,,,,,Kaizo: Intermediate,,/?p=section&a=details&id=37895,,,['97a4ae773ba065002b07153132212632e53f817a.bps'],['97a4ae773ba065002b07153132212632e53f817a.json'],
,,03 Jun 2024,37891,The True Super Mario World 2 (demo),,,,,VitorPlaysYT,,,,,Standard: Normal,,/?p=section&a=details&id=37891,,,['6d69250b2fe47e8744b6a9447744e365eaec557d.bps'],['6d69250b2fe47e8744b6a9447744e365eaec557d.json'],
,,02 Jun 2024,37883,Simple Symphony,,,,,altline_,,,,,Kaizo: Expert,,/?p=section&a=details&id=37883,,,['b1cbe5ebeeeb1d9505124e41e78a588be9556684.bps'],['b1cbe5ebeeeb1d9505124e41e78a588be9556684.json'],
,,01 Jun 2024,37875,Unnamed Hack (Unfinished),,,,,VitorSao,,,,,Standard: Hard,,/?p=section&a=details&id=37875,,,['fe99a878be2625ba1695e175a7f846a123f34198.bps'],['fe99a878be2625ba1695e175a7f846a123f34198.json'],
,,28 May 2024,37845,SMW. TRUE NIGHTMARE,,,,,Joseh1ph,,,,,Tool-Assisted: Pit,,/?p=section&a=details&id=37845,,,['cfb0805a5f5ac372ffc9cc045bbcec756a02b32e.bps'],['cfb0805a5f5ac372ffc9cc045bbcec756a02b32e.json'],
,,27 May 2024,37844,Super Mario goes on a perfectly normal trip outside,,,,,Zute,,,,,Standard: Normal,,/?p=section&a=details&id=37844,,,['ce1adb49942be5f600318b9891f7919ef13ec9ba.bps'],['ce1adb49942be5f600318b9891f7919ef13ec9ba.json'],
,,25 May 2024,37835,Sonic CD SMW hack (USA),,,,,figuiDOS,,,,,Standard: Hard,,/?p=section&a=details&id=37835,,,['9c81651a2906f538f6345c0619a4313acd08ef76.bps'],['9c81651a2906f538f6345c0619a4313acd08ef76.json'],
,,24 May 2024,37824,Luigi White Zero,,,,,WONIU,,,,,Kaizo: Intermediate,,/?p=section&a=details&id=37824,,,['04ec8f838afbffb5528323fe37ff0cae6765cb5c.bps'],['04ec8f838afbffb5528323fe37ff0cae6765cb5c.json'],
,,17 May 2024,37800,My (MichaelE3)'s first rom hack,,,,,MichaelE3,,,,,Standard: Easy,,/?p=section&a=details&id=37800,,,['85860ab3f7d09615fc3232984c24270b9d2b7458.bps'],['85860ab3f7d09615fc3232984c24270b9d2b7458.json'],
,,14 May 2024,37785,Kaizo New World,,,,,MrFelix_,,,,,Kaizo: Expert,,/?p=section&a=details&id=37785,,,['e5f93fdcb1dcf9af3ae5f4344e2685bf5f787426.bps'],['e5f93fdcb1dcf9af3ae5f4344e2685bf5f787426.json'],
,,12 May 2024,37776,urmom.smc,,,,,None,,,,,Kaizo: Expert,,/?p=section&a=details&id=37776,,,"['c1d7cc5ca5c53c8da98b599c29c7b7b7b44a8c3d.bps', 'b2f20675257ce7da7a2b502ad755471c63e1a5c0.bps']","['c1d7cc5ca5c53c8da98b599c29c7b7b7b44a8c3d.json', 'b2f20675257ce7da7a2b502ad755471c63e1a5c0.json']",
,,10 May 2024,37768,Isaac's First Romhack,,,,,IsTheWit,,,,,Standard: Easy,,/?p=section&a=details&id=37768,,,['ed34bd01d84639748fc0144f3faa1b967c1607dd.bps'],['ed34bd01d84639748fc0144f3faa1b967c1607dd.json'],
,,06 May 2024,37748,Super Mario 16: Demo,,,,,Alex No,,,,,Standard: Normal,,/?p=section&a=details&id=37748,,,['15c9cfc83f07e84b2c838625cdc0507e45575aff.bps'],['15c9cfc83f07e84b2c838625cdc0507e45575aff.json'],
,,05 May 2024,37742,Krams World,,,,,kramsdell,,,,,Standard: Easy,,/?p=section&a=details&id=37742,,,['62b7a4ddcda3818b72b4b47a7c9099ce2fdb9ebf.bps'],['62b7a4ddcda3818b72b4b47a7c9099ce2fdb9ebf.json'],
,,18 Apr 2024,37661,Super Barb World,,,,,rnelson,,,,,Standard: Easy,,/?p=section&a=details&id=37661,,,['6f80b2f2db5819676e707d91c7e6da2629814000.bps'],['6f80b2f2db5819676e707d91c7e6da2629814000.json'],
,,15 Apr 2024,37650,Super Mario World written by Vivziepop,,,,,TheWohao,,,,,Standard: Normal,,/?p=section&a=details&id=37650,,,['b4ca3162df5a46a11e73f4b19a57516162dad29e.bps'],['b4ca3162df5a46a11e73f4b19a57516162dad29e.json'],
,,13 Apr 2024,37637,Shell is hell,,,,,Lucas0910,,,,,Tool-Assisted: Kaizo,,/?p=section&a=details&id=37637,,,['4f70a77e927fe5df8d0a4a44cd9e17f16c49446a.bps'],['4f70a77e927fe5df8d0a4a44cd9e17f16c49446a.json'],
,,12 Apr 2024,37628,You Won,,,,,pinguwahoo,,,,,Tool-Assisted: Kaizo,,/?p=section&a=details&id=37628,,,['3aba1f44245c855f77d03d61c913f0e7fce266f9.bps'],['3aba1f44245c855f77d03d61c913f0e7fce266f9.json'],
,,08 Apr 2024,37608,SUPER EGOR (v2.0),,,,,EXUD3,,,,,Kaizo: Beginner,,/?p=section&a=details&id=37608,,,['6602092b6dee2ec8c5d085bc177e48e52bb56a97.bps'],['6602092b6dee2ec8c5d085bc177e48e52bb56a97.json'],
,,05 Apr 2024,37593,Super Mario 16: Land of Crisis Demo,,,,,Alex No,,,,,Standard: Normal,,/?p=section&a=details&id=37593,,,['7501aa08c8255a9178d163812e4c6bc1b253cd3d.bps'],['7501aa08c8255a9178d163812e4c6bc1b253cd3d.json'],
,,04 Apr 2024,37584,Super Mario's Moonjang  SP1,,,,,Nyngatin1234,,,,,Misc.: Troll,,/?p=section&a=details&id=37584,,,['b4999a7319b8b60693e9ca0917a97e0d9706cab1.bps'],['b4999a7319b8b60693e9ca0917a97e0d9706cab1.json'],
,,30 Mar 2024,37553,Mario World but it not Kaizo (Trust),,,,,GuilhermeYT,,,,,Kaizo: Beginner,,/?p=section&a=details&id=37553,,,['bded094e4a46597ca7eb90294bc61bd2aa231805.bps'],['bded094e4a46597ca7eb90294bc61bd2aa231805.json'],
,,28 Mar 2024,37533,What did Mario do?,,,,,None,,,,,"Standard: Hard, Standard: Very Hard",,/?p=section&a=details&id=37533,,,['ecfbb3afdc02bb8ddea53bc099f5b541b3c6fa01.bps'],['ecfbb3afdc02bb8ddea53bc099f5b541b3c6fa01.json'],
,,24 Mar 2024,37503,Super Mario World 2: The Lost Levels,,,,,Easy Difficulty,,,,,Standard: Very Hard,,/?p=section&a=details&id=37503,,,['6574e661fc9e6cdb53c6c6daed3a29a533ee17ce.bps'],['6574e661fc9e6cdb53c6c6daed3a29a533ee17ce.json'],
,,22 Mar 2024,37499,SOUP! [Demo v4,,,,,couchpotato__,,,,,Standard: Normal,,/?p=section&a=details&id=37499,,,['257d4e8a143717e3f31e4f61933756896b7211f5.bps'],['257d4e8a143717e3f31e4f61933756896b7211f5.json'],
,,19 Mar 2024,37479,Super Weird Mario World,,,,,Yuvi,,,,,Standard: Normal,,/?p=section&a=details&id=37479,,,['7eaa2ea16d65ec80bcb15024fb6ead9fb921c3f7.bps'],['7eaa2ea16d65ec80bcb15024fb6ead9fb921c3f7.json'],
,,16 Mar 2024,37459,Nuatepra,,,,,None,,,,,Kaizo: Intermediate,,/?p=section&a=details&id=37459,,,['eb7e693211df1bdad7ff6e545e991d1f76c03ee6.bps'],['eb7e693211df1bdad7ff6e545e991d1f76c03ee6.json'],
,,14 Mar 2024,37423,Yoshi's Bizarre Adventure,,,,,Kirby Brasileiro,,,,,Tool-Assisted: Kaizo,,/?p=section&a=details&id=37423,,,['4a77d4e48a8da19030d1a1961477ba656af2e1b1.bps'],['4a77d4e48a8da19030d1a1961477ba656af2e1b1.json'],
,,14 Mar 2024,37451,Hardest Kaizo,,,,,Joaoplays99,,,,,"Tool-Assisted: Kaizo, Tool-Assisted: Pit",,/?p=section&a=details&id=37451,,,"['d55b6d32ae33ea2ec704e2f27fc213add94541ef.bps', '594552002780ba1ea387ae3df10d4aa94b7b23e5.bps', 'e3b8fd0b45dcf7a4fd5b07f8bb251f417430fb9e.bps']","['d55b6d32ae33ea2ec704e2f27fc213add94541ef.json', '594552002780ba1ea387ae3df10d4aa94b7b23e5.json', 'e3b8fd0b45dcf7a4fd5b07f8bb251f417430fb9e.json']",
,,13 Mar 2024,37403,Super Kyle World,,,,,Rauf,,,,,Standard: Normal,,/?p=section&a=details&id=37403,,,['1f6d74742fbb5d0fce088262e7feb16e4a86e3cd.bps'],['1f6d74742fbb5d0fce088262e7feb16e4a86e3cd.json'],
,,11 Mar 2024,37376,Mariofan World,,,,,MariGanza 1995,,,,,Standard: Normal,,/?p=section&a=details&id=37376,,,['d20161a4cb9f5500a66c46a80285422f95763464.bps'],['d20161a4cb9f5500a66c46a80285422f95763464.json'],
,,26 Feb 2024,37067,B10H4Z4RD,,,,,Royal Nico TS,,,,,Kaizo: Intermediate,,/?p=section&a=details&id=37067,,,['69772d4d2f9cf95f90de881fa745174b42ce761a.bps'],['69772d4d2f9cf95f90de881fa745174b42ce761a.json'],
,,23 Feb 2024,36966,Super Mario World Wonder,,,,,SysDataSoft,,,,,Standard: Normal,,/?p=section&a=details&id=36966,,,['dd1e34073f56e87b1e215b02179935de9b5fe66d.bps'],['dd1e34073f56e87b1e215b02179935de9b5fe66d.json'],
,,17 Feb 2024,36913,Super Pitro Shell,,,,,Gab Grego,,,,,Kaizo: Beginner,,/?p=section&a=details&id=36913,,,['9a7b21f708edd23b50bf3744b10a4f87b3095160.bps'],['9a7b21f708edd23b50bf3744b10a4f87b3095160.json'],
,,13 Feb 2024,36845,Super Mario Adventure: Nice World,,,,,Joaoplays99,,,,,Standard: Hard,,/?p=section&a=details&id=36845,,,['0fdd72eec0803815b4a34fa2d6421212870b4d89.bps'],['0fdd72eec0803815b4a34fa2d6421212870b4d89.json'],
,,12 Feb 2024,36837,Lost Lasagna,,,,,Hectorpn13,,,,,Standard: Normal,,/?p=section&a=details&id=36837,,,['e37ec615e522adefe31ef11a1ac3d4f28465da2e.bps'],['e37ec615e522adefe31ef11a1ac3d4f28465da2e.json'],
,,09 Feb 2024,36827,Amberland,,,,,Joosh,,,,,"Standard: Easy, Standard: Normal",,/?p=section&a=details&id=36827,,,['bdff9dcc5fd6f5cf953d3f1309ca2ae88e727ca6.bps'],['bdff9dcc5fd6f5cf953d3f1309ca2ae88e727ca6.json'],
,,03 Feb 2024,36800,Kazue World 2,,,,,None,,,,,Kaizo: Intermediate,,/?p=section&a=details&id=36800,,,['ccb3fa8ff8cc59a3b60c76c727967ab9911e6013.bps'],['ccb3fa8ff8cc59a3b60c76c727967ab9911e6013.json'],
,,28 Jan 2024,36773,Super Mario War,,,,,CapedBiddyBud,,,,,Standard: Normal,,/?p=section&a=details&id=36773,,,['48468dde76785260addf0502eeddd19ce6ce6d86.bps'],['48468dde76785260addf0502eeddd19ce6ce6d86.json'],
,,28 Jan 2024,36777,Super Pepe,,,,,Luis Mar,,,,,Standard: Normal,,/?p=section&a=details&id=36777,,,['eb836e5a9e6740cd5a5be5e8c55bcae9446a4c30.bps'],['eb836e5a9e6740cd5a5be5e8c55bcae9446a4c30.json'],
,,24 Jan 2024,36720,Häschen [hɛʃn̩,,,,,None,,,,,Standard: Normal,,/?p=section&a=details&id=36720,,,['4784dbb29339bd965b411d170f507094dc3342df.bps'],['4784dbb29339bd965b411d170f507094dc3342df.json'],
,,22 Jan 2024,36681,"Super mario world challenge version,",,,,,Chris gaming,,,,,Standard: Very Hard,,/?p=section&a=details&id=36681,,,['c48278a8fce8a045e9fd4572654f6d1ede2a4492.bps'],['c48278a8fce8a045e9fd4572654f6d1ede2a4492.json'],
,,22 Jan 2024,36684,Super Mario World : The Definitive Edition,,,,,LeonardoGamerTrainz,,,,,Standard: Normal,,/?p=section&a=details&id=36684,,,['204fe8c8f8f1d9475bf6113f40d5169d64c6ba81.bps'],['204fe8c8f8f1d9475bf6113f40d5169d64c6ba81.json'],
,,21 Jan 2024,36674,Onegai My Melody Special Edition Demo,,,,,None,,,,,Standard: Normal,,/?p=section&a=details&id=36674,,,['ccf76234503c273706c5b99e50748054a1ad7c51.bps'],['ccf76234503c273706c5b99e50748054a1ad7c51.json'],
,,21 Jan 2024,36677,Super Mario World Late 1990 beta recreation,,,,,GIORGOSXAL,,,,,Standard: Normal,,/?p=section&a=details&id=36677,,,['02f8b108e1d87e0b58cfef61df89a88af5b7038c.bps'],['02f8b108e1d87e0b58cfef61df89a88af5b7038c.json'],
,,12 Jan 2024,36602,Super Mario World Chocolate Island,,,,,Pink Gold Peach,,,,,"Standard: Normal, Standard: Hard",,/?p=section&a=details&id=36602,,,['8dce907b9a7465859d72a18c0eb9af1ad3f6e705.bps'],['8dce907b9a7465859d72a18c0eb9af1ad3f6e705.json'],
,,08 Jan 2024,36582,Super LCMARIO World (V4.1),,,,,LCCRAFT,,,,,Standard: Easy,,/?p=section&a=details&id=36582,,,['7dcd6d6c2745782a3cf5149cd485ceb09245dbeb.bps'],['7dcd6d6c2745782a3cf5149cd485ceb09245dbeb.json'],
,,29 Dec 2023,35792,telinc test bullshit,,,,,Telinc1,,,,,"Standard: Very Hard, Misc.: Troll",,/?p=section&a=details&id=35792,,,['e23090d57629f00eb2846325d3a15633d4e9fc4c.bps'],['e23090d57629f00eb2846325d3a15633d4e9fc4c.json'],
,,29 Dec 2023,35807,Super Mario World As Ilhas 2,,,,,RafaGamerFire,,,,,Standard: Normal,,/?p=section&a=details&id=35807,,,['bc006445ff6731bd81b55394981b522d32de3fc8.bps'],['bc006445ff6731bd81b55394981b522d32de3fc8.json'],
,,26 Dec 2023,35777,The Pit Level 3,,,,,IgorSantos777,,,,,Tool-Assisted: Pit,,/?p=section&a=details&id=35777,,,['7ec95e755af465f3445960df926595961c5c2ac6.bps'],['7ec95e755af465f3445960df926595961c5c2ac6.json'],
,,25 Dec 2023,35768,A New Super Mario World Beta,,,,,Weird_Val,,,,,Standard: Normal,,/?p=section&a=details&id=35768,,,['571d6586b94f6e40ef148262a5130624f0e1ecc3.bps'],['571d6586b94f6e40ef148262a5130624f0e1ecc3.json'],
,,14 Dec 2023,35707,Nonsense,,,,,None,,,,,Standard: Very Hard,,/?p=section&a=details&id=35707,,,['41d039f1fa7a88488354d5b3f462845d344d30c1.bps'],['41d039f1fa7a88488354d5b3f462845d344d30c1.json'],
,,11 Dec 2023,35684,Super Mario World: Crazy Weather DEMO 1.0,,,,,Lucca8182838,,,,,Standard: Normal,,/?p=section&a=details&id=35684,,,['fd6650aef8b623c31acb53c4a4a4c88fe5febc11.bps'],['fd6650aef8b623c31acb53c4a4a4c88fe5febc11.json'],
,,22 Nov 2023,35554,The Alternative Super Mario Bros.,,,,,w guy,,,,,Kaizo: Intermediate,,/?p=section&a=details&id=35554,,,['d302a814f75b1decf728cdd3e079f4a3e5401f9f.bps'],['d302a814f75b1decf728cdd3e079f4a3e5401f9f.json'],
,,20 Nov 2023,35548,mario lost in the world,,,,,enano 2010,,,,,Standard: Normal,,/?p=section&a=details&id=35548,,,['fb142830a24ec5c703dc1b3613ababe9f838f7dd.bps'],['fb142830a24ec5c703dc1b3613ababe9f838f7dd.json'],
,,19 Nov 2023,35545,Sonic CD senes version (USA) final test,,,,,figuiDOS,,,,,Standard: Normal,,/?p=section&a=details&id=35545,,,['061bec013da8b42eef87472fc43314bf4ed8a063.bps'],['061bec013da8b42eef87472fc43314bf4ed8a063.json'],
,,19 Nov 2023,35546,KAIZO ISLAND,,,,,SMW Magic,,,,,Tool-Assisted: Pit,,/?p=section&a=details&id=35546,,,['56650730fcbc803b5b7d4a4e4858d21b06baa3f6.bps'],['56650730fcbc803b5b7d4a4e4858d21b06baa3f6.json'],
,,18 Nov 2023,35539,Super Yaguchi World,,,,,Yaguchi,,,,,Kaizo: Intermediate,,/?p=section&a=details&id=35539,,,['0010123019ae527017a625515903117fc1071adc.bps'],['0010123019ae527017a625515903117fc1071adc.json'],
,,10 Nov 2023,35494,Mysterious Mario ROM,,,,,someblox,,,,,Misc.: Troll,,/?p=section&a=details&id=35494,,,['230863943d7cf4d33c7075e7073a3092a2e7507e.bps'],['230863943d7cf4d33c7075e7073a3092a2e7507e.json'],
,,09 Nov 2023,35488,Marios Challenge 1,,,,,SMW Magic,,,,,Standard: Easy,,/?p=section&a=details&id=35488,,,['13f3bb0cf9fc296d64f70604041e09417cdffa91.bps'],['13f3bb0cf9fc296d64f70604041e09417cdffa91.json'],
,,05 Nov 2023,35438,Super Qwholled World!,,,,,Qwoll,,,,,Kaizo: Beginner,,/?p=section&a=details&id=35438,,,['04765162bbf4e742a8934972ac99311213fe971f.bps'],['04765162bbf4e742a8934972ac99311213fe971f.json'],
,,28 Oct 2023,35361,Broken Super Mario World,,,,,kramsdell,,,,,Standard: Very Hard,,/?p=section&a=details&id=35361,,,['3cd66809efecdcef06123e0832c6466f8c786772.bps'],['3cd66809efecdcef06123e0832c6466f8c786772.json'],
,,03 Oct 2023,35162,Ours Life 2,,,,,Lysenko_Offical,,,,,Standard: Hard,,/?p=section&a=details&id=35162,,,['befb43e7aac63516949ca85b085fea53b8e6673b.bps'],['befb43e7aac63516949ca85b085fea53b8e6673b.json'],
,,03 Oct 2023,35168,Super Mario Ding Dong Pizza Flubapalooza,,,,,Vyxi,,,,,Standard: Normal,,/?p=section&a=details&id=35168,,,['2ef9ce761a6c4e78ed72e30466b04b80793c67e0.bps'],['2ef9ce761a6c4e78ed72e30466b04b80793c67e0.json'],
,,29 Sep 2023,35144,Aventures Begin,,,,,Yutuz,,,,,Standard: Normal,,/?p=section&a=details&id=35144,,,['dc84cdb6362436a0bb32303d3ae754eb8ba90207.bps'],['dc84cdb6362436a0bb32303d3ae754eb8ba90207.json'],
,,25 Sep 2023,35134,Mario Up,,,,,Hammerer,,,,,"Standard: Very Hard, Misc.: Troll",,/?p=section&a=details&id=35134,,,"['d97100bf42a9cf2ad3aa5fe8c0e152745ba0cfcb.bps', 'a6c0e22e6121a78dd6158cbed2b29e971419e59d.bps']","['d97100bf42a9cf2ad3aa5fe8c0e152745ba0cfcb.json', 'a6c0e22e6121a78dd6158cbed2b29e971419e59d.json']",
,,18 Sep 2023,35099,IcAnTkAiZo World,,,,,IcAnTkAiZo,,,,,Kaizo: Intermediate,,/?p=section&a=details&id=35099,,,['d49d62c19648835f31da7d0c355856451f1321dd.bps'],['d49d62c19648835f31da7d0c355856451f1321dd.json'],
,,15 Sep 2023,35079,Super Luigi World - alpha,,,,,Luigi764,,,,,"Standard: Normal, Standard: Hard",,/?p=section&a=details&id=35079,,,['c62eeae79e6663884ad92352da5835e00886bcc0.bps'],['c62eeae79e6663884ad92352da5835e00886bcc0.json'],
,,14 Sep 2023,35068,Super Super Mario World (SSMW),,,,,etherafr2,,,,,Kaizo: Intermediate,,/?p=section&a=details&id=35068,,,['2a3610972f79f6de6367db41df32dc9720822dc5.bps'],['2a3610972f79f6de6367db41df32dc9720822dc5.json'],
,,11 Sep 2023,35058,The heat,,,,,IcAnTkAiZo,,,,,Kaizo: Beginner,,/?p=section&a=details&id=35058,,,['8f07a0e94920773924a1b81baa68d63bed1de0c5.bps'],['8f07a0e94920773924a1b81baa68d63bed1de0c5.json'],
,,09 Sep 2023,34976,Empty Mario World,,,,,bella-w,,,,,Standard: Easy,,/?p=section&a=details&id=34976,,,['6850032269edd2ffbed3d8df79c4efcf0a61bb5f.bps'],['6850032269edd2ffbed3d8df79c4efcf0a61bb5f.json'],
,,28 Aug 2023,34972,Super Mario. The Next Levels 4,,,,,Rauf,,,,,Standard: Hard,,/?p=section&a=details&id=34972,,,['dc6aa4233c852e6fa92bfee08e071e2586d3a5ee.bps'],['dc6aa4233c852e6fa92bfee08e071e2586d3a5ee.json'],
,,20 Aug 2023,34916,mario youtuber seu mundo 1,,,,,calebegamesrom,,,,,Standard: Normal,,/?p=section&a=details&id=34916,,,['978537478f55acad93128194c71deb937afb8863.bps'],['978537478f55acad93128194c71deb937afb8863.json'],
,,19 Aug 2023,34911,Ours Life,,,,,Lysenko_Offical,,,,,Standard: Normal,,/?p=section&a=details&id=34911,,,['8d0d95730b109656341439c12002dc2bc4d6dea4.bps'],['8d0d95730b109656341439c12002dc2bc4d6dea4.json'],
,,15 Aug 2023,34865,nintendo world,,,,,colten,,,,,Standard: Easy,,/?p=section&a=details&id=34865,,,['61be59927491e4d9bddc9dfb85f459f8a002ccd9.bps'],['61be59927491e4d9bddc9dfb85f459f8a002ccd9.json'],
,,07 Aug 2023,34767,SMW.smc,,,,,MarioIsTheBest1234,,,,,Standard: Easy,,/?p=section&a=details&id=34767,,,['6eb2f7e572e32f7063c547ce746b7791a22a90a4.bps'],['6eb2f7e572e32f7063c547ce746b7791a22a90a4.json'],
,,07 Aug 2023,34772,Rob-omb's Quest 2,,,,,unknownperson123,,,,,Standard: Easy,,/?p=section&a=details&id=34772,,,['7864f6b3f635b87a3fbd9df30a1854cf0139cfad.bps'],['7864f6b3f635b87a3fbd9df30a1854cf0139cfad.json'],
,,01 Aug 2023,34658,Super Mario World - layer 3 and parallax scrolling hack,,,,,slogra,,,,,Standard: Normal,,/?p=section&a=details&id=34658,,,['5b63639324bd23d2b2b436b1bb4c2b7f8e362434.bps'],['5b63639324bd23d2b2b436b1bb4c2b7f8e362434.json'],
,,22 Jul 2023,34445,Super Popo World,,,,,LoloplotL,,,,,Standard: Very Hard,,/?p=section&a=details&id=34445,,,['77170ce480225f79c7e8e559e9c81a9623e5cb7b.bps'],['77170ce480225f79c7e8e559e9c81a9623e5cb7b.json'],
,,21 Jul 2023,34434,Super Mario World: 2-World Turf War v1.3.4,,,,,neptunes-bad-at-hacking,,,,,Standard: Normal,,/?p=section&a=details&id=34434,,,['4144731bb4df4eb574c55246747ec2700487a3e0.bps'],['4144731bb4df4eb574c55246747ec2700487a3e0.json'],
,,21 Jul 2023,34435,Mushroom Kingdom Escape,,,,,Mario is the best,,,,,"Standard: Normal, Standard: Hard",,/?p=section&a=details&id=34435,,,['6f4bef7c7a380516d644b7212e9c8d6f0fcd379a.bps'],['6f4bef7c7a380516d644b7212e9c8d6f0fcd379a.json'],
,,21 Jul 2023,34433,mario land 4,,,,,Mgraymallio,,,,,Standard: Normal,,/?p=section&a=details&id=34433,,,['fc5f1b2be200fed94fad38b94a47c8eab72ca778.bps'],['fc5f1b2be200fed94fad38b94a47c8eab72ca778.json'],
,,20 Jul 2023,34425,Mario Starcatcher 2,,,,,Yutuz,,,,,Standard: Normal,,/?p=section&a=details&id=34425,,,['2f636396d4ed4b16d93d85f60bb80a54a526aa52.bps'],['2f636396d4ed4b16d93d85f60bb80a54a526aa52.json'],
,,19 Jul 2023,34416,Super Mario Legends 3 - Bowser's Last Stand,,,,,Raychu2021,,,,,Standard: Normal,,/?p=section&a=details&id=34416,,,['9b2ac8a1b62930b4e7d7eb1244ac62ea511b9460.bps'],['9b2ac8a1b62930b4e7d7eb1244ac62ea511b9460.json'],
,,16 Jul 2023,34391,Super Breh World,,,,,None,,,,,Kaizo: Intermediate,,/?p=section&a=details&id=34391,,,['e2ba4b0bb4d8a345ae099aa0e8290b5899574b9d.bps'],['e2ba4b0bb4d8a345ae099aa0e8290b5899574b9d.json'],
,,15 Jul 2023,34388,Super Hanokah World,,,,,hanokah,,,,,"Standard: Normal, Standard: Hard",,/?p=section&a=details&id=34388,,,['5292458f50607916abb432fc86507b03ec959c61.bps'],['5292458f50607916abb432fc86507b03ec959c61.json'],
,,14 Jul 2023,34378,Thinked world,,,,,time's not left,,,,,Kaizo: Intermediate,,/?p=section&a=details&id=34378,,,['5af4e6f56c0fb22d70152f6c5b6172cbe0c9d415.bps'],['5af4e6f56c0fb22d70152f6c5b6172cbe0c9d415.json'],
,,02 Jul 2023,34220,Sonic CD (JP)ost snes edition MSU-1,,,,,figuiDOS,,,,,Standard: Normal,,/?p=section&a=details&id=34220,,,['f4be03793dc39c57de32ecd0e10b9f28be14f25c.bps'],['f4be03793dc39c57de32ecd0e10b9f28be14f25c.json'],
,,30 Jun 2023,34205,Super Adventure Island,,,,,soytak111,,,,,Kaizo: Beginner,,/?p=section&a=details&id=34205,,,['c1e76419d57f970528012f7f3229bdc6c3de8ae9.bps'],['c1e76419d57f970528012f7f3229bdc6c3de8ae9.json'],
,,26 Jun 2023,34182,Mario must... not die!,,,,,pinguwahoo,,,,,"Standard: Normal, Standard: Hard, Standard: Very Hard",,/?p=section&a=details&id=34182,,,['981d285939edec4d1f6a21b170a8331d176b4df7.bps'],['981d285939edec4d1f6a21b170a8331d176b4df7.json'],
,,26 Jun 2023,34183,I Played Too Much JokerShellOK and Made This. I'm Sorry,,,,,shovda,,,,,Kaizo: Expert,,/?p=section&a=details&id=34183,,,['03c618d15bf9d344146a4abc1fb8253bb403acb6.bps'],['03c618d15bf9d344146a4abc1fb8253bb403acb6.json'],
,,22 Jun 2023,34157,RASE FALL OF THWOMP DEFINITIVE EDITION,,,,,None,,,,,None,,/?p=section&a=details&id=34157,,,['2f37cd1315336107984d6ee7fb1b93c42f46a626.bps'],['2f37cd1315336107984d6ee7fb1b93c42f46a626.json'],
,,21 Jun 2023,34147,Beginning of the End (V 1.1),,,,,None,,,,,None,,/?p=section&a=details&id=34147,,,['067afe035fb4f53198f7e78051e8991b36f4e74d.bps'],['067afe035fb4f53198f7e78051e8991b36f4e74d.json'],
,,21 Jun 2023,34148,Mario's Pride Month Mini Quest,,,,,None,,,,,None,,/?p=section&a=details&id=34148,,,['3fc0d014cebf0794d4657d05b903861292b64f8f.bps'],['3fc0d014cebf0794d4657d05b903861292b64f8f.json'],
,,16 Jun 2023,34127,New Sonic Generations,,,,,None,,,,,None,,/?p=section&a=details&id=34127,,,['0c7166242a16d5a1326d428b60289e60f4cbb9ff.bps'],['0c7166242a16d5a1326d428b60289e60f4cbb9ff.json'],
,,15 Jun 2023,34120,Maggie Calos-The Bowser and Bandlard war,,,,,None,,,,,None,,/?p=section&a=details&id=34120,,,['bd3a36d3e38227864d398ba195f52d476e879d7d.bps'],['bd3a36d3e38227864d398ba195f52d476e879d7d.json'],
,,14 Jun 2023,34115,Smoked Fish and Cabbage,,,,,None,,,,,None,,/?p=section&a=details&id=34115,,,['10b7461eba2638da815f1274818a6cfe52afc601.bps'],['10b7461eba2638da815f1274818a6cfe52afc601.json'],
,,11 Jun 2023,34096,Alpha Shelltauri,,,,,None,,,,,None,,/?p=section&a=details&id=34096,,,['972856c49a994c480b863bcfefe4fc849f9a8bc8.bps'],['972856c49a994c480b863bcfefe4fc849f9a8bc8.json'],
,,09 Jun 2023,34079,New Kaizo World 1 The 9 Magic Levels v1.0,,,,,None,,,,,None,,/?p=section&a=details&id=34079,,,['7e207e487d17c1578787a1ee697230fd1b7bb9d7.bps'],['7e207e487d17c1578787a1ee697230fd1b7bb9d7.json'],
,,05 Jun 2023,34057,Super Luigi World,,,,,None,,,,,None,,/?p=section&a=details&id=34057,,,['bd74955809948dd52c232ee6a472ffd1145cd536.bps'],['bd74955809948dd52c232ee6a472ffd1145cd536.json'],
,,04 Jun 2023,34054,Flying High Again,,,,,None,,,,,None,,/?p=section&a=details&id=34054,,,['3acd02be6d3de87a0bc02549cca9367946514103.bps'],['3acd02be6d3de87a0bc02549cca9367946514103.json'],
,,23 May 2023,33995,Colorful Ride,,,,,None,,,,,None,,/?p=section&a=details&id=33995,,,['d3b6c50da1d476ff2749a70bff105e3a8989d827.bps'],['d3b6c50da1d476ff2749a70bff105e3a8989d827.json'],
,,22 May 2023,33989,Super Mario World 2021 (Patch 2023),,,,,None,,,,,None,,/?p=section&a=details&id=33989,,,"['c22e1341ddb6d92c31767cea2efa221f440f5afd.bps', '94d591c359f62254674ea2ebf5fe4bac6d9e0a20.bps']","['c22e1341ddb6d92c31767cea2efa221f440f5afd.json', '94d591c359f62254674ea2ebf5fe4bac6d9e0a20.json']",
,,15 May 2023,33942,Super Mario World As Ilhas,,,,,None,,,,,None,,/?p=section&a=details&id=33942,,,['49ed1866e78b3c5596cda12877ca6cb275126bcc.bps'],['49ed1866e78b3c5596cda12877ca6cb275126bcc.json'],
,,14 May 2023,33931,Super Mario Starline,,,,,None,,,,,None,,/?p=section&a=details&id=33931,,,['b661f3711a9f973f61a5aa4c7a629fe478b19098.bps'],['b661f3711a9f973f61a5aa4c7a629fe478b19098.json'],
,,09 May 2023,33903,Capirotada Land 2: Meta Knight's Intervention v. 1.2,,,,,None,,,,,None,,/?p=section&a=details&id=33903,,,['4ecdcaa68e0d45a558cab640c0d55dd68301e029.bps'],['4ecdcaa68e0d45a558cab640c0d55dd68301e029.json'],
,,07 May 2023,33893,New Super Frosty World,,,,,None,,,,,None,,/?p=section&a=details&id=33893,,,['b4ba468ea2e5e0824a9e565eda7c16a4eeda04de.bps'],['b4ba468ea2e5e0824a9e565eda7c16a4eeda04de.json'],
,,06 May 2023,33881,Play To Win,,,,,None,,,,,None,,/?p=section&a=details&id=33881,,,['55b68a6ecdd04bf52d25243c0cc1905cf9b904ca.bps'],['55b68a6ecdd04bf52d25243c0cc1905cf9b904ca.json'],
,,30 Apr 2023,33849,Super Mario World: Autumn Island,,,,,None,,,,,None,,/?p=section&a=details&id=33849,,,['e39406aedc0efd499e8ad7cea2604951019868a1.bps'],['e39406aedc0efd499e8ad7cea2604951019868a1.json'],
,,27 Apr 2023,33836,Project 89,,,,,None,,,,,None,,/?p=section&a=details&id=33836,,,"['cb2eecb45a3cb6ad8f643bd47ae660ddedb14e8a.bps', 'b8efb88a1a0feab3614782bdf080fbbd44075b63.bps']","['cb2eecb45a3cb6ad8f643bd47ae660ddedb14e8a.json', 'b8efb88a1a0feab3614782bdf080fbbd44075b63.json']",
,,25 Apr 2023,33817,Mario Mania,,,,,None,,,,,None,,/?p=section&a=details&id=33817,,,['a083f207843f9e9236f8c077a40ad83cd3314121.bps'],['a083f207843f9e9236f8c077a40ad83cd3314121.json'],
,,24 Apr 2023,33808,Super Mario World 2021 (PT-BR) + (USA),,,,,None,,,,,None,,/?p=section&a=details&id=33808,,,"['27841fba800962a5a1b71651738ecd1899c9c7b3.bps', '7c903d0437f03788eaa8ba179bcfa278e38b23be.bps']","['27841fba800962a5a1b71651738ecd1899c9c7b3.json', '7c903d0437f03788eaa8ba179bcfa278e38b23be.json']",
,,24 Apr 2023,33812,CroNos Trigger,,,,,None,,,,,None,,/?p=section&a=details&id=33812,,,['8a8774327aca33e222b35a994e0012a55e1269cc.bps'],['8a8774327aca33e222b35a994e0012a55e1269cc.json'],
,,21 Apr 2023,33789,Burning Star,,,,,None,,,,,None,,/?p=section&a=details&id=33789,,,['77b1e8a4c61e147fc72941479bd310deaa8066c1.bps'],['77b1e8a4c61e147fc72941479bd310deaa8066c1.json'],
,,20 Apr 2023,33786,Super Mario World Definitive Edition,,,,,None,,,,,None,,/?p=section&a=details&id=33786,,,['3efcd56d7d05d7b9cc77f6e3c531a43d5388110c.bps'],['3efcd56d7d05d7b9cc77f6e3c531a43d5388110c.json'],
,,19 Apr 2023,33784,Super Mario World: Bowser's Kaizo Conspiracy,,,,,None,,,,,None,,/?p=section&a=details&id=33784,,,['87a3495a016bac266721edbe2230d46bf6d2c2f7.bps'],['87a3495a016bac266721edbe2230d46bf6d2c2f7.json'],
,,19 Apr 2023,33783,kaizo mario,,,,,None,,,,,None,,/?p=section&a=details&id=33783,,,['99345464abe6a908ad103af2fdeeaca3424ad671.bps'],['99345464abe6a908ad103af2fdeeaca3424ad671.json'],
,,16 Apr 2023,33771,Sonic Epic World,,,,,None,,,,,None,,/?p=section&a=details&id=33771,,,['ba0f834e20334e6d2d4cb077bcec729f78f4df9c.bps'],['ba0f834e20334e6d2d4cb077bcec729f78f4df9c.json'],
,,15 Apr 2023,33764,Mario and The Final Levels,,,,,None,,,,,None,,/?p=section&a=details&id=33764,,,['e40d17aff95ec19b2a6f80b78990a20a46e61a43.bps'],['e40d17aff95ec19b2a6f80b78990a20a46e61a43.json'],
,,11 Apr 2023,33730,Improved Boss Test Room,,,,,None,,,,,None,,/?p=section&a=details&id=33730,,,['aa1399e6057858066ac26160ec90ecf231f8719f.bps'],['aa1399e6057858066ac26160ec90ecf231f8719f.json'],
,,09 Apr 2023,33720,This Hack Needs a Name,,,,,None,,,,,None,,/?p=section&a=details&id=33720,,,"['dc3118a6ae51e249cbf121f92ef0ed231c267607.bps', '317fdd8bf88672d93d4f77d28ea392b1464331ac.bps']","['dc3118a6ae51e249cbf121f92ef0ed231c267607.json', '317fdd8bf88672d93d4f77d28ea392b1464331ac.json']",
,,05 Apr 2023,33697,Super Mario World - The Forbidden Sewers,,,,,None,,,,,None,,/?p=section&a=details&id=33697,,,['a0342270d22a9d92427f107e99ae8160a00cc342.bps'],['a0342270d22a9d92427f107e99ae8160a00cc342.json'],
,,05 Apr 2023,33699,Oxworm,,,,,None,,,,,None,,/?p=section&a=details&id=33699,,,['84aa7a0412e8460cc7f344c92086e491fb872bb8.bps'],['84aa7a0412e8460cc7f344c92086e491fb872bb8.json'],
,,02 Apr 2023,33680,Reznor: Tributo a la Fortaleza,,,,,None,,,,,None,,/?p=section&a=details&id=33680,,,['a5ab248c8fda32fa040b43db829689c251631550.bps'],['a5ab248c8fda32fa040b43db829689c251631550.json'],
,,31 Mar 2023,33651,Super Curious World,,,,,None,,,,,None,,/?p=section&a=details&id=33651,,,['dbc3da6df7b211482bc81e0b03e36c43fbd77fa4.bps'],['dbc3da6df7b211482bc81e0b03e36c43fbd77fa4.json'],
,,30 Mar 2023,33648,Super Mario World Flight Of the Keys 2,,,,,None,,,,,None,,/?p=section&a=details&id=33648,,,['8f9b6793a9fce329b5100460892be5831af54109.bps'],['8f9b6793a9fce329b5100460892be5831af54109.json'],
,,22 Mar 2023,33603,marios super adventure beta number 1,,,,,None,,,,,None,,/?p=section&a=details&id=33603,,,['4944b5fb08a26a12c23e1914fc2a68439b3022b4.bps'],['4944b5fb08a26a12c23e1914fc2a68439b3022b4.json'],
,,20 Mar 2023,33585,Mario - The Mystical Gem,,,,,None,,,,,None,,/?p=section&a=details&id=33585,,,['99870a7e357a29dd7a3ff2325bcb8e838dccaddc.bps'],['99870a7e357a29dd7a3ff2325bcb8e838dccaddc.json'],
,,20 Mar 2023,33583,Unlimited  extra lives,,,,,None,,,,,None,,/?p=section&a=details&id=33583,,,['7178ef54539629d6b4b1c9a398ed8eae3205f786.bps'],['7178ef54539629d6b4b1c9a398ed8eae3205f786.json'],
,,20 Mar 2023,33584,Boss select  and Top secret Area,,,,,None,,,,,None,,/?p=section&a=details&id=33584,,,['face25c7562c4eb5aa0a54b89611802c5c06b82b.bps'],['face25c7562c4eb5aa0a54b89611802c5c06b82b.json'],
,,20 Mar 2023,33586,Super Barb World,,,,,None,,,,,None,,/?p=section&a=details&id=33586,,,['c92d66d3f25cc445b0a954cd965759489d9a880d.bps'],['c92d66d3f25cc445b0a954cd965759489d9a880d.json'],
,,19 Mar 2023,33575,Lurn 2 Shell,,,,,None,,,,,None,,/?p=section&a=details&id=33575,,,['92c308dbbfda11319f4c2664567134b5f71189ef.bps'],['92c308dbbfda11319f4c2664567134b5f71189ef.json'],
,,18 Mar 2023,33568,Fruit Dealer,,,,,None,,,,,None,,/?p=section&a=details&id=33568,,,['688b3f28e49f4feaa4c4b2033660705d5552f84e.bps'],['688b3f28e49f4feaa4c4b2033660705d5552f84e.json'],
,,18 Mar 2023,33569,Bowser's Hideout Deluxe,,,,,None,,,,,None,,/?p=section&a=details&id=33569,,,['4d6edd4929bea0d4f8e4f08741e8337deefd0a64.bps'],['4d6edd4929bea0d4f8e4f08741e8337deefd0a64.json'],
,,16 Mar 2023,33557,Fast Switch Palaces,,,,,None,,,,,None,,/?p=section&a=details&id=33557,,,['2870c6fa026c4505351079089c9e2447cc310919.bps'],['2870c6fa026c4505351079089c9e2447cc310919.json'],
,,16 Mar 2023,33558,Many Throw Blocks,,,,,None,,,,,None,,/?p=section&a=details&id=33558,,,['8723682ce5daf61dcb8eb391cb6423b2737cba67.bps'],['8723682ce5daf61dcb8eb391cb6423b2737cba67.json'],
,,14 Mar 2023,33553,Super Mario World's Secret Island,,,,,None,,,,,None,,/?p=section&a=details&id=33553,,,['349ee9ee2b843fee6f65371d0251067a730c4f01.bps'],['349ee9ee2b843fee6f65371d0251067a730c4f01.json'],
,,10 Mar 2023,33507,Meet The Balkans (Demo),,,,,None,,,,,None,,/?p=section&a=details&id=33507,,,['0ceaea821f25d62882ccf17591cd67e8291ca947.bps'],['0ceaea821f25d62882ccf17591cd67e8291ca947.json'],
,,10 Mar 2023,33510,SMW The Princess Rescue 3 - The Turnabout,,,,,None,,,,,None,,/?p=section&a=details&id=33510,,,"['458ed4f87a87df148f5669dd9ec36dc6d581aeee.bps', 'd31eb63a67fc0e11a907c43177daa04065d5c0f0.bps']","['458ed4f87a87df148f5669dd9ec36dc6d581aeee.json', 'd31eb63a67fc0e11a907c43177daa04065d5c0f0.json']",
,,08 Mar 2023,33485,Trinity Shells,,,,,None,,,,,None,,/?p=section&a=details&id=33485,,,['942f56a10e1903d22c51da0293df0e3751374695.bps'],['942f56a10e1903d22c51da0293df0e3751374695.json'],
,,05 Mar 2023,33447,SMW PAE - The Lost Levels,,,,,None,,,,,None,,/?p=section&a=details&id=33447,,,['c0c7080142bea47f1b7756744a608f2a33c98978.bps'],['c0c7080142bea47f1b7756744a608f2a33c98978.json'],
,,02 Mar 2023,33418,SMW: Luigi's Mystic Saga v1.3.2,,,,,None,,,,,None,,/?p=section&a=details&id=33418,,,"['370e4cc84f7f9e60d533a34b9ee4fa8a22632e68.bps', '87f4d15f70e8ec37df003b669c654334ed35798a.bps']","['370e4cc84f7f9e60d533a34b9ee4fa8a22632e68.json', '87f4d15f70e8ec37df003b669c654334ed35798a.json']",
,,28 Feb 2023,33387,Pineapple Porcupine,,,,,None,,,,,None,,/?p=section&a=details&id=33387,,,['cb81db1177b7aa85567decfa255c5773eca2024c.bps'],['cb81db1177b7aa85567decfa255c5773eca2024c.json'],
,,27 Feb 2023,33380,RASE FALL OF THWOMP 1.1,,,,,None,,,,,None,,/?p=section&a=details&id=33380,,,['e3708bc3f9a902cdca998b1c15416e96970a18e5.bps'],['e3708bc3f9a902cdca998b1c15416e96970a18e5.json'],
,,20 Feb 2023,33307,Harmful,,,,,None,,,,,None,,/?p=section&a=details&id=33307,,,['c29a903181b867b209c28b18c758d38abcd12423.bps'],['c29a903181b867b209c28b18c758d38abcd12423.json'],
,,20 Feb 2023,33310,Harmful V2.0,,,,,None,,,,,None,,/?p=section&a=details&id=33310,,,['275a432b8f05fe94fd33a6759c2e0c5c818ed889.bps'],['275a432b8f05fe94fd33a6759c2e0c5c818ed889.json'],
,,19 Feb 2023,33303,geometry dash world,,,,,None,,,,,None,,/?p=section&a=details&id=33303,,,['c8c792cde1437558966b4d339d92d7cf3b7d5fff.bps'],['c8c792cde1437558966b4d339d92d7cf3b7d5fff.json'],
,,17 Feb 2023,33287,Super Mario: New Quest,,,,,None,,,,,None,,/?p=section&a=details&id=33287,,,['96c4dd2ba7f88dd1c00ab8bba95307af643d1c25.bps'],['96c4dd2ba7f88dd1c00ab8bba95307af643d1c25.json'],
,,16 Feb 2023,33270,Mario's Worst Nightmare REMASTERED,,,,,None,,,,,None,,/?p=section&a=details&id=33270,,,['130d9fd66a3041d7d6057eb033d55ffaa6a57da6.bps'],['130d9fd66a3041d7d6057eb033d55ffaa6a57da6.json'],
,,14 Feb 2023,33242,SMB3 World 1-1,,,,,None,,,,,None,,/?p=section&a=details&id=33242,,,['92b27b73d460a71917cf545bf888b49ecd6ff03a.bps'],['92b27b73d460a71917cf545bf888b49ecd6ff03a.json'],
,,14 Feb 2023,33244,Power-up Area,,,,,None,,,,,None,,/?p=section&a=details&id=33244,,,['f01aa5e3b8cab0b5fa756906b5664cc48f120d32.bps'],['f01aa5e3b8cab0b5fa756906b5664cc48f120d32.json'],
,,13 Feb 2023,33220,Super LouisDoucet World 2,,,,,None,,,,,None,,/?p=section&a=details&id=33220,,,['66dfa5b2ba8f628bb17b12a0c1dd008eb0b015a6.bps'],['66dfa5b2ba8f628bb17b12a0c1dd008eb0b015a6.json'],
,,11 Feb 2023,33128,X-Drive,,,,,None,,,,,None,,/?p=section&a=details&id=33128,,,['5392cb560ff835630a2a8e5cf4b5d79a26023dce.bps'],['5392cb560ff835630a2a8e5cf4b5d79a26023dce.json'],
,,10 Feb 2023,33116,Super Marisa Adventure World 2 - Mari Mari Back Forward Around (C3 World-5 Demo),,,,,None,,,,,None,,/?p=section&a=details&id=33116,,,['fad461f349c8757a777f5f3af583be893e1b2cfe.bps'],['fad461f349c8757a777f5f3af583be893e1b2cfe.json'],
,,10 Feb 2023,33101,Super Hanox World: C3 2023 Demo,,,,,None,,,,,None,,/?p=section&a=details&id=33101,,,['5afecceb68ca110608e334ff6e325a250e7c8529.bps'],['5afecceb68ca110608e334ff6e325a250e7c8529.json'],
,,10 Feb 2023,33108,Mario Must Die 3,,,,,None,,,,,None,,/?p=section&a=details&id=33108,,,['1394369a6e29707fc118fbad0bcb65596d90387c.bps'],['1394369a6e29707fc118fbad0bcb65596d90387c.json'],
,,05 Feb 2023,33047,Level 105,,,,,None,,,,,None,,/?p=section&a=details&id=33047,,,['8180e14c928f0036f7b8bf89fa8dfac991f951b4.bps'],['8180e14c928f0036f7b8bf89fa8dfac991f951b4.json'],
,,05 Feb 2023,33048,SMB1 World 1-1 Enhanced,,,,,None,,,,,None,,/?p=section&a=details&id=33048,,,['8fe2fcc561a47c4288182d78e2bda02a8f18c2da.bps'],['8fe2fcc561a47c4288182d78e2bda02a8f18c2da.json'],
,,02 Feb 2023,33035,L,,,,,None,,,,,None,,/?p=section&a=details&id=33035,,,['7737408483e89294cc9b2328ce89f8f8384613d7.bps'],['7737408483e89294cc9b2328ce89f8f8384613d7.json'],
,,01 Feb 2023,33029,Mario Memorandum: New Game Plus,,,,,None,,,,,None,,/?p=section&a=details&id=33029,,,['ace8195e3e2c019f9497e1c9ac19f040ee6a000a.bps'],['ace8195e3e2c019f9497e1c9ac19f040ee6a000a.json'],
,,28 Jan 2023,33020,Super Mamma Mia World!,,,,,None,,,,,None,,/?p=section&a=details&id=33020,,,['84fe99c5222a59a78df76fcd753d590acede0124.bps'],['84fe99c5222a59a78df76fcd753d590acede0124.json'],
,,27 Jan 2023,33011,Nebula,,,,,None,,,,,None,,/?p=section&a=details&id=33011,,,['f21be839cf48c22bf1a2fceb8fa148efd9a79df4.bps'],['f21be839cf48c22bf1a2fceb8fa148efd9a79df4.json'],
,,27 Jan 2023,33012,MarioFan World,,,,,None,,,,,None,,/?p=section&a=details&id=33012,,,['7ef59d3845ff272be8e3f1a78b2dd4486f530dd9.bps'],['7ef59d3845ff272be8e3f1a78b2dd4486f530dd9.json'],
,,25 Jan 2023,33001,Kaze,,,,,None,,,,,None,,/?p=section&a=details&id=33001,,,['e78d66ee226e17f993f250223e5a1f6dab4d7079.bps'],['e78d66ee226e17f993f250223e5a1f6dab4d7079.json'],
,,23 Jan 2023,32986,Linnaea,,,,,None,,,,,None,,/?p=section&a=details&id=32986,,,['4a9493e37abf9d79ac8947342954104270a7e698.bps'],['4a9493e37abf9d79ac8947342954104270a7e698.json'],
,,23 Jan 2023,32993,Kings of Kuso,,,,,None,,,,,None,,/?p=section&a=details&id=32993,,,"['e9c8cabd87f13ce08470dea4595b5f5aa90cf194.bps', '3040925f1b33cd6b0128634e767af9ddb779eecf.bps']","['e9c8cabd87f13ce08470dea4595b5f5aa90cf194.json', '3040925f1b33cd6b0128634e767af9ddb779eecf.json']",
,,22 Jan 2023,32982,Alabaras Shells 1.1,,,,,None,,,,,None,,/?p=section&a=details&id=32982,,,['c30b08e9bf4de6b0c81cbdd9ecad68d7873d9e0f.bps'],['c30b08e9bf4de6b0c81cbdd9ecad68d7873d9e0f.json'],
,,20 Jan 2023,32973,Super Mario Fiwerland,,,,,None,,,,,None,,/?p=section&a=details&id=32973,,,"['d0ab4ca14f8346a307b593dbdc21b7f452890916.bps', 'd70678a3b9190d738015ac268ec82b45f5019e64.bps']","['d0ab4ca14f8346a307b593dbdc21b7f452890916.json', 'd70678a3b9190d738015ac268ec82b45f5019e64.json']",
,,19 Jan 2023,32959,Supa Koopa Cousins,,,,,None,,,,,None,,/?p=section&a=details&id=32959,,,['c0217a06d4963f1a4e0cf1c34821753590fccb79.bps'],['c0217a06d4963f1a4e0cf1c34821753590fccb79.json'],
,,19 Jan 2023,32960,Aeron's Golden Cookie Quest,,,,,None,,,,,None,,/?p=section&a=details&id=32960,,,['2dfd485d60d147d0ab246f8d342148c7720e862d.bps'],['2dfd485d60d147d0ab246f8d342148c7720e862d.json'],
,,19 Jan 2023,32963,Alabaras Shells,,,,,None,,,,,None,,/?p=section&a=details&id=32963,,,['fefdb0ee71ae62362fb725289d7f13c3bbbeaa96.bps'],['fefdb0ee71ae62362fb725289d7f13c3bbbeaa96.json'],
,,19 Jan 2023,32967,SMW - Special Purple Triangle Edition,,,,,None,,,,,None,,/?p=section&a=details&id=32967,,,['add7a233d808fcfe53b7d4135cd1e57ebed7fe07.bps'],['add7a233d808fcfe53b7d4135cd1e57ebed7fe07.json'],
,,18 Jan 2023,32956,A1 Mario World,,,,,None,,,,,None,,/?p=section&a=details&id=32956,,,['14d12874149b6e6d57c9eb9abcd4dbe4816564e3.bps'],['14d12874149b6e6d57c9eb9abcd4dbe4816564e3.json'],
,,16 Jan 2023,32938,Mini Kaizo,,,,,None,,,,,None,,/?p=section&a=details&id=32938,,,['d2a2fd686d74b2e707d8af33348e24dc480e02e7.bps'],['d2a2fd686d74b2e707d8af33348e24dc480e02e7.json'],
,,11 Jan 2023,32918,Kaizo Marathon,,,,,None,,,,,None,,/?p=section&a=details&id=32918,,,['f0c5e05ca5b96c9baaa7551ca3c8389c6aaf5a62.bps'],['f0c5e05ca5b96c9baaa7551ca3c8389c6aaf5a62.json'],
,,29 Dec 2022,32840,World of Shells V. 1.3,,,,,None,,,,,None,,/?p=section&a=details&id=32840,,,['748e94e9b0f940f97e30d73807c5a1ea859d0688.bps'],['748e94e9b0f940f97e30d73807c5a1ea859d0688.json'],
,,27 Dec 2022,32833,Get On Up!,,,,,None,,,,,None,,/?p=section&a=details&id=32833,,,['45c8547389a6f05ef3a37eed51890eb4be58a489.bps'],['45c8547389a6f05ef3a37eed51890eb4be58a489.json'],
,,22 Dec 2022,32791,World of Shells v.1.01,,,,,None,,,,,None,,/?p=section&a=details&id=32791,,,['63949470a2db7e424c16fe7800bcbcec1ef0c61d.bps'],['63949470a2db7e424c16fe7800bcbcec1ef0c61d.json'],
,,22 Dec 2022,32792,World of Shells v.1.02,,,,,None,,,,,None,,/?p=section&a=details&id=32792,,,['524e6ad18941c525b692fc5cd3f4f43c93170b80.bps'],['524e6ad18941c525b692fc5cd3f4f43c93170b80.json'],
,,22 Dec 2022,32793,Gambit,,,,,None,,,,,None,,/?p=section&a=details&id=32793,,,['1b212fd91e34430d9ad813e1017d071332c7366c.bps'],['1b212fd91e34430d9ad813e1017d071332c7366c.json'],
,,20 Dec 2022,32776,Tatsujin Mario part 2,,,,,None,,,,,None,,/?p=section&a=details&id=32776,,,['634a9eca19ee091b3bfe19f11730fb9855f264f6.bps'],['634a9eca19ee091b3bfe19f11730fb9855f264f6.json'],
,,19 Dec 2022,32768,Doro Kaizo,,,,,None,,,,,None,,/?p=section&a=details&id=32768,,,['f38fcc4d7ce4d89b9367957371d85ef7c4f97329.bps'],['f38fcc4d7ce4d89b9367957371d85ef7c4f97329.json'],
,,18 Dec 2022,32765,Another Christmas Gift,,,,,None,,,,,None,,/?p=section&a=details&id=32765,,,['dd661fb96ad01a0da41bcd799032e0f250eb6152.bps'],['dd661fb96ad01a0da41bcd799032e0f250eb6152.json'],
,,18 Dec 2022,32766,Forever,,,,,None,,,,,None,,/?p=section&a=details&id=32766,,,['1411339177507db1928c22bb9836b437601e3c05.bps'],['1411339177507db1928c22bb9836b437601e3c05.json'],
,,15 Dec 2022,32741,Super Mario World - kando mode,,,,,None,,,,,None,,/?p=section&a=details&id=32741,,,['15abebd52326b8c2ec393266ce62ec93780abc13.bps'],['15abebd52326b8c2ec393266ce62ec93780abc13.json'],
,,13 Dec 2022,32737,Olden Out For A Hero,,,,,None,,,,,None,,/?p=section&a=details&id=32737,,,['27c4e2db57715ea45867c91ed3ab5ff1d1052891.bps'],['27c4e2db57715ea45867c91ed3ab5ff1d1052891.json'],
,,12 Dec 2022,32730,Sauna Mario World,,,,,None,,,,,None,,/?p=section&a=details&id=32730,,,['a440f847a900d7a1e8c26389ecff545519b205bf.bps'],['a440f847a900d7a1e8c26389ecff545519b205bf.json'],
,,07 Dec 2022,32709,"Tomorrow, Together",,,,,None,,,,,None,,/?p=section&a=details&id=32709,,,['a31af1be2ab937327171fa184b999eb3923d20e0.bps'],['a31af1be2ab937327171fa184b999eb3923d20e0.json'],
,,07 Dec 2022,32710,The End: The hardest hack that will ever be made.,,,,,None,,,,,None,,/?p=section&a=details&id=32710,,,['2bc9e892acabc013afcad09704cc4d649ef65fe0.bps'],['2bc9e892acabc013afcad09704cc4d649ef65fe0.json'],
,,04 Dec 2022,32687,Shelloween,,,,,None,,,,,None,,/?p=section&a=details&id=32687,,,"['0333238a2c901006cb564781b8cc7033718ab720.bps', '1b01c30b59463f9375e2e53397d11c5bccc76b1b.bps']","['0333238a2c901006cb564781b8cc7033718ab720.json', '1b01c30b59463f9375e2e53397d11c5bccc76b1b.json']",
,,04 Dec 2022,32688,SUPER MARIO WORLD 69420,,,,,None,,,,,None,,/?p=section&a=details&id=32688,,,['03d6f3726ebe15338e9edb4385a0477a5f536e09.bps'],['03d6f3726ebe15338e9edb4385a0477a5f536e09.json'],
,,04 Dec 2022,32690,Marisa's Dimensional Adventure Demo 2,,,,,None,,,,,None,,/?p=section&a=details&id=32690,,,['90ad4ab1dcf6ad91e25ca07fd8fb0c58b013bc25.bps'],['90ad4ab1dcf6ad91e25ca07fd8fb0c58b013bc25.json'],
,,03 Dec 2022,32683,Super Mario World: Season 3,,,,,None,,,,,None,,/?p=section&a=details&id=32683,,,['17c687a39a41198d568831a488599711ce506406.bps'],['17c687a39a41198d568831a488599711ce506406.json'],
,,02 Dec 2022,32681,Natsukashii Mario World,,,,,None,,,,,None,,/?p=section&a=details&id=32681,,,['a8609fc3de83207ba6edb9e43c39b1583f700b25.bps'],['a8609fc3de83207ba6edb9e43c39b1583f700b25.json'],
,,01 Dec 2022,32653,Hardcore Mario,,,,,None,,,,,None,,/?p=section&a=details&id=32653,,,['c4953c1e1ace5c666110b299b5698be72363c9f3.bps'],['c4953c1e1ace5c666110b299b5698be72363c9f3.json'],
,,30 Nov 2022,32650,Super Mario Country,,,,,None,,,,,None,,/?p=section&a=details&id=32650,,,['124cb5d2cc103d1615a9b5998755f04be37e8dac.bps'],['124cb5d2cc103d1615a9b5998755f04be37e8dac.json'],
,,28 Nov 2022,32643,Super Luigi World: Luigi's Fantastic Dream,,,,,None,,,,,None,,/?p=section&a=details&id=32643,,,['db82b8869f1a430f3fca1cb16d1c2c59939da915.bps'],['db82b8869f1a430f3fca1cb16d1c2c59939da915.json'],
,,28 Nov 2022,32645,Halo 14 - Side B,,,,,None,,,,,None,,/?p=section&a=details&id=32645,,,['46ca101188d0bc9bec21026df6f79d1541a52be5.bps'],['46ca101188d0bc9bec21026df6f79d1541a52be5.json'],
,,26 Nov 2022,32630,Blue World (final version),,,,,None,,,,,None,,/?p=section&a=details&id=32630,,,"['97d1811befcdaa6e7ca594305ed4fffee012f100.bps', '7dec01d9858d1b6f793191cf44d69ad37c137fb5.bps']","['97d1811befcdaa6e7ca594305ed4fffee012f100.json', '7dec01d9858d1b6f793191cf44d69ad37c137fb5.json']",
,,25 Nov 2022,32624,Apple Guardian,,,,,None,,,,,None,,/?p=section&a=details&id=32624,,,['94bf2ddb456ca3da575c6b74878e4a4c189019fa.bps'],['94bf2ddb456ca3da575c6b74878e4a4c189019fa.json'],
,,14 Nov 2022,32573,Super Krizeth World,,,,,None,,,,,None,,/?p=section&a=details&id=32573,,,"['d0d216397416a1aca82ded9de11ac249d6bc6e58.bps', '0e27415ce0aaceeb7410c53778f79b06f2bd665f.bps']","['d0d216397416a1aca82ded9de11ac249d6bc6e58.json', '0e27415ce0aaceeb7410c53778f79b06f2bd665f.json']",
,,12 Nov 2022,32560,A short Journey,,,,,None,,,,,None,,/?p=section&a=details&id=32560,,,['6055598a854672a0fbdb03295b9a4b14baef613b.bps'],['6055598a854672a0fbdb03295b9a4b14baef613b.json'],
,,05 Nov 2022,32524,"The Mean, Green, Mushroom Machine DEMO V1",,,,,None,,,,,None,,/?p=section&a=details&id=32524,,,['83ca214ea4ca9bb33cb6c84ea3fc9949f8d289c3.bps'],['83ca214ea4ca9bb33cb6c84ea3fc9949f8d289c3.json'],
,,05 Nov 2022,32523,Hey There Mario!,,,,,None,,,,,None,,/?p=section&a=details&id=32523,,,['9b2d5b80a2a7b6e4ffdcf5df99434bd8be2165cf.bps'],['9b2d5b80a2a7b6e4ffdcf5df99434bd8be2165cf.json'],
,,03 Nov 2022,32509,Lucky,,,,,None,,,,,None,,/?p=section&a=details&id=32509,,,['26624925fe762b1caf6b891e24399705867cb66e.bps'],['26624925fe762b1caf6b891e24399705867cb66e.json'],
,,31 Oct 2022,32482,Mario is too casual,,,,,None,,,,,None,,/?p=section&a=details&id=32482,,,['cb055965f91fa1a107bf69c0edc05502a6c8a2bf.bps'],['cb055965f91fa1a107bf69c0edc05502a6c8a2bf.json'],
,,30 Oct 2022,32473,DADDY,,,,,None,,,,,None,,/?p=section&a=details&id=32473,,,['45a032517b38aa386cc146477ac96d076759b1fb.bps'],['45a032517b38aa386cc146477ac96d076759b1fb.json'],
,,23 Oct 2022,32432,RTA Pit,,,,,None,,,,,None,,/?p=section&a=details&id=32432,,,['923a2168faa0878c3aed9bd9a6a35ca283a06934.bps'],['923a2168faa0878c3aed9bd9a6a35ca283a06934.json'],
,,22 Oct 2022,32421,Quest for milk,,,,,None,,,,,None,,/?p=section&a=details&id=32421,,,['0e6e8def624af9b5e1a8f60dc85787a25ec6b83a.bps'],['0e6e8def624af9b5e1a8f60dc85787a25ec6b83a.json'],
,,21 Oct 2022,32408,The 12th Annual Vanilla Level Design Contest: Collaboration Hack,,,,,None,,,,,None,,/?p=section&a=details&id=32408,,,['6fb3f621223140c431c8f0747513dba7389a81f8.bps'],['6fb3f621223140c431c8f0747513dba7389a81f8.json'],
,,17 Oct 2022,32376,SMW Minha Geracao,,,,,None,,,,,None,,/?p=section&a=details&id=32376,,,"['14fc7a913ddd6be5054c462967e8d2b2a00876de.bps', 'f69f3d7d0c723f1eadbae515d0041f40320c1099.bps']","['14fc7a913ddd6be5054c462967e8d2b2a00876de.json', 'f69f3d7d0c723f1eadbae515d0041f40320c1099.json']",
,,15 Oct 2022,32348,Acid Tapes Vol. 1,,,,,None,,,,,None,,/?p=section&a=details&id=32348,,,['9e93fd1ef29cccd3bee217b34f683448c4395e25.bps'],['9e93fd1ef29cccd3bee217b34f683448c4395e25.json'],
,,15 Oct 2022,32350,Super Minecraft World,,,,,None,,,,,None,,/?p=section&a=details&id=32350,,,['1dc971825718629148978a25323344bd65c61db7.bps'],['1dc971825718629148978a25323344bd65c61db7.json'],
,,15 Oct 2022,32353,HUMP submission,,,,,None,,,,,None,,/?p=section&a=details&id=32353,,,['ec3e9c51e8c222b0ceb7c7f7c0ba056096c3482d.bps'],['ec3e9c51e8c222b0ceb7c7f7c0ba056096c3482d.json'],
,,15 Oct 2022,32356,Super Wario World,,,,,None,,,,,None,,/?p=section&a=details&id=32356,,,['1518879057683bb67f9bf29e8ab3df41b21f2602.bps'],['1518879057683bb67f9bf29e8ab3df41b21f2602.json'],
,,14 Oct 2022,32337,Super Mario Mania 1.1 (buggy),,,,,None,,,,,None,,/?p=section&a=details&id=32337,,,['2cdbee75e9b85d750f363fda280ba89a84f5325a.bps'],['2cdbee75e9b85d750f363fda280ba89a84f5325a.json'],
,,11 Oct 2022,32329,4th Chamber,,,,,None,,,,,None,,/?p=section&a=details&id=32329,,,['663e8b1f65c00b9b235f9de71178a718db684b16.bps'],['663e8b1f65c00b9b235f9de71178a718db684b16.json'],
,,10 Oct 2022,32316,Super Mario Mania,,,,,None,,,,,None,,/?p=section&a=details&id=32316,,,['4574e20ab087002d61a37e0fd0307fee75783b9a.bps'],['4574e20ab087002d61a37e0fd0307fee75783b9a.json'],
,,07 Oct 2022,32300,Harder - More Midairs v.1.1,,,,,None,,,,,None,,/?p=section&a=details&id=32300,,,['af8172753ee2d4760d915f26a8673a7e9c32ca57.bps'],['af8172753ee2d4760d915f26a8673a7e9c32ca57.json'],
,,04 Oct 2022,32281,Newer Super Mario World,,,,,None,,,,,None,,/?p=section&a=details&id=32281,,,['69f89972b1d4f64e37bd1d31b7185c203d7bd750.bps'],['69f89972b1d4f64e37bd1d31b7185c203d7bd750.json'],
,,04 Oct 2022,32278,Sonic Cd SNES Version *DEMO*,,,,,None,,,,,None,,/?p=section&a=details&id=32278,,,['9675166bf9c409043ccd0326ec9e76fee7a9c0de.bps'],['9675166bf9c409043ccd0326ec9e76fee7a9c0de.json'],
,,28 Sep 2022,32230,Minta's Winter Escapade,,,,,None,,,,,None,,/?p=section&a=details&id=32230,,,['0be7a341794cdbefd094fcb449cee0eeece0eaee.bps'],['0be7a341794cdbefd094fcb449cee0eeece0eaee.json'],
,,26 Sep 2022,32217,Shallow Pits 2,,,,,None,,,,,None,,/?p=section&a=details&id=32217,,,['c24a6a8acb41b3b1ad659bec89a48dee073fadac.bps'],['c24a6a8acb41b3b1ad659bec89a48dee073fadac.json'],
,,24 Sep 2022,32199,Elements v1.1,,,,,None,,,,,None,,/?p=section&a=details&id=32199,,,['68c8015e5232620f52c6a391de72708cda7c4835.bps'],['68c8015e5232620f52c6a391de72708cda7c4835.json'],
,,24 Sep 2022,32201,Lakitu's Great  Adventure 2,,,,,None,,,,,None,,/?p=section&a=details&id=32201,,,['9f267bdcac3cc7a90a0982bf198d39dd1daa8728.bps'],['9f267bdcac3cc7a90a0982bf198d39dd1daa8728.json'],
,,23 Sep 2022,32183,Gambol,,,,,None,,,,,None,,/?p=section&a=details&id=32183,,,['811f81baf1bd4bc005dea360c961f95e4d66ac90.bps'],['811f81baf1bd4bc005dea360c961f95e4d66ac90.json'],
,,20 Sep 2022,32159,good old days,,,,,None,,,,,None,,/?p=section&a=details&id=32159,,,['b4010b7dcadf74388f1d4535c6f587127ad84c41.bps'],['b4010b7dcadf74388f1d4535c6f587127ad84c41.json'],
,,17 Sep 2022,32141,Elements,,,,,None,,,,,None,,/?p=section&a=details&id=32141,,,['088d920519e2ac6a9048618c1ecee7ad5942d3a6.bps'],['088d920519e2ac6a9048618c1ecee7ad5942d3a6.json'],
,,16 Sep 2022,32128,Super Mario World - Trapped in Bowserland.,,,,,None,,,,,None,,/?p=section&a=details&id=32128,,,['94709cb938f785b7db3f2fb4e1d1c9d272d4a7b7.bps'],['94709cb938f785b7db3f2fb4e1d1c9d272d4a7b7.json'],
,,15 Sep 2022,32121,Mario Saves the Forest,,,,,None,,,,,None,,/?p=section&a=details&id=32121,,,['453ceeacba6a972428aa700d511a4d56f384b701.bps'],['453ceeacba6a972428aa700d511a4d56f384b701.json'],
,,13 Sep 2022,32106,Mario goes to Wendy's,,,,,None,,,,,None,,/?p=section&a=details&id=32106,,,['097dc90869c4e9769303ee8e37c37feb7ed9feae.bps'],['097dc90869c4e9769303ee8e37c37feb7ed9feae.json'],
,,11 Sep 2022,32093,Super Don Karma World: Flusak's adventure,,,,,None,,,,,None,,/?p=section&a=details&id=32093,,,['a215b920026c474d656ce19d5141979ca7238de0.bps'],['a215b920026c474d656ce19d5141979ca7238de0.json'],
,,09 Sep 2022,32085,Super Mario Legends - The 7 Dragon Eggs,,,,,None,,,,,None,,/?p=section&a=details&id=32085,,,['bab50181b00b6acde0c9eecbe1f37a49a8a6a159.bps'],['bab50181b00b6acde0c9eecbe1f37a49a8a6a159.json'],
,,08 Sep 2022,32077,Mario goes on a adventure for aparently no reason,,,,,None,,,,,None,,/?p=section&a=details&id=32077,,,['458741429a92b5fc2e54a5cf1a4d97cc4c6050a0.bps'],['458741429a92b5fc2e54a5cf1a4d97cc4c6050a0.json'],
,,07 Sep 2022,32071,Coffee & TV,,,,,None,,,,,None,,/?p=section&a=details&id=32071,,,['f9328bebf88f153806f45b9880f8ef2bf2159424.bps'],['f9328bebf88f153806f45b9880f8ef2bf2159424.json'],
,,31 Aug 2022,32004,Super King Jay World,,,,,None,,,,,None,,/?p=section&a=details&id=32004,,,['03e97186e7f21f1fc295753b3e3368c0607f1c1f.bps'],['03e97186e7f21f1fc295753b3e3368c0607f1c1f.json'],
,,29 Aug 2022,31990,No Biggie World,,,,,None,,,,,None,,/?p=section&a=details&id=31990,,,['d5c3eef0202ad7659379df29c3673e8730c20a5f.bps'],['d5c3eef0202ad7659379df29c3673e8730c20a5f.json'],
,,27 Aug 2022,31964,The Ol'. Switcheroo,,,,,None,,,,,None,,/?p=section&a=details&id=31964,,,['8d9021d0f3eb904cc992c12c5797f3df14892778.bps'],['8d9021d0f3eb904cc992c12c5797f3df14892778.json'],
,,24 Aug 2022,31940,Super Mario Lost World,,,,,None,,,,,None,,/?p=section&a=details&id=31940,,,['c4fec6198785445ef517a0a9c97bfd3686476967.bps'],['c4fec6198785445ef517a0a9c97bfd3686476967.json'],
,,23 Aug 2022,31929,Shadow And The Evil Lakitu,,,,,None,,,,,None,,/?p=section&a=details&id=31929,,,['91975835a18b46f7f7faf5e98cfa4200fb1945a6.bps'],['91975835a18b46f7f7faf5e98cfa4200fb1945a6.json'],
,,22 Aug 2022,31919,Super Yoshi World,,,,,None,,,,,None,,/?p=section&a=details&id=31919,,,['98c449f112f1b60196bd7582f320faa8358e8256.bps'],['98c449f112f1b60196bd7582f320faa8358e8256.json'],
,,22 Aug 2022,31920,Patrick Bateman's Revenge,,,,,None,,,,,None,,/?p=section&a=details&id=31920,,,['c0c39c422666f6c1f454854b434f14fe1c38d87b.bps'],['c0c39c422666f6c1f454854b434f14fe1c38d87b.json'],
,,22 Aug 2022,31921,Daemon Land 3,,,,,None,,,,,None,,/?p=section&a=details&id=31921,,,['f29fcb479a8178edc888cce4a3915d95e9ae8cf9.bps'],['f29fcb479a8178edc888cce4a3915d95e9ae8cf9.json'],
,,20 Aug 2022,31890,BokoBoko 1 (Smw remaster),,,,,None,,,,,None,,/?p=section&a=details&id=31890,,,['0debc54cf33a32073e7a7418364de3fc12ed64b8.bps'],['0debc54cf33a32073e7a7418364de3fc12ed64b8.json'],
,,19 Aug 2022,31876,The Sweet Sweet Love Forever,,,,,None,,,,,None,,/?p=section&a=details&id=31876,,,['d7bbcc66835131324a9fc81c7ab9ee82e2e62ae5.bps'],['d7bbcc66835131324a9fc81c7ab9ee82e2e62ae5.json'],
,,18 Aug 2022,31867,A FIP,,,,,None,,,,,None,,/?p=section&a=details&id=31867,,,['d480b6d894de18c59d9b1e231bf14998eabe1de2.bps'],['d480b6d894de18c59d9b1e231bf14998eabe1de2.json'],
,,18 Aug 2022,31872,Capirotada Land 1.4,,,,,None,,,,,None,,/?p=section&a=details&id=31872,,,['f5ed3a1b8f117a582f851405a4de0cb4a0571b4a.bps'],['f5ed3a1b8f117a582f851405a4de0cb4a0571b4a.json'],
,,17 Aug 2022,31861,Matemática Mario,,,,,None,,,,,None,,/?p=section&a=details&id=31861,,,['dd16141504a9ce4539634053e240267550cd63d8.bps'],['dd16141504a9ce4539634053e240267550cd63d8.json'],
,,12 Aug 2022,31822,Capirotada Land,,,,,None,,,,,None,,/?p=section&a=details&id=31822,,,['4911a623d2c3be49cf93a7098ebe4f5dbe1f86a0.bps'],['4911a623d2c3be49cf93a7098ebe4f5dbe1f86a0.json'],
,,11 Aug 2022,31813,SMWOSDIver.1.2 Raccoon Deluxe Demo,,,,,None,,,,,None,,/?p=section&a=details&id=31813,,,['59b0a738473db7c81c47dd10c374f08f2d2e052c.bps'],['59b0a738473db7c81c47dd10c374f08f2d2e052c.json'],
,,09 Aug 2022,31795,Separate Ways,,,,,None,,,,,None,,/?p=section&a=details&id=31795,,,['1f9f5f1b8bef7f437b169ff098f2b20090f54960.bps'],['1f9f5f1b8bef7f437b169ff098f2b20090f54960.json'],
,,08 Aug 2022,31784,Super Video World,,,,,None,,,,,None,,/?p=section&a=details&id=31784,,,['8ee73296c0a428f8fc60aedce21a04671b815be1.bps'],['8ee73296c0a428f8fc60aedce21a04671b815be1.json'],
,,06 Aug 2022,31769,Secret Agent Mario,,,,,None,,,,,None,,/?p=section&a=details&id=31769,,,['495291f67c3adc85300e90ca13c44630c1752d10.bps'],['495291f67c3adc85300e90ca13c44630c1752d10.json'],
,,06 Aug 2022,31772,Blooper Stole My Cake,,,,,None,,,,,None,,/?p=section&a=details&id=31772,,,['7efb80c125ec38d2847b690e02e1c69fe9264fc0.bps'],['7efb80c125ec38d2847b690e02e1c69fe9264fc0.json'],
,,30 Jul 2022,31706,Imoto,,,,,None,,,,,None,,/?p=section&a=details&id=31706,,,['9b40c5d6878ae63dab99c575f784ad7a6f8bf2bc.bps'],['9b40c5d6878ae63dab99c575f784ad7a6f8bf2bc.json'],
,,27 Jul 2022,31658,Super Adventure Island,,,,,None,,,,,None,,/?p=section&a=details&id=31658,,,['a41ca4b06ebe6cfba7a2040124cb52ce95bcdd5c.bps'],['a41ca4b06ebe6cfba7a2040124cb52ce95bcdd5c.json'],
,,27 Jul 2022,31657,Super Peach World,,,,,None,,,,,None,,/?p=section&a=details&id=31657,,,['ead76509a7bcc44b1b61373ed290fe86472262b4.bps'],['ead76509a7bcc44b1b61373ed290fe86472262b4.json'],
,,25 Jul 2022,31646,Super Mario: Very Light Kaizo,,,,,None,,,,,None,,/?p=section&a=details&id=31646,,,['aae204a2e0f371ff989b47fabc5181860919d160.bps'],['aae204a2e0f371ff989b47fabc5181860919d160.json'],
,,23 Jul 2022,31614,"BeginningBrew - Super ""Real"" World",,,,,None,,,,,None,,/?p=section&a=details&id=31614,,,['665399a0fb483501b2aead46200d1a039e9c7497.bps'],['665399a0fb483501b2aead46200d1a039e9c7497.json'],
,,23 Jul 2022,31612,When The            The Hack (DEMO V0.1),,,,,None,,,,,None,,/?p=section&a=details&id=31612,,,['b3a7b6e319c6fcff50a075222b3bbf9668fb72d5.bps'],['b3a7b6e319c6fcff50a075222b3bbf9668fb72d5.json'],
,,22 Jul 2022,31606,Reset Game,,,,,None,,,,,None,,/?p=section&a=details&id=31606,,,['624ca354b6b891a9245e8cbc5f9da64f7b179773.bps'],['624ca354b6b891a9245e8cbc5f9da64f7b179773.json'],
,,20 Jul 2022,31573,Super Mario 16 (Unfinished),,,,,None,,,,,None,,/?p=section&a=details&id=31573,,,['f687b4cab289d5ae6a48956f7a2784b4440828d9.bps'],['f687b4cab289d5ae6a48956f7a2784b4440828d9.json'],
,,18 Jul 2022,31553,SMW with Levels from NSMB,,,,,None,,,,,None,,/?p=section&a=details&id=31553,,,['7825c6e6e582456bbfd4a8077eceaa34abf94f9a.bps'],['7825c6e6e582456bbfd4a8077eceaa34abf94f9a.json'],
,,17 Jul 2022,31523,Insouciant Mario,,,,,None,,,,,None,,/?p=section&a=details&id=31523,,,['d8481d0afb25809c8d3e0b6410de2277d05a1cc7.bps'],['d8481d0afb25809c8d3e0b6410de2277d05a1cc7.json'],
,,15 Jul 2022,31471,Super Reimu World Return To Hack,,,,,None,,,,,None,,/?p=section&a=details&id=31471,,,['1c0c5b36b043cfe16e9aca909b15485758c83f53.bps'],['1c0c5b36b043cfe16e9aca909b15485758c83f53.json'],
,,14 Jul 2022,31451,Super Mario World: The Berry Hunt Demo,,,,,None,,,,,None,,/?p=section&a=details&id=31451,,,['f080eee807884961d3acbd7e54be1ab2c440b6c6.bps'],['f080eee807884961d3acbd7e54be1ab2c440b6c6.json'],
,,10 Jul 2022,31392,Super Mario World: Inside Jesse's Brain,,,,,None,,,,,None,,/?p=section&a=details&id=31392,,,['59394b0e65c24b60d6db63c613f407093ab7262b.bps'],['59394b0e65c24b60d6db63c613f407093ab7262b.json'],
,,09 Jul 2022,31354,The Night Begins To Shine,,,,,None,,,,,None,,/?p=section&a=details&id=31354,,,['622578f201b48e322f193169c40837d583ccddbb.bps'],['622578f201b48e322f193169c40837d583ccddbb.json'],
,,08 Jul 2022,31308,The Green Plumber's Adventure: A Future Prequel,,,,,None,,,,,None,,/?p=section&a=details&id=31308,,,['94625684ac9c88cd83c293dfc37b9be090321895.bps'],['94625684ac9c88cd83c293dfc37b9be090321895.json'],
,,08 Jul 2022,31309,Super Mario World: National Tour - C3 Demo 2,,,,,None,,,,,None,,/?p=section&a=details&id=31309,,,['5b6c46d52f0fec7031f4d91a401d9b22dc7b7497.bps'],['5b6c46d52f0fec7031f4d91a401d9b22dc7b7497.json'],
,,08 Jul 2022,31316,TILIA 2.0,,,,,None,,,,,None,,/?p=section&a=details&id=31316,,,['e6cf417405d8faa96cdd65bbd1928f082c3b4e56.bps'],['e6cf417405d8faa96cdd65bbd1928f082c3b4e56.json'],
,,08 Jul 2022,31336,SV Bounce World 2,,,,,None,,,,,None,,/?p=section&a=details&id=31336,,,['9d79363c3f90c1b50c9342811eb5a64dc3d3d6ec.bps'],['9d79363c3f90c1b50c9342811eb5a64dc3d3d6ec.json'],
,,06 Jul 2022,31292,Cool or Cruel Makjang Remake,,,,,None,,,,,None,,/?p=section&a=details&id=31292,,,['22fe51bc1759f36760ba29ef1fda04885b0e85d7.bps'],['22fe51bc1759f36760ba29ef1fda04885b0e85d7.json'],
,,05 Jul 2022,31290,Shattered Mario World,,,,,None,,,,,None,,/?p=section&a=details&id=31290,,,['edb440b9cb5519a4ea4c245f2851176d7dd548bd.bps'],['edb440b9cb5519a4ea4c245f2851176d7dd548bd.json'],
,,30 Jun 2022,31253,Gold Yoshi's Unfinished Hack (Demo),,,,,Gold Yoshi,,,,,Standard: Normal,,/?p=section&a=details&id=31253,,,['2c22c3193b8d90a2f8b99447aebf988ed7703910.bps'],['2c22c3193b8d90a2f8b99447aebf988ed7703910.json'],
,,29 Jun 2022,31250,The Green Plumber's Adventure: A Future Prequel,,,,,"TheCrazyBuzzyBeetle, TheOrangeToad",,,,,Standard: Normal,,/?p=section&a=details&id=31250,,,['e1894b4d5bd8fcf657b9466de2ed0007ef21cea7.bps'],['e1894b4d5bd8fcf657b9466de2ed0007ef21cea7.json'],
,,27 Jun 2022,31244,Upside-Down World,,,,,MarioIsTheBest1234,,,,,Kaizo: Beginner,,/?p=section&a=details&id=31244,,,['9d4b6354c98dfceb84535e0464cfd7962da64e68.bps'],['9d4b6354c98dfceb84535e0464cfd7962da64e68.json'],
,,20 Jun 2022,31075,island,,,,,Cally Cobble,,,,,Standard: Normal,,/?p=section&a=details&id=31075,,,['6971a79aa6d8d86af4e46ac736f386badcf8fbd5.bps'],['6971a79aa6d8d86af4e46ac736f386badcf8fbd5.json'],
,,20 Jun 2022,31136,Mario Rescues Summer,,,,,El Cuh Fermin,,,,,Standard: Normal,,/?p=section&a=details&id=31136,,,['97b1c0ed89a62c273f4cc0534be730c77e1617b9.bps'],['97b1c0ed89a62c273f4cc0534be730c77e1617b9.json'],
,,20 Jun 2022,31148,an adventure,,,,,Owen608,,,,,Kaizo: Beginner,,/?p=section&a=details&id=31148,,,['f414c636483f01a673abb599f73ff151b3f5d77a.bps'],['f414c636483f01a673abb599f73ff151b3f5d77a.json'],
,,09 May 2022,30870,Incredibous Shells v1.1,,,,,arantes,,,,,Kaizo: Expert,,/?p=section&a=details&id=30870,,,['80eeb40174ccb4526518a690616d599a3d1731cd.bps'],['80eeb40174ccb4526518a690616d599a3d1731cd.json'],
,,08 May 2022,30854,TILIA,,,,,Neidave,,,,,Kaizo: Beginner,,/?p=section&a=details&id=30854,,,['794e7cc899ca776bf2ead6ccff8de879e7d3dd81.bps'],['794e7cc899ca776bf2ead6ccff8de879e7d3dd81.json'],
,,08 May 2022,30856,No Retreat No Surrender,,,,,Davey_Arcade,,,,,Kaizo: Beginner,,/?p=section&a=details&id=30856,,,['78bf746cf27ee72307a9b6bd5a5eb2feadb4a980.bps'],['78bf746cf27ee72307a9b6bd5a5eb2feadb4a980.json'],
,,08 May 2022,30866,Flying Without Style,,,,,"LouisDoucet, ageVerrly, le4che, milgrips",,,,,Kaizo: Expert,,/?p=section&a=details&id=30866,,,['4e1e45bcd652c82e1a375ecb38f060d13828fc33.bps'],['4e1e45bcd652c82e1a375ecb38f060d13828fc33.json'],
,,07 May 2022,30851,Super Maaaaaaaaaaaaaa 1,,,,,i am a idiot,,,,,Misc.: Troll,,/?p=section&a=details&id=30851,,,['15a289a57a48d5aa92bcf6f9ba58990786877eeb.bps'],['15a289a57a48d5aa92bcf6f9ba58990786877eeb.json'],
,,06 May 2022,30843,RTA Abuse 2,,,,,Daemontom,,,,,Kaizo: Expert,,/?p=section&a=details&id=30843,,,['907bfed869233be2a84b3df06ab74b4bcb00c2c6.bps'],['907bfed869233be2a84b3df06ab74b4bcb00c2c6.json'],
,,06 May 2022,30844,Color Pixel 1,,,,,Koll5,,,,,Standard: Hard,,/?p=section&a=details&id=30844,,,['face2a40e760373f0301c899d86e8927c3b87d39.bps'],['face2a40e760373f0301c899d86e8927c3b87d39.json'],
,,03 May 2022,30757,Mario Time Machine Done Right - Present Day Demo,,,,,Panik FLDV,,,,,Standard: Normal,,/?p=section&a=details&id=30757,,,['f76e0651e06c86ef166ee82fc08e1429b3d5ac2f.bps'],['f76e0651e06c86ef166ee82fc08e1429b3d5ac2f.json'],
,,29 Apr 2022,30679,Pixel's 1,,,,,Koll5,,,,,"Standard: Hard, Kaizo: Beginner",,/?p=section&a=details&id=30679,,,['a2e8431e6e2d023ff90be6d260e472d3f8c1abd1.bps'],['a2e8431e6e2d023ff90be6d260e472d3f8c1abd1.json'],
,,27 Apr 2022,30651,Imoto,,,,,NikSik1,,,,,"Kaizo: Intermediate, Standard: Very Hard",,/?p=section&a=details&id=30651,,,['351acdab8954c59876deb35ddf6eeef2c72f50df.bps'],['351acdab8954c59876deb35ddf6eeef2c72f50df.json'],
,,26 Apr 2022,30648,RTA Abuse,,,,,Daemontom,,,,,Tool-Assisted: Kaizo,,/?p=section&a=details&id=30648,,,['4acfab17069c47b4cfff56a987242b4fee5a1e14.bps'],['4acfab17069c47b4cfff56a987242b4fee5a1e14.json'],
,,23 Apr 2022,30615,Jump Practice (For Beginners),,,,,Koll5,,,,,Standard: Easy,,/?p=section&a=details&id=30615,,,['82b150760edeb28f383042ef44b78bb578cb1fec.bps'],['82b150760edeb28f383042ef44b78bb578cb1fec.json'],
,,22 Apr 2022,30598,Experiment,,,,,Koll5,,,,,Misc.: Troll,,/?p=section&a=details&id=30598,,,['3fe176a58d24cd067d174ed7221a56b835d7af66.bps'],['3fe176a58d24cd067d174ed7221a56b835d7af66.json'],
,,15 Apr 2022,30513,Soup Land,,,,,ninj,,,,,Kaizo: Intermediate,,/?p=section&a=details&id=30513,,,['a9ad601ffa2801fa2948c80bc4663f0e5ccc5587.bps'],['a9ad601ffa2801fa2948c80bc4663f0e5ccc5587.json'],
,,15 Apr 2022,30517,Thumb Tacos World,,,,,Host00312,,,,,Standard: Very Hard,,/?p=section&a=details&id=30517,,,['72ab78e96982f2b7562a68b752e0a6baaf769ed7.bps'],['72ab78e96982f2b7562a68b752e0a6baaf769ed7.json'],
,,07 Apr 2022,30385,Lakitu's Great  Adventure (Updated Version),,,,,"Gamet2004, Re Guglia",,,,,Standard: Normal,,/?p=section&a=details&id=30385,,,['126889669eb00e873ca0f77243c069277bd4dc06.bps'],['126889669eb00e873ca0f77243c069277bd4dc06.json'],
,,06 Apr 2022,30362,Not Me World,,,,,Idyllic,,,,,Kaizo: Expert,,/?p=section&a=details&id=30362,,,['29d23d9e125a097091468aaf491742361ea6e561.bps'],['29d23d9e125a097091468aaf491742361ea6e561.json'],
,,05 Apr 2022,30351,Not Idol World,,,,,Idyllic,,,,,Kaizo: Expert,,/?p=section&a=details&id=30351,,,['47588966c633a02f474aada8da59934446b9f795.bps'],['47588966c633a02f474aada8da59934446b9f795.json'],
,,04 Apr 2022,30340,Super Mario World 3 Demo,,,,,odinthekoala,,,,,"Standard: Easy, Standard: Normal",,/?p=section&a=details&id=30340,,,['ad7fcf1b75e3fa163b44b2e308ee5d097af9834a.bps'],['ad7fcf1b75e3fa163b44b2e308ee5d097af9834a.json'],
,,31 Mar 2022,30299,Musty,,,,,Meanguydave,,,,,Kaizo: Intermediate,,/?p=section&a=details&id=30299,,,['db88b71642cedce127dda557d881342d464ebeaa.bps'],['db88b71642cedce127dda557d881342d464ebeaa.json'],
,,27 Mar 2022,30249,Solitary Island,,,,,CogashiGarlic,,,,,Standard: Normal,,/?p=section&a=details&id=30249,,,['63edfb421962575f028c25911a4db42b49618171.bps'],['63edfb421962575f028c25911a4db42b49618171.json'],
,,27 Mar 2022,30253,Super Ningamer World,,,,,babyseal,,,,,Kaizo: Intermediate,,/?p=section&a=details&id=30253,,,['f4776dab167624a68161c664eeb7dd4c3ec28817.bps'],['f4776dab167624a68161c664eeb7dd4c3ec28817.json'],
,,23 Mar 2022,30210,Project Yuuki,,,,,RetroYuuki,,,,,Standard: Normal,,/?p=section&a=details&id=30210,,,['25a70dfb0271383a9844d1a9d373448d876b0ef9.bps'],['25a70dfb0271383a9844d1a9d373448d876b0ef9.json'],
,,13 Mar 2022,30134,SIW Cruel or Cruel Edition,,,,,Daemontom,,,,,Tool-Assisted: Kaizo,,/?p=section&a=details&id=30134,,,['3152203f0a5993459b10836bdc1d77d2e9e1013f.bps'],['3152203f0a5993459b10836bdc1d77d2e9e1013f.json'],
,,11 Mar 2022,30114,return of mario,,,,,"chamander11, rp studios",,,,,Standard: Normal,,/?p=section&a=details&id=30114,,,['3f097b2304f3a91a5421560fb904dd61b7726520.bps'],['3f097b2304f3a91a5421560fb904dd61b7726520.json'],
,,11 Mar 2022,30117,RRr,,,,,Koll5,,,,,Standard: Easy,,/?p=section&a=details&id=30117,,,['46cae62e45fb889d40d36387730890c0948592f2.bps'],['46cae62e45fb889d40d36387730890c0948592f2.json'],
,,09 Mar 2022,30103,Backyard Kaizo,,,,,ninj,,,,,Kaizo: Intermediate,,/?p=section&a=details&id=30103,,,['6deb24ef2f9874457ffc4869cfd670bf0322f0d2.bps'],['6deb24ef2f9874457ffc4869cfd670bf0322f0d2.json'],
,,09 Mar 2022,30096,Troll Level A,,,,,Koll5,,,,,Misc.: Troll,,/?p=section&a=details&id=30096,,,['1742bf0b4b03259470850c1d7ce5457c7ff0f0a8.bps'],['1742bf0b4b03259470850c1d7ce5457c7ff0f0a8.json'],
,,04 Mar 2022,30052,Super Mario Bros: The Search for Oreo Cakesters,,,,,AppleBoy54321,,,,,Standard: Easy,,/?p=section&a=details&id=30052,,,['b50cbb1e156ddaf7d6988cbef1b8eca8dc1a53ce.bps'],['b50cbb1e156ddaf7d6988cbef1b8eca8dc1a53ce.json'],
,,01 Mar 2022,30019,super mario the two ways,,,,,vonitrix,,,,,Standard: Normal,,/?p=section&a=details&id=30019,,,['ba08dea018a23afb5c6a8cb7b7bfe1bb9f1e0c84.bps'],['ba08dea018a23afb5c6a8cb7b7bfe1bb9f1e0c84.json'],
,,28 Feb 2022,30001,Super Mario World - Uma Aventura Chaotica (Chaotic Adventure),,,,,Tiozinho,,,,,"Standard: Normal, Standard: Hard",,/?p=section&a=details&id=30001,,,"['55b1c761232c5f1c49d3af6b3d70ee127f0c3abe.bps', '0c314164cbeb512e56d3d9d628256d6fbc340e18.bps']","['55b1c761232c5f1c49d3af6b3d70ee127f0c3abe.json', '0c314164cbeb512e56d3d9d628256d6fbc340e18.json']",
,,28 Feb 2022,30002,UNSMW Mario o Aventureiro,,,,,Teaser,,,,,Standard: Normal,,/?p=section&a=details&id=30002,,,['478b758d96ecbd96490a2800e9d7619654011d8b.bps'],['478b758d96ecbd96490a2800e9d7619654011d8b.json'],
,,25 Feb 2022,29960,mario em koopazone,,,,,tuni4v,,,,,Standard: Easy,,/?p=section&a=details&id=29960,,,"['8a5fb939c7a44e24970099206a804b7ba0b4c12c.bps', '8a5fb939c7a44e24970099206a804b7ba0b4c12c.bps']","['8a5fb939c7a44e24970099206a804b7ba0b4c12c.json', '8a5fb939c7a44e24970099206a804b7ba0b4c12c.json']",
,,17 Feb 2022,29828,Teo's Horrible World Hack,,,,,Teo Sim,,,,,Standard: Normal,,/?p=section&a=details&id=29828,,,['8880da8d405cbffb68b381b1b826b007e26746bd.bps'],['8880da8d405cbffb68b381b1b826b007e26746bd.json'],
,,16 Feb 2022,29815,Tails Adventure,,,,,SWEET INK,,,,,"Standard: Hard, Kaizo: Beginner",,/?p=section&a=details&id=29815,,,['217665b0361a7254ae8b56c773d308b0e65c5617.bps'],['217665b0361a7254ae8b56c773d308b0e65c5617.json'],
,,15 Feb 2022,29809,limonade world,,,,,alvinluis,,,,,Kaizo: Beginner,,/?p=section&a=details&id=29809,,,['00eece1c84e9b3421af37e65978afbf5272a2c99.bps'],['00eece1c84e9b3421af37e65978afbf5272a2c99.json'],
,,09 Feb 2022,29758,Super Mario World Mix,,,,,Souldbminer,,,,,Standard: Normal,,/?p=section&a=details&id=29758,,,['e83da39213bbca607fad5e49b6d0b99f7973a16f.bps'],['e83da39213bbca607fad5e49b6d0b99f7973a16f.json'],
,,03 Feb 2022,29690,Sheffy 99,,,,,Daemontom,,,,,Kaizo: Expert,,/?p=section&a=details&id=29690,,,['212452d87148cd569dd44993d90e7cfa5c976f3e.bps'],['212452d87148cd569dd44993d90e7cfa5c976f3e.json'],
,,31 Jan 2022,29663,Untitled,,,,,Mr. MS,,,,,Standard: Normal,,/?p=section&a=details&id=29663,,,['1a87c091d61ae52b31be8ece046978a79d5415b3.bps'],['1a87c091d61ae52b31be8ece046978a79d5415b3.json'],
,,22 Jan 2022,29587,SMW: Endless Night Demo 2,,,,,Ralshi02,,,,,"Standard: Easy, Standard: Very Hard",,/?p=section&a=details&id=29587,,,['56c83a38317812fa0c8ca9332a3f0353dc69fee9.bps'],['56c83a38317812fa0c8ca9332a3f0353dc69fee9.json'],
,,19 Jan 2022,29560,Griffy World v1.1,,,,,Remalis,,,,,Kaizo: Intermediate,,/?p=section&a=details&id=29560,,,['a88d0926632b880dbc0dd2aba2bac37eecba73e6.bps'],['a88d0926632b880dbc0dd2aba2bac37eecba73e6.json'],
,,18 Jan 2022,29547,SA-1：Special Adventure - 1,,,,,Hayashi Neru,,,,,Standard: Hard,,/?p=section&a=details&id=29547,,,['ab26b4dd0e842bcdc4039b755cc168d8fe2fbf59.bps'],['ab26b4dd0e842bcdc4039b755cc168d8fe2fbf59.json'],
,,16 Jan 2022,29534,Marios Drug Trip 2 Psychoanalysis,,,,,AbuseFreakHacker,,,,,Tool-Assisted: Kaizo,,/?p=section&a=details&id=29534,,,['903fe662114c2ebe25bd896f1eab3d080fed349c.bps'],['903fe662114c2ebe25bd896f1eab3d080fed349c.json'],
,,13 Jan 2022,29508,Super Mario Legends 2 - Bowser's Revenge,,,,,Raychu2021,,,,,Standard: Normal,,/?p=section&a=details&id=29508,,,['d561d900831947e55a2e95edf0f0875f2aa2a740.bps'],['d561d900831947e55a2e95edf0f0875f2aa2a740.json'],
,,12 Jan 2022,29489,Abuse and Die 3,,,,,AbuseFreakHacker,,,,,Tool-Assisted: Kaizo,,/?p=section&a=details&id=29489,,,['8b9ac2d76f607e40b75e4b5ea8716f09e762d486.bps'],['8b9ac2d76f607e40b75e4b5ea8716f09e762d486.json'],
,,10 Jan 2022,29397,The Run,,,,,LiamSMW2008,,,,,Standard: Normal,,/?p=section&a=details&id=29397,,,['ed31eb39e98e69fd0eb802587a53891561f10947.bps'],['ed31eb39e98e69fd0eb802587a53891561f10947.json'],
,,08 Jan 2022,29226,Donut for Breakfast!,,,,,KaidenThelens,,,,,"Standard: Hard, Misc.: Troll",,/?p=section&a=details&id=29226,,,['95df51768c64b0baffad3698439db0e737f693f1.bps'],['95df51768c64b0baffad3698439db0e737f693f1.json'],
,,08 Jan 2022,29227,BEST HACK EVER,,,,,KaidenThelens,,,,,"Standard: Normal, Misc.: Troll",,/?p=section&a=details&id=29227,,,['01f74cc3ec466cd8514fbb6626fdb64f37ef962f.bps'],['01f74cc3ec466cd8514fbb6626fdb64f37ef962f.json'],
,,08 Jan 2022,29291,Super Mario World - Chaotic Adventure,,,,,Tiozinho,,,,,Standard: Hard,,/?p=section&a=details&id=29291,,,['b692b11941c0721e684eea596eb967fdee635c51.bps'],['b692b11941c0721e684eea596eb967fdee635c51.json'],
,,07 Jan 2022,29216,Super Goon World,,,,,Lyfah,,,,,Kaizo: Beginner,,/?p=section&a=details&id=29216,,,['c9b13389481c0e1d8e4c61821aa25a16803a2520.bps'],['c9b13389481c0e1d8e4c61821aa25a16803a2520.json'],
,,30 Dec 2021,29117,SMW - Mini Adventure,,,,,Nolose,,,,,Standard: Hard,,/?p=section&a=details&id=29117,,,['f671144943b35f8ef658724ff801169e930135e7.bps'],['f671144943b35f8ef658724ff801169e930135e7.json'],
,,28 Dec 2021,29099,A Journey In Tune,,,,,BoomBeatle3,,,,,Standard: Hard,,/?p=section&a=details&id=29099,,,['46e362753f84046307015979ba71bf98b074e24d.bps'],['46e362753f84046307015979ba71bf98b074e24d.json'],
,,27 Dec 2021,29088,Super Mario World Mario in Time,,,,,Hamilton64,,,,,Standard: Easy,,/?p=section&a=details&id=29088,,,['1613fd5722dbc8c6abed3ec3d0ef640a299342d4.bps'],['1613fd5722dbc8c6abed3ec3d0ef640a299342d4.json'],
,,22 Dec 2021,29051,Super Bobido World II,,,,,drkilory,,,,,Standard: Hard,,/?p=section&a=details&id=29051,,,['56d75b4ee7765eb74e66613baeef1f11d590c89d.bps'],['56d75b4ee7765eb74e66613baeef1f11d590c89d.json'],
,,19 Dec 2021,29034,A Mole in Space,,,,,"Anorakun, Dark Prince, Friday_D0nat, NopeContest, Segment1Zone2, TEAM TITANIA",,,,,Standard: Very Hard,,/?p=section&a=details&id=29034,,,['d2eb1a0af4a8e9c1c80787b40245c581888d479e.bps'],['d2eb1a0af4a8e9c1c80787b40245c581888d479e.json'],
,,18 Dec 2021,29031,Super Mario World: Fan Redesign Edition,,,,,CosmicStarman0,,,,,Standard: Normal,,/?p=section&a=details&id=29031,,,['3076eebc3935cfb24cf9e17f046b7c2e4258675b.bps'],['3076eebc3935cfb24cf9e17f046b7c2e4258675b.json'],
,,15 Dec 2021,28999,Super Los Davidos World- The First Exploration,,,,,SMBX-Gaming,,,,,Kaizo: Intermediate,,/?p=section&a=details&id=28999,,,['b02eaffe3ef458dc124928a9ea4ac8cd34232601.bps'],['b02eaffe3ef458dc124928a9ea4ac8cd34232601.json'],
,,14 Dec 2021,28984,Krack's Kafe: Because They Kicked Me Out!,,,,,"Daizo Dee Von, EvilGuy0613, Faro, TEAM AFORETIMES, amhunter, scooter102089",,,,,Standard: Very Hard,,/?p=section&a=details&id=28984,,,['653876ddec8b862805381e5b103d4469a1f4b485.bps'],['653876ddec8b862805381e5b103d4469a1f4b485.json'],
,,14 Dec 2021,28985,Guro (Demo),,,,,MeNe,,,,,Standard: Normal,,/?p=section&a=details&id=28985,,,['63b016ac886246cf1128202fba0342bcd4027755.bps'],['63b016ac886246cf1128202fba0342bcd4027755.json'],
,,03 Dec 2021,28921,Super Barbe World,,,,,themariio,,,,,Kaizo: Beginner,,/?p=section&a=details&id=28921,,,['2bdbb1a89d6be2637aba3d70f6ee1da6ffec70ed.bps'],['2bdbb1a89d6be2637aba3d70f6ee1da6ffec70ed.json'],
,,28 Nov 2021,28897,Super Mario World 2,,,,,MarioIsTheBest1234,,,,,Standard: Easy,,/?p=section&a=details&id=28897,,,['6d6c3e6cf06f3f4f4383af6ce7f0363b54928f84.bps'],['6d6c3e6cf06f3f4f4383af6ce7f0363b54928f84.json'],
,,25 Nov 2021,28879,SMW Autosave + Disable 2 Players + DKCR Status Bar,,,,,Orangel Duque,,,,,Standard: Normal,,/?p=section&a=details&id=28879,,,['3939f7ece8b80ef3d447efaa4c4ac83ca5f87f6a.bps'],['3939f7ece8b80ef3d447efaa4c4ac83ca5f87f6a.json'],
,,25 Nov 2021,28882,Mario's Grand Adventure 2: Mario's World Tour,,,,,AppleBoy54321,,,,,Standard: Normal,,/?p=section&a=details&id=28882,,,['50a346dd70e7983bb282e5b1a6ce561244f31151.bps'],['50a346dd70e7983bb282e5b1a6ce561244f31151.json'],
,,24 Nov 2021,28873,Super Mario World: The Lost Land!,,,,,Starman97,,,,,Standard: Normal,,/?p=section&a=details&id=28873,,,['3572cf1e06d6f967e320cfbb6eac26fae4e2d628.bps'],['3572cf1e06d6f967e320cfbb6eac26fae4e2d628.json'],
,,06 Nov 2021,28750,A Plumber For All Seasons,,,,,WhiteYoshiEgg,,,,,Standard: Normal,,/?p=section&a=details&id=28750,,,['fe38c87b6710e80d1cb039e04c0710d06f8a9108.bps'],['fe38c87b6710e80d1cb039e04c0710d06f8a9108.json'],
,,04 Nov 2021,28725,Super Mario Bros. Choas Unreloaded,,,,,gohkenytp8,,,,,Standard: Easy,,/?p=section&a=details&id=28725,,,['744192b313ee2710f7b5bf31e09632086cb30575.bps'],['744192b313ee2710f7b5bf31e09632086cb30575.json'],
,,31 Oct 2021,28699,Shizu´s Seasons: Halloween 2021 - Luigi is on holiday,,,,,Shizufuzu,,,,,Kaizo: Light,,/?p=section&a=details&id=28699,,,['e5c925b3eee86900dd6aa33ab2c62d2b906e6ce0.bps'],['e5c925b3eee86900dd6aa33ab2c62d2b906e6ce0.json'],
,,25 Oct 2021,28663,Lakitu's Great  Adventure,,,,,"Gamet2004, Re Guglia",,,,,Standard: Normal,,/?p=section&a=details&id=28663,,,['9563155edb414ad8a0598c44e8e12246f06872aa.bps'],['9563155edb414ad8a0598c44e8e12246f06872aa.json'],
,,23 Oct 2021,28648,Daemon Land 2,,,,,Daemontom,,,,,Kaizo: Light,,/?p=section&a=details&id=28648,,,['d6c5f43c164e719e50d90426b8663cd87a34716d.bps'],['d6c5f43c164e719e50d90426b8663cd87a34716d.json'],
,,23 Oct 2021,28649,Maria and the Barazuishou Quest Part 1,,,,,NeoZeroDestiny,,,,,Standard: Hard,,/?p=section&a=details&id=28649,,,['dd8a479a27d5757475b3be33f8d2cf4d7bc3f50e.bps'],['dd8a479a27d5757475b3be33f8d2cf4d7bc3f50e.json'],
,,11 Oct 2021,28568,Short and Sweet V1.1,,,,,cangrejo,,,,,Kaizo: Light,,/?p=section&a=details&id=28568,,,['e6da453db82c2d67a283584bee7a3587d88e7fed.bps'],['e6da453db82c2d67a283584bee7a3587d88e7fed.json'],
,,10 Oct 2021,28564,Kaizo 3 Styled Hack,,,,,Idyllic,,,,,Kaizo: Light,,/?p=section&a=details&id=28564,,,['b88d341cd796df434da8f46c7f52016f8f01a23c.bps'],['b88d341cd796df434da8f46c7f52016f8f01a23c.json'],
,,06 Oct 2021,28531,MY LIFE IS VERYHARD,,,,,tomato jonson,,,,,Kaizo: Light,,/?p=section&a=details&id=28531,,,['4e0faa535b7fd19e9120e44f530403bc591bbc3d.bps'],['4e0faa535b7fd19e9120e44f530403bc591bbc3d.json'],
,,06 Oct 2021,28536,Super Duper Crazy Happy Fun Fun One Screen Time Special Deluxe,,,,,Magikey,,,,,Kaizo: Pit,,/?p=section&a=details&id=28536,,,['ee9f1657278b9c5d33769c3b7b4ebe5c55388121.bps'],['ee9f1657278b9c5d33769c3b7b4ebe5c55388121.json'],
,,06 Oct 2021,28539,Other Kaizo Mario Hack (DEMO1.0),,,,,HackBro,,,,,Kaizo: Light,,/?p=section&a=details&id=28539,,,"['5232c79ddb0580e918342f2e7ff1dee05a92fde8.bps', '61e15376140301df7c12d2664cfdabdf782960c2.bps']","['5232c79ddb0580e918342f2e7ff1dee05a92fde8.json', '61e15376140301df7c12d2664cfdabdf782960c2.json']",
,,04 Oct 2021,28524,Fly or Fall,,,,,jesus angel,,,,,Kaizo: Light,,/?p=section&a=details&id=28524,,,['fefb6409f77d69e2a8ff9faed0e971a9fc665ac8.bps'],['fefb6409f77d69e2a8ff9faed0e971a9fc665ac8.json'],
,,02 Oct 2021,28503,Super Mario World Remake,,,,,Mapping_bl,,,,,Standard: Normal,,/?p=section&a=details&id=28503,,,['c7210c77d9bcc9bb392b9b2b76bd72f3955a14dc.bps'],['c7210c77d9bcc9bb392b9b2b76bd72f3955a14dc.json'],
,,27 Sep 2021,28465,My First SMW (Rom) Hack!,,,,,ByLHacks,,,,,Standard: Easy,,/?p=section&a=details&id=28465,,,['3359b4580493aaf2cdcb79bf83fff9cfd49877d6.bps'],['3359b4580493aaf2cdcb79bf83fff9cfd49877d6.json'],
,,26 Sep 2021,28455,Daemon Land 1.1,,,,,Daemontom,,,,,Kaizo: Light,,/?p=section&a=details&id=28455,,,['693c37ad0bfdb2f9d49c48751ee6318031f6994c.bps'],['693c37ad0bfdb2f9d49c48751ee6318031f6994c.json'],
,,20 Sep 2021,28375,SMW Hard Mode,,,,,Nolose,,,,,Standard: Very Hard,,/?p=section&a=details&id=28375,,,['1e387482ce765debf25db08086df4d505c45b1ca.bps'],['1e387482ce765debf25db08086df4d505c45b1ca.json'],
,,19 Sep 2021,28360,KANAT World,,,,,"Bathrobe_Dwane, ChevyBoiiGaming, Dale The Grinder, TCRGhost, YouFoundJ0hn, s_charmer",,,,,Standard: Very Hard,,/?p=section&a=details&id=28360,,,['cf08830ef02522b914b112ddfb776d93c421eda5.bps'],['cf08830ef02522b914b112ddfb776d93c421eda5.json'],
,,18 Sep 2021,28355,Daemon Land Midway Version,,,,,Daemontom,,,,,Kaizo: Light,,/?p=section&a=details&id=28355,,,['17dc26dcfb931075dde1f1cdb0ff7118b90cbbbe.bps'],['17dc26dcfb931075dde1f1cdb0ff7118b90cbbbe.json'],
,,17 Sep 2021,28344,Mario the reality of kaizo demo v0.1,,,,,WSG The master,,,,,Kaizo: Light,,/?p=section&a=details&id=28344,,,['deb9ee776baabc9ad122e578dbce6bbdf4909ab3.bps'],['deb9ee776baabc9ad122e578dbce6bbdf4909ab3.json'],
,,14 Sep 2021,28313,Super Mario World: Prototype Edition,,,,,"Jonathan Retrogamer, Professor Parabeetle",,,,,Standard: Normal,,/?p=section&a=details&id=28313,,,['e2ee4485a9fa2e2fa1ee5f08000a803b9995e469.bps'],['e2ee4485a9fa2e2fa1ee5f08000a803b9995e469.json'],
,,13 Sep 2021,28299,Super Mario World Yoshi World 1.2,,,,,Hamilton64,,,,,Standard: Easy,,/?p=section&a=details&id=28299,,,['c9ead6f3c9f954de0d4d030b18fbb42d77fbd7ae.bps'],['c9ead6f3c9f954de0d4d030b18fbb42d77fbd7ae.json'],
,,06 Sep 2021,28240,The Last Journey,,,,,OhMuramatsu,,,,,Kaizo: Light,,/?p=section&a=details&id=28240,,,['958c252b32c42af4b97f8c648693f384fdd68e80.bps'],['958c252b32c42af4b97f8c648693f384fdd68e80.json'],
,,05 Sep 2021,28228,Super Mario Bros. SNES Version.,,,,,Mariokid,,,,,Standard: Normal,,/?p=section&a=details&id=28228,,,['2ba37b5768c88027e7cfc9706596eae464964ccb.bps'],['2ba37b5768c88027e7cfc9706596eae464964ccb.json'],
,,04 Sep 2021,28227,Mario Saves Princess Peach,,,,,Fermín Acosta Jr.,,,,,Standard: Hard,,/?p=section&a=details&id=28227,,,['c3c64f40a481008469f582ad435451ddf53bbb30.bps'],['c3c64f40a481008469f582ad435451ddf53bbb30.json'],
,,03 Sep 2021,28215,Very Remade SMW Beta,,,,,Mariokid,,,,,Standard: Normal,,/?p=section&a=details&id=28215,,,['de342242d27c3519642309b3e3e3b9888dc367e3.bps'],['de342242d27c3519642309b3e3e3b9888dc367e3.json'],
,,03 Sep 2021,28217,Super Waluigi World Thwompz Fortress,,,,,Thwompz,,,,,Kaizo: Light,,/?p=section&a=details&id=28217,,,['7c392b1c5d90af20871653e9f935ed0cb2d10db7.bps'],['7c392b1c5d90af20871653e9f935ed0cb2d10db7.json'],
,,02 Sep 2021,28190,A story about an island,,,,,Coockie1173,,,,,Kaizo: Light,,/?p=section&a=details&id=28190,,,['78458bfc0178c4791445fa4fa04c2c2028729f9c.bps'],['78458bfc0178c4791445fa4fa04c2c2028729f9c.json'],
,,31 Aug 2021,28159,Heavenly host II : Master class,,,,,Lush_50,,,,,Kaizo: Light,,/?p=section&a=details&id=28159,,,['8391ea25ca33bd7d581db3dca03110c5abbac790.bps'],['8391ea25ca33bd7d581db3dca03110c5abbac790.json'],
,,10 Aug 2021,27964,Super Mario World The Beautifull Evening,,,,,jesus angel,,,,,Kaizo: Light,,/?p=section&a=details&id=27964,,,['d4b7d2cfc401d428dd8a367ca2b9db3fcf0e07cc.bps'],['d4b7d2cfc401d428dd8a367ca2b9db3fcf0e07cc.json'],
,,10 Aug 2021,27967,Super Mario - Uma Nova Aventura (Lite Version),,,,,Leozoppi,,,,,Standard: Hard,,/?p=section&a=details&id=27967,,,['a938ffb365281bf02efc9d98c4ddd1caf9d450d0.bps'],['a938ffb365281bf02efc9d98c4ddd1caf9d450d0.json'],
,,07 Aug 2021,27934,Mario World but Google Translate,,,,,dougeff,,,,,Standard: Normal,,/?p=section&a=details&id=27934,,,['0530a063ac65c3560abd3caa0a58b93916f116f4.bps'],['0530a063ac65c3560abd3caa0a58b93916f116f4.json'],
,,17 Jul 2021,27715,super mario world please help me edition,,,,,pou3321,,,,,Misc.: Troll,,/?p=section&a=details&id=27715,,,['384413c0d4e7e4f9db3d81757622c0b41188b3ca.bps'],['384413c0d4e7e4f9db3d81757622c0b41188b3ca.json'],
,,16 Jul 2021,27669,Super Mario World - Bowser's Rage,,,,,Red2009,,,,,Standard: Normal,,/?p=section&a=details&id=27669,,,['1b06811f0975e163a2bb5b124d6aa347d113d371.bps'],['1b06811f0975e163a2bb5b124d6aa347d113d371.json'],
,,12 Jul 2021,27642,Mario con el Chiquito Travieso,,,,,"El Cabra Grande, gratianne",,,,,Standard: Hard,,/?p=section&a=details&id=27642,,,['5052dd3b9dc5a52c737e595ed90a1582ae86c948.bps'],['5052dd3b9dc5a52c737e595ed90a1582ae86c948.json'],
,,07 Jul 2021,27598,O'Ghim!,,,,,microwave_brother,,,,,Kaizo: Light,,/?p=section&a=details&id=27598,,,['f73d6dc06086936ee1891e9aa432fd0648fd60b1.bps'],['f73d6dc06086936ee1891e9aa432fd0648fd60b1.json'],
,,06 Jul 2021,27575,Kaizo Kidz Demo,,,,,"HACK, Kaizo, Light, wulv257",,,,,Kaizo: Light,,/?p=section&a=details&id=27575,,,['baa6d62f504ea3af9844f340e0ce3ddbdeec94fb.bps'],['baa6d62f504ea3af9844f340e0ce3ddbdeec94fb.json'],
,,05 Jul 2021,27566,Shell Shop,,,,,TomCube,,,,,Kaizo: Hard,,/?p=section&a=details&id=27566,,,['121a419dd25645a0a12ee82d4037ed7c1ed23557.bps'],['121a419dd25645a0a12ee82d4037ed7c1ed23557.json'],
,,03 Jul 2021,27473,SMW The Great Adventure,,,,,bandicoot,,,,,Standard: Hard,,/?p=section&a=details&id=27473,,,['11800004c5f75f5205d32dc8e4eb8e360276cdb5.bps'],['11800004c5f75f5205d32dc8e4eb8e360276cdb5.json'],
,,02 Jul 2021,27399,Karashta's Keyboard World,,,,,BuckeyeB_06,,,,,Kaizo: Light,,/?p=section&a=details&id=27399,,,['0b4611aef54b2f4163cdc8cb3587ebee75b16d2a.bps'],['0b4611aef54b2f4163cdc8cb3587ebee75b16d2a.json'],
,,30 Jun 2021,27389,Run!,,,,,AllexGG,,,,,Kaizo: Light,,/?p=section&a=details&id=27389,,,['b1e9686893b5f3d674923efbfe714f925245a0fb.bps'],['b1e9686893b5f3d674923efbfe714f925245a0fb.json'],
,,23 Jun 2021,27351,Shell jump practice demo,,,,,awesomedude3000100,,,,,Kaizo: Light,,/?p=section&a=details&id=27351,,,['83a32af7c0defe77020fe6d3c14edaf7c2f2e1ed.bps'],['83a32af7c0defe77020fe6d3c14edaf7c2f2e1ed.json'],
,,16 Jun 2021,27299,Sorrow And Misery Demo,,,,,JokerGamerOk,,,,,Kaizo: Light,,/?p=section&a=details&id=27299,,,['0b9d0a030d54fd84b424218be1651e7822c44768.bps'],['0b9d0a030d54fd84b424218be1651e7822c44768.json'],
,,14 Jun 2021,27280,Sleepy World 1.1,,,,,Schlafkopf,,,,,Kaizo: Light,,/?p=section&a=details&id=27280,,,['85bf5480c187b1be2ce5284f237a7d378ad41fe7.bps'],['85bf5480c187b1be2ce5284f237a7d378ad41fe7.json'],
,,07 Jun 2021,27216,Super Mario World but Mario has a Gun,,,,,AppleBoy54321,,,,,Misc.: Troll,,/?p=section&a=details&id=27216,,,['8ce4a8de0bcb4a4f087fb0bb02d32e13c9e5c63d.bps'],['8ce4a8de0bcb4a4f087fb0bb02d32e13c9e5c63d.json'],
,,03 Jun 2021,27195,#DGR,,,,,Desert,,,,,Standard: Hard,,/?p=section&a=details&id=27195,,,['e98024e03c2cd8238faf0f35ab45ee4b4a15a738.bps'],['e98024e03c2cd8238faf0f35ab45ee4b4a15a738.json'],
,,03 Jun 2021,27197,Nightmare café V,,,,,"Anorakun, DJLocks, Darkguii, KevinM, Magmatic, MarkAlarm, MassPunishment, Runic_Rain, Selicre, StayAtHomeStegosaurus, SusGodGaming, Sweetdude, le4che, quietmason",,,,,Kaizo: Light,,/?p=section&a=details&id=27197,,,['b81fbd73f0998407e158f7fdfbe1ea71f2cc4974.bps'],['b81fbd73f0998407e158f7fdfbe1ea71f2cc4974.json'],
,,29 May 2021,27147,Just a few levels,,,,,tuino83,,,,,Standard: Hard,,/?p=section&a=details&id=27147,,,['76cdb84f5de556c70b9bd60ae55c5d61e61cbc3f.bps'],['76cdb84f5de556c70b9bd60ae55c5d61e61cbc3f.json'],
,,28 May 2021,27145,Super Mario A Vanilla New Journey,,,,,Light Jak,,,,,Standard: Normal,,/?p=section&a=details&id=27145,,,"['c1e0b459dde7511fd9765fe1d0707b518bb320fc.bps', 'e3b6ac09537ea84ce9b0ca370301f870db07b454.bps']","['c1e0b459dde7511fd9765fe1d0707b518bb320fc.json', 'e3b6ac09537ea84ce9b0ca370301f870db07b454.json']",
,,26 May 2021,27126,Some Hack Inspired By Yump 2 But Mario Got Fired And Tries To Die.,,,,,badrapppername,,,,,Standard: Normal,,/?p=section&a=details&id=27126,,,['fe9726d97d6b893a8733e449b93ce5f63deea115.bps'],['fe9726d97d6b893a8733e449b93ce5f63deea115.json'],
,,25 May 2021,27117,Coolguy's bd,,,,,Ok_scratch10,,,,,Standard: Easy,,/?p=section&a=details&id=27117,,,['15df6ef488e93afe93d0abc1ff3ddb9a208ced36.bps'],['15df6ef488e93afe93d0abc1ff3ddb9a208ced36.json'],
,,23 May 2021,27105,FOR SCIENCE!!!,,,,,AdamOSretro,,,,,Standard: Hard,,/?p=section&a=details&id=27105,,,['043a06d132cf7a2945b4680dfeacb4b27483a086.bps'],['043a06d132cf7a2945b4680dfeacb4b27483a086.json'],
,,19 May 2021,27062,SMW Finnish translation,,,,,JP32,,,,,Standard: Normal,,/?p=section&a=details&id=27062,,,['f24d21c936594ed913447cc4a274198ee93cc00f.bps'],['f24d21c936594ed913447cc4a274198ee93cc00f.json'],
,,17 May 2021,27045,Mario's Insane Adventure,,,,,iamweegee,,,,,Standard: Hard,,/?p=section&a=details&id=27045,,,['6b4acad6a6d99672a17ab9f3bd4931c61eeccd1c.bps'],['6b4acad6a6d99672a17ab9f3bd4931c61eeccd1c.json'],
,,14 May 2021,27020,Mura World,,,,,OhMuramatsu,,,,,Kaizo: Light,,/?p=section&a=details&id=27020,,,['20177d33ac504e40c9c0926eb461b428c49cb197.bps'],['20177d33ac504e40c9c0926eb461b428c49cb197.json'],
,,13 May 2021,27015,Super Mario World - Bowser Madness,,,,,Mr. Starman,,,,,Standard: Hard,,/?p=section&a=details&id=27015,,,['e3830e3b2724d0a64e79fd9d284463cd4efeb227.bps'],['e3830e3b2724d0a64e79fd9d284463cd4efeb227.json'],
,,10 May 2021,26987,Simple Cheese,,,,,badrapppername,,,,,Standard: Very Hard,,/?p=section&a=details&id=26987,,,['0d9fe704f243d45f3b7e557e3a05d34d89f87d78.bps'],['0d9fe704f243d45f3b7e557e3a05d34d89f87d78.json'],
,,08 May 2021,26967,Mario is always crouching !!!,,,,,L1UP,,,,,Standard: Normal,,/?p=section&a=details&id=26967,,,['07adf7f556ea894afe772e700ad3abe73dc639d3.bps'],['07adf7f556ea894afe772e700ad3abe73dc639d3.json'],
,,02 May 2021,26918,Punchy Kaizo World,,,,,cherrybombr,,,,,Kaizo: Light,,/?p=section&a=details&id=26918,,,['1019b37a6d2b1309ad23afc6f00ef27b087772f8.bps'],['1019b37a6d2b1309ad23afc6f00ef27b087772f8.json'],
,,01 May 2021,26911,Super NemMeViu World,,,,,"OhMuramatsu, P1JDS",,,,,Standard: Hard,,/?p=section&a=details&id=26911,,,"['a100a15366ef57d262b1d1519ac465f23663ef21.bps', '9c23ad78ea4a016f37bb7eed23cf928a3171a048.bps']","['a100a15366ef57d262b1d1519ac465f23663ef21.json', '9c23ad78ea4a016f37bb7eed23cf928a3171a048.json']",
,,29 Apr 2021,26894,Sweet Vanilla,,,,,Diego,,,,,Standard: Easy,,/?p=section&a=details&id=26894,,,['b0a25b1ed1a7e18995a1a9b8749cef4b44b6dd95.bps'],['b0a25b1ed1a7e18995a1a9b8749cef4b44b6dd95.json'],
,,29 Apr 2021,26896,Stardust,,,,,Kinkerton,,,,,Kaizo: Light,,/?p=section&a=details&id=26896,,,['d099094525d48348c97e0e6e4918e0028170cc6c.bps'],['d099094525d48348c97e0e6e4918e0028170cc6c.json'],
,,26 Apr 2021,26871,Mario's Island,,,,,iamweegee,,,,,Standard: Easy,,/?p=section&a=details&id=26871,,,['d0726fcccdef253e2ab8c3196e674b3b7b88e1d2.bps'],['d0726fcccdef253e2ab8c3196e674b3b7b88e1d2.json'],
,,24 Apr 2021,26848,Crescendo,,,,,Darkguii,,,,,Kaizo: Light,,/?p=section&a=details&id=26848,,,['438e5adc7cb66b3d4c4aa33ca4e7107f71821768.bps'],['438e5adc7cb66b3d4c4aa33ca4e7107f71821768.json'],
,,21 Apr 2021,26818,Super Mario World Bros.,,,,,jonloveslegos,,,,,Standard: Normal,,/?p=section&a=details&id=26818,,,['016a85360c52987181ba2cba8c074a4380a65751.bps'],['016a85360c52987181ba2cba8c074a4380a65751.json'],
,,14 Apr 2021,26746,Lost Places Demo,,,,,Schlafkopf,,,,,Kaizo: Light,,/?p=section&a=details&id=26746,,,['2b2a4b4a95935bf7bf02ca1b973907b0eaf76f94.bps'],['2b2a4b4a95935bf7bf02ca1b973907b0eaf76f94.json'],
,,09 Apr 2021,26714,Super Amancio World,,,,,drearysteak8105ds8105,,,,,Standard: Normal,,/?p=section&a=details&id=26714,,,['8c963e808e45b61d0db3df40104f5e438079c44b.bps'],['8c963e808e45b61d0db3df40104f5e438079c44b.json'],
,,07 Apr 2021,26694,Super SGES Races (season 2),,,,,RedKitsune,,,,,Kaizo: Light,,/?p=section&a=details&id=26694,,,"['8cc911ac00ac3e3f36466a59a675b22853f8f483.bps', '0850b985048f0bc30feef95f4bd5ada12ea102ea.bps']","['8cc911ac00ac3e3f36466a59a675b22853f8f483.json', '0850b985048f0bc30feef95f4bd5ada12ea102ea.json']",
,,01 Apr 2021,26633,super world,,,,,LEGOgucci,,,,,Misc.: Troll,,/?p=section&a=details&id=26633,,,['6321a603cf8502dcf16a26bfd9c3e288f92da9aa.bps'],['6321a603cf8502dcf16a26bfd9c3e288f92da9aa.json'],
,,29 Mar 2021,26608,Super Mario Gaia Demo Version 1.3,,,,,grisu,,,,,Kaizo: Light,,/?p=section&a=details&id=26608,,,['7923087c43b9460d979ae2c1fda49e96e365180d.bps'],['7923087c43b9460d979ae2c1fda49e96e365180d.json'],
,,26 Mar 2021,26566,Sleepy World Demo v1.1,,,,,Schlafkopf,,,,,Kaizo: Light,,/?p=section&a=details&id=26566,,,['21fe7def673d781aac686ff54b797296b366db00.bps'],['21fe7def673d781aac686ff54b797296b366db00.json'],
,,25 Mar 2021,26564,Super Notto World Demo #2!,,,,,Notto,,,,,Standard: Normal,,/?p=section&a=details&id=26564,,,['04e1f7c3db5c76a69080c972f56b62851fe937f3.bps'],['04e1f7c3db5c76a69080c972f56b62851fe937f3.json'],
,,24 Mar 2021,26544,Abuse and Die The Lost World,,,,,AbuseFreakHacker,,,,,Kaizo: Hard,,/?p=section&a=details&id=26544,,,['ab9cc0cd664b24ec465cbef2a6516f08cf6b6ed2.bps'],['ab9cc0cd664b24ec465cbef2a6516f08cf6b6ed2.json'],
,,24 Mar 2021,26546,Fedora,,,,,AbuseFreakHacker,,,,,Kaizo: Light,,/?p=section&a=details&id=26546,,,['cfaafb1a854ac662ae6d1c50e42916eb25e86cd8.bps'],['cfaafb1a854ac662ae6d1c50e42916eb25e86cd8.json'],
,,13 Mar 2021,26446,Cangrejo Kaizo Land,,,,,cangrejo,,,,,Kaizo: Light,,/?p=section&a=details&id=26446,,,['69fc29bd9e222ea8115c41dc7045115611d37956.bps'],['69fc29bd9e222ea8115c41dc7045115611d37956.json'],
,,13 Mar 2021,26440,YoHo,,,,,Neidave,,,,,Kaizo: Hard,,/?p=section&a=details&id=26440,,,['36756145723a161596ca056f1d3f9635ce3abb43.bps'],['36756145723a161596ca056f1d3f9635ce3abb43.json'],
,,12 Mar 2021,26434,SPW Hard times,,,,,Blueperry,,,,,Kaizo: Light,,/?p=section&a=details&id=26434,,,['f4ad8353ade0c841be1e525af4e0143017a8a9d5.bps'],['f4ad8353ade0c841be1e525af4e0143017a8a9d5.json'],
,,11 Mar 2021,26421,Kaizo Pipes2.0,,,,,Blueperry,,,,,Kaizo: Light,,/?p=section&a=details&id=26421,,,['8eb0707760c4acece48bf8a82ad7bad8bb0715d6.bps'],['8eb0707760c4acece48bf8a82ad7bad8bb0715d6.json'],
,,10 Mar 2021,26414,Kaizo Pipes,,,,,Blueperry,,,,,Kaizo: Light,,/?p=section&a=details&id=26414,,,['7efa80fb46e854824863a9473a255cf12a3beb91.bps'],['7efa80fb46e854824863a9473a255cf12a3beb91.json'],
,,03 Mar 2021,26318,Dumb World 2,,,,,cangrejo,,,,,Kaizo: Light,,/?p=section&a=details&id=26318,,,['8410493a19c6099d68b989f5e22eb7526448a21c.bps'],['8410493a19c6099d68b989f5e22eb7526448a21c.json'],
,,03 Mar 2021,26332,Super Mario World De Volta ao Jogo,,,,,Darkwoon,,,,,Standard: Hard,,/?p=section&a=details&id=26332,,,['fcc9d718e28dda9194105ee1cf7cd935857b1eea.bps'],['fcc9d718e28dda9194105ee1cf7cd935857b1eea.json'],
,,02 Mar 2021,26310,Chomp's Coin Hunt,,,,,Matt,,,,,Standard: Normal,,/?p=section&a=details&id=26310,,,['fbde708c2458058d129a581f5d2cf10d5905a6ed.bps'],['fbde708c2458058d129a581f5d2cf10d5905a6ed.json'],
,,01 Mar 2021,26299,Super mario world fantastic trip (Demo),,,,,Jeosberry,,,,,Standard: Normal,,/?p=section&a=details&id=26299,,,['c03c2b3977277692d7cbc63a8ea9141194f349c2.bps'],['c03c2b3977277692d7cbc63a8ea9141194f349c2.json'],
,,21 Feb 2021,26251,The great circus mystery: Pete's revenge!,,,,,7granddad-copyied,,,,,Standard: Easy,,/?p=section&a=details&id=26251,,,['4b08af29263b0c9367157a1da35178dca8c2f9d0.bps'],['4b08af29263b0c9367157a1da35178dca8c2f9d0.json'],
,,19 Feb 2021,26229,Soupy Soup World,,,,,LiamBLOL,,,,,Standard: Very Hard,,/?p=section&a=details&id=26229,,,['8aeb95976a860b95d9c3c833ea47ca49b55c189e.bps'],['8aeb95976a860b95d9c3c833ea47ca49b55c189e.json'],
,,18 Feb 2021,26219,Super Notto World Level 1 Demo,,,,,Notto,,,,,Standard: Normal,,/?p=section&a=details&id=26219,,,['eb5354b960a4731a5bab956883b93683993bfb32.bps'],['eb5354b960a4731a5bab956883b93683993bfb32.json'],
,,17 Feb 2021,26211,Mario World for Pros,,,,,Nara Sherko,,,,,Standard: Very Hard,,/?p=section&a=details&id=26211,,,['9be036a3ac35d8f1e512357dae69d4cf60131de2.bps'],['9be036a3ac35d8f1e512357dae69d4cf60131de2.json'],
,,15 Feb 2021,26203,Super Mario World - Menace In The Mushroom Kingdom,,,,,HeavyMetalRocker1988,,,,,Standard: Hard,,/?p=section&a=details&id=26203,,,"['7f10742f4251203fc8f88f40ac3bc4df7a09020a.bps', '6668517fe590d2fb9db288550e3b00e56dbb8388.bps']","['7f10742f4251203fc8f88f40ac3bc4df7a09020a.json', '6668517fe590d2fb9db288550e3b00e56dbb8388.json']",
,,14 Feb 2021,26196,SUDP,,,,,ninj,,,,,Standard: Very Hard,,/?p=section&a=details&id=26196,,,['e99927d7840008d1c0480f29ffaa13eae5403067.bps'],['e99927d7840008d1c0480f29ffaa13eae5403067.json'],
,,13 Feb 2021,26189,Ninji Story,,,,,Lush_50,,,,,Kaizo: Light,,/?p=section&a=details&id=26189,,,['d6a96bb0941875e23ee4ac1f966a4458976fc216.bps'],['d6a96bb0941875e23ee4ac1f966a4458976fc216.json'],
,,11 Feb 2021,26177,lilpeepland (feat KANYE WEST LİL PUMP XXXTENTACİON),,,,,LEGOgucci,,,,,Standard: Hard,,/?p=section&a=details&id=26177,,,['18b0cba2d94d57de784f75d0e876fe868ddca293.bps'],['18b0cba2d94d57de784f75d0e876fe868ddca293.json'],
,,06 Feb 2021,26151,Super Mario World The Blue Island,,,,,jesus angel,,,,,Kaizo: Light,,/?p=section&a=details&id=26151,,,['bcaa17209934ff9da5657d81129c35e292b5d914.bps'],['bcaa17209934ff9da5657d81129c35e292b5d914.json'],
,,04 Feb 2021,26134,Super SGES Races,,,,,RedKitsune,,,,,Kaizo: Light,,/?p=section&a=details&id=26134,,,"['95aa7dc06b38045ee4b73bee81ed34df6e03d692.bps', '5f840e0780257d73c7e444b4fd06eea07ac6209d.bps']","['95aa7dc06b38045ee4b73bee81ed34df6e03d692.json', '5f840e0780257d73c7e444b4fd06eea07ac6209d.json']",
,,03 Feb 2021,26125,lil peep land,,,,,LEGOgucci,,,,,Standard: Hard,,/?p=section&a=details&id=26125,,,['58a48e7cf8e433a54a4a8b6e8989363793506af4.bps'],['58a48e7cf8e433a54a4a8b6e8989363793506af4.json'],
,,29 Jan 2021,26077,Milo's Misadventures,,,,,MidniteMilo82,,,,,Kaizo: Light,,/?p=section&a=details&id=26077,,,['e09920d69decadaa90a1cda52d1e757cf3a7abb2.bps'],['e09920d69decadaa90a1cda52d1e757cf3a7abb2.json'],
,,21 Jan 2021,26008,Ultra Mario. Magic Adventure,,,,,"MR. Gamer, Sr Ramon",,,,,Standard: Normal,,/?p=section&a=details&id=26008,,,['9b4fc7fbfef67e31e84ef361e7270b7e93e70a0a.bps'],['9b4fc7fbfef67e31e84ef361e7270b7e93e70a0a.json'],
,,16 Jan 2021,25928,Insomnia1.0,,,,,Drippz85,,,,,Kaizo: Light,,/?p=section&a=details&id=25928,,,['1e00d86504293c78f25a3165e53abf0f4fb6aef1.bps'],['1e00d86504293c78f25a3165e53abf0f4fb6aef1.json'],
,,14 Jan 2021,25904,Super Souls World,,,,,Phyll,,,,,Kaizo: Light,,/?p=section&a=details&id=25904,,,['7c84de6e032496f3de8aba8dd046ff8ac7977b34.bps'],['7c84de6e032496f3de8aba8dd046ff8ac7977b34.json'],
,,12 Jan 2021,25851,Deluxe Mario Adventure,,,,,Dispace,,,,,Standard: Normal,,/?p=section&a=details&id=25851,,,['9bd1b81aa7c7cb3915741124b912580f8f780e66.bps'],['9bd1b81aa7c7cb3915741124b912580f8f780e66.json'],
,,12 Jan 2021,25871,SUPER MARIO WORLD LEGACY,,,,,Samuel 300,,,,,Standard: Normal,,/?p=section&a=details&id=25871,,,['65cedfa7c9b4ab883be045cc4f21e4b901121047.bps'],['65cedfa7c9b4ab883be045cc4f21e4b901121047.json'],
,,09 Jan 2021,25739,where is my wife remastered,,,,,LEGOgucci,,,,,Kaizo: Light,,/?p=section&a=details&id=25739,,,['dcf09dee47688551eff2bed960e9b3a21760f32c.bps'],['dcf09dee47688551eff2bed960e9b3a21760f32c.json'],
,,09 Jan 2021,25745,Mario Vs. The Deadly Allience,,,,,SpoodahBro,,,,,Standard: Hard,,/?p=section&a=details&id=25745,,,['fac5150e1e2277b422c52fa19470f51ec5a21acd.bps'],['fac5150e1e2277b422c52fa19470f51ec5a21acd.json'],
,,08 Jan 2021,25658,Mario's Pipe Parcour,,,,,Crazyclay,,,,,Standard: Hard,,/?p=section&a=details&id=25658,,,['07fe48333e913c82726892de3a6911d7b33d3aab.bps'],['07fe48333e913c82726892de3a6911d7b33d3aab.json'],
,,08 Jan 2021,25713,Yuki's Adventure,,,,,A-l-e-x-99,,,,,Standard: Hard,,/?p=section&a=details&id=25713,,,['c8740dd6f799c6886634bc95e46c52af4dad4416.bps'],['c8740dd6f799c6886634bc95e46c52af4dad4416.json'],
,,07 Jan 2021,25654,Mario in the Klasky Opusc Island,,,,,jesus angel,,,,,Kaizo: Light,,/?p=section&a=details&id=25654,,,['00d45e119a12715dee6afe341071b79f06c9597f.bps'],['00d45e119a12715dee6afe341071b79f06c9597f.json'],
,,03 Jan 2021,25609,Error (DEMO),,,,,Dimka,,,,,Standard: Hard,,/?p=section&a=details&id=25609,,,['69ee2382d306bb9016e275d55afab35ece6b657f.bps'],['69ee2382d306bb9016e275d55afab35ece6b657f.json'],
,,02 Jan 2021,25601,Super Mario World Again,,,,,Mario is the best,,,,,Standard: Normal,,/?p=section&a=details&id=25601,,,['1a9af899e29faaf20d1c3d7938400a2ddfdf0e20.bps'],['1a9af899e29faaf20d1c3d7938400a2ddfdf0e20.json'],
,,01 Jan 2021,25590,Super Mario World Special,,,,,SuperDfar,,,,,Standard: Normal,,/?p=section&a=details&id=25590,,,['d7b3b2dd3bf5d7b69317b0964d5f3f57c5b56ab9.bps'],['d7b3b2dd3bf5d7b69317b0964d5f3f57c5b56ab9.json'],
,,25 Dec 2020,25547,Tiny Mario World Snow Summit Special,,,,,RetroDario,,,,,Standard: Hard,,/?p=section&a=details&id=25547,,,['8dabfce4947b74732653fa7f7284609c9d758f0c.bps'],['8dabfce4947b74732653fa7f7284609c9d758f0c.json'],
,,23 Dec 2020,25528,Super Mario Bros. Peach's Adventure,,,,,BWGLite,,,,,Standard: Normal,,/?p=section&a=details&id=25528,,,['e62a87febc670d2cd12832479371ab047640fef3.bps'],['e62a87febc670d2cd12832479371ab047640fef3.json'],
,,23 Dec 2020,25529,Super Troupe World,,,,,GRIMMKIN,,,,,Kaizo: Light,,/?p=section&a=details&id=25529,,,['551b817a1e60660990809dd854d564b3a9a22ebe.bps'],['551b817a1e60660990809dd854d564b3a9a22ebe.json'],
,,21 Dec 2020,25512,versuch zwei,,,,,Anko,,,,,Kaizo: Light,,/?p=section&a=details&id=25512,,,['436a960e1525bb106e8ab139115de260a0897860.bps'],['436a960e1525bb106e8ab139115de260a0897860.json'],
,,11 Dec 2020,25441,Super Mario World 3,,,,,Albert1234,,,,,Standard: Hard,,/?p=section&a=details&id=25441,,,['cf9ca91170f9e95d46492225de159e4d1f11d9d8.bps'],['cf9ca91170f9e95d46492225de159e4d1f11d9d8.json'],
,,10 Dec 2020,25431,Mario Mini 2020,,,,,Elsayed Mukhtar,,,,,Standard: Easy,,/?p=section&a=details&id=25431,,,['75e2abe6f1f83d6eadacf317860e9f18f44fa5df.bps'],['75e2abe6f1f83d6eadacf317860e9f18f44fa5df.json'],
,,10 Dec 2020,25432,uper Mario Bros 5 Deluxe Adventure(New update),,,,,MR. Gamer,,,,,Standard: Normal,,/?p=section&a=details&id=25432,,,['7a469eb2c6d6000dbfdc4526451d3fa4c79c0928.bps'],['7a469eb2c6d6000dbfdc4526451d3fa4c79c0928.json'],
,,10 Dec 2020,25433,Mario and Luigi in search of the magic moons,,,,,Tommitalia,,,,,Standard: Hard,,/?p=section&a=details&id=25433,,,['844e4cf9ee201c51cdfe4eb3869fc90d15aa56bb.bps'],['844e4cf9ee201c51cdfe4eb3869fc90d15aa56bb.json'],
,,09 Dec 2020,25422,Super Mario Bros 10,,,,,MR. Gamer,,,,,Standard: Normal,,/?p=section&a=details&id=25422,,,['f46c90a70f10eeca720a2e31485793f76e790af8.bps'],['f46c90a70f10eeca720a2e31485793f76e790af8.json'],
,,02 Dec 2020,25338,The Winter Island FULL GAME,,,,,Mario is the best,,,,,Standard: Normal,,/?p=section&a=details&id=25338,,,['a1fea86f0fcd0e8f732012ab71f7f7a6b473e645.bps'],['a1fea86f0fcd0e8f732012ab71f7f7a6b473e645.json'],
,,28 Nov 2020,25294,Super Mario World: Trouble At Yoshi's Island (Demo 1),,,,,Spads,,,,,Standard: Normal,,/?p=section&a=details&id=25294,,,['00c4f9aecab9554bb3b0da1d3a5e7deab52c0101.bps'],['00c4f9aecab9554bb3b0da1d3a5e7deab52c0101.json'],
,,26 Nov 2020,25272,35 Questions,,,,,random_box,,,,,Kaizo: Light,,/?p=section&a=details&id=25272,,,['5910561d314b36706b5d7fc9c45a34288ae5e8d8.bps'],['5910561d314b36706b5d7fc9c45a34288ae5e8d8.json'],
,,26 Nov 2020,25278,First Try,,,,,Anko,,,,,Standard: Hard,,/?p=section&a=details&id=25278,,,['f1bcf78d4047843a4467062f24e6af2fca6b4822.bps'],['f1bcf78d4047843a4467062f24e6af2fca6b4822.json'],
,,18 Nov 2020,25199,New Super Mario World,,,,,Elsayed Mukhtar,,,,,Standard: Normal,,/?p=section&a=details&id=25199,,,['4916b52113c65a03d5be8c1e79d1103aa8fc8ca5.bps'],['4916b52113c65a03d5be8c1e79d1103aa8fc8ca5.json'],
,,18 Nov 2020,25200,Super Mario Meme World Demo,,,,,Thunderbird98,,,,,Standard: Easy,,/?p=section&a=details&id=25200,,,['32993c226142b263d6d9874f459e396c5bd6eba3.bps'],['32993c226142b263d6d9874f459e396c5bd6eba3.json'],
,,15 Nov 2020,25178,My First Romhack,,,,,SMWCustomizer,,,,,Standard: Normal,,/?p=section&a=details&id=25178,,,['aee77359151c4418d761ccfbe55ff5827d47ff79.bps'],['aee77359151c4418d761ccfbe55ff5827d47ff79.json'],
,,13 Nov 2020,25161,Super Ideka World,,,,,ideka13,,,,,Kaizo: Light,,/?p=section&a=details&id=25161,,,['cf3e86846f2ab7e21bde2eb79bd967bea030b796.bps'],['cf3e86846f2ab7e21bde2eb79bd967bea030b796.json'],
,,12 Nov 2020,25154,Super Princess Daisy - The Plumbers Rescue,,,,,OrangeBronzeDaisy,,,,,Standard: Hard,,/?p=section&a=details&id=25154,,,['5d19af192273d2834264de426c68093d10bcb81a.bps'],['5d19af192273d2834264de426c68093d10bcb81a.json'],
,,09 Nov 2020,25133,Mini Levels,,,,,mrpigeon468,,,,,Kaizo: Light,,/?p=section&a=details&id=25133,,,['fc89e4716927b8486afcbff469b1ec48ca44c843.bps'],['fc89e4716927b8486afcbff469b1ec48ca44c843.json'],
,,08 Nov 2020,25127,Mario Game Fixed by Dio del Metal,,,,,DiodelMetal666,,,,,Standard: Very Hard,,/?p=section&a=details&id=25127,,,['232fc0da3c448f1329d68e511b76e4ebd319b89b.bps'],['232fc0da3c448f1329d68e511b76e4ebd319b89b.json'],
,,06 Nov 2020,25113,Super Kekcroc World 3,,,,,"Kekcroc Team, Knucklesfan",,,,,Standard: Very Hard,,/?p=section&a=details&id=25113,,,['662becac3d5bc9ea90fd796690dbc529083cf057.bps'],['662becac3d5bc9ea90fd796690dbc529083cf057.json'],
,,04 Nov 2020,25093,Super Mario World Coronavirus,,,,,Kauan Henrique Chaves da Costa,,,,,Standard: Hard,,/?p=section&a=details&id=25093,,,['bd1ea98364817fdfc86f7cfe93cecf92d7fe6160.bps'],['bd1ea98364817fdfc86f7cfe93cecf92d7fe6160.json'],
,,02 Nov 2020,25057,P-Abuse,,,,,"ideka13, mio",,,,,Kaizo: Hard,,/?p=section&a=details&id=25057,,,['ab63ff11c2604be1e50c13b2b18ed74c54f81831.bps'],['ab63ff11c2604be1e50c13b2b18ed74c54f81831.json'],
,,02 Nov 2020,25059,Hyper Wizardry,,,,,ageVerrly,,,,,Kaizo: Light,,/?p=section&a=details&id=25059,,,['f92a61ecf85d7b56b06a5a2bce6f34a32471987a.bps'],['f92a61ecf85d7b56b06a5a2bce6f34a32471987a.json'],
,,28 Oct 2020,25009,Haunted Hill,,,,,Sleppy,,,,,Standard: Very Hard,,/?p=section&a=details&id=25009,,,['c665b3cb0ecc0c5ed9abe1ec20e1e78fa61fd2ac.bps'],['c665b3cb0ecc0c5ed9abe1ec20e1e78fa61fd2ac.json'],
,,27 Oct 2020,24996,stickman words,,,,,timeleft,,,,,Kaizo: Light,,/?p=section&a=details&id=24996,,,['1800586f05414206ec38a89feca0656501294fda.bps'],['1800586f05414206ec38a89feca0656501294fda.json'],
,,25 Oct 2020,24962,Mario World- Midnight Chapter,,,,,Lady_Gagamel,,,,,Standard: Normal,,/?p=section&a=details&id=24962,,,['cb828db2a3324f357b1fb0e4c4ec7ca0a6fce7da.bps'],['cb828db2a3324f357b1fb0e4c4ec7ca0a6fce7da.json'],
,,21 Oct 2020,24928,Super Mario World Shattered World,,,,,Segment1Zone2,,,,,Standard: Hard,,/?p=section&a=details&id=24928,,,['a1055375d180d71e18e328de43e4e1fe6655df45.bps'],['a1055375d180d71e18e328de43e4e1fe6655df45.json'],
,,19 Oct 2020,24903,Simply Mario Shells 'n Bells Demo,,,,,Sping bot,,,,,Kaizo: Light,,/?p=section&a=details&id=24903,,,['1b5ad0159f1762b2ec3db1a511a6e925c57b32b8.bps'],['1b5ad0159f1762b2ec3db1a511a6e925c57b32b8.json'],
,,16 Oct 2020,24869,GROOVY WORLD [beta,,,,,mixernock,,,,,Standard: Easy,,/?p=section&a=details&id=24869,,,['0cf279f89d88e08b2ce0c3dc903f3cc36ab2b1e0.bps'],['0cf279f89d88e08b2ce0c3dc903f3cc36ab2b1e0.json'],
,,15 Oct 2020,24861,Operation KAN,,,,,"Zsonal, kaka128432, trihard inc, tubers93",,,,,Standard: Hard,,/?p=section&a=details&id=24861,,,['0b93fa12d8fc060ebded1f9f1445fc6f60643224.bps'],['0b93fa12d8fc060ebded1f9f1445fc6f60643224.json'],
,,14 Oct 2020,24848,Desafio Do Zidan3 2.0,,,,,Zidan3,,,,,Kaizo: Light,,/?p=section&a=details&id=24848,,,['7f0c88d80d7d3b4539d9117b6c9168165cf5e532.bps'],['7f0c88d80d7d3b4539d9117b6c9168165cf5e532.json'],
,,14 Oct 2020,24853,Cookie 2013,,,,,Ginyu AL,,,,,Standard: Normal,,/?p=section&a=details&id=24853,,,['77500c1506dc5db5952a8e27207ae914ab8b01f7.bps'],['77500c1506dc5db5952a8e27207ae914ab8b01f7.json'],
,,10 Oct 2020,24817,Super Mario World 2020 Collection (R8.2),,,,,Leozoppi,,,,,Standard: Hard,,/?p=section&a=details&id=24817,,,"['f5449d041796b1cc2e1fe56603c5d589acae84f0.bps', '46f35d1fc300335c2719b7f41efc81e038c05f0e.bps', '499031136f3a0ee89958fb5e815d9e1574687a4d.bps']","['f5449d041796b1cc2e1fe56603c5d589acae84f0.json', '46f35d1fc300335c2719b7f41efc81e038c05f0e.json', '499031136f3a0ee89958fb5e815d9e1574687a4d.json']",
,,03 Oct 2020,24777,Super Mario Radish Kingdom Adventure,,,,,None,,,,,None,,/?p=section&a=details&id=24777,,,['994a2387f98aa0432da9c4c1f61bd6ee61040c83.bps'],['994a2387f98aa0432da9c4c1f61bd6ee61040c83.json'],
,,03 Oct 2020,24773,Justice for Mario,,,,,None,,,,,None,,/?p=section&a=details&id=24773,,,['e2f300a058822ed09fa3ea96b6be234343e9c45a.bps'],['e2f300a058822ed09fa3ea96b6be234343e9c45a.json'],
,,03 Oct 2020,24771,Super Mario World 2020 Collection,,,,,None,,,,,None,,/?p=section&a=details&id=24771,,,"['af7edb97d9663ade98f70143c3119aa7df1d628f.bps', 'a47f6b75fcd134bca7af9489eb44b9a2eb4f29e3.bps', '9b08c7d9e096c2154526f972213c56286b9f2ad6.bps']","['af7edb97d9663ade98f70143c3119aa7df1d628f.json', 'a47f6b75fcd134bca7af9489eb44b9a2eb4f29e3.json', '9b08c7d9e096c2154526f972213c56286b9f2ad6.json']",
,,30 Sep 2020,24750,Unlit Candles,,,,,None,,,,,None,,/?p=section&a=details&id=24750,,,['21ecbe58787a58fe95209ed526ae88b51808da59.bps'],['21ecbe58787a58fe95209ed526ae88b51808da59.json'],
,,30 Sep 2020,24754,Dancer to a Discordant System,,,,,None,,,,,None,,/?p=section&a=details&id=24754,,,['723bf3bf43de2037608e1bd700f4b9584ce0d3db.bps'],['723bf3bf43de2037608e1bd700f4b9584ce0d3db.json'],
,,29 Sep 2020,24738,Simple Kaizo World,,,,,None,,,,,None,,/?p=section&a=details&id=24738,,,['e3b625ae1e09bcaadcfc3ea411fed205a51175b8.bps'],['e3b625ae1e09bcaadcfc3ea411fed205a51175b8.json'],
,,29 Sep 2020,24742,Hack 1 2,,,,,None,,,,,None,,/?p=section&a=details&id=24742,,,['abe2f90182e5cd41a1350351652cecbcb609f73e.bps'],['abe2f90182e5cd41a1350351652cecbcb609f73e.json'],
,,28 Sep 2020,24729,SUPER CHOCS WORLD 2,,,,,None,,,,,None,,/?p=section&a=details&id=24729,,,['742e2bf2f1a4c0e083e7b582866c192dc96f5b51.bps'],['742e2bf2f1a4c0e083e7b582866c192dc96f5b51.json'],
,,27 Sep 2020,24724,Garbage Mario World (Demo),,,,,None,,,,,None,,/?p=section&a=details&id=24724,,,['6daa2300032c5c45145bbda684e8cedf42ff37d5.bps'],['6daa2300032c5c45145bbda684e8cedf42ff37d5.json'],
,,27 Sep 2020,24681,Super Mario World - Neeberz's Hack,,,,,None,,,,,None,,/?p=section&a=details&id=24681,,,['e1794abc7c124616babb8aacc5327afa0b38011f.bps'],['e1794abc7c124616babb8aacc5327afa0b38011f.json'],
,,27 Sep 2020,24226,SMW2 - The Adventure Continues,,,,,None,,,,,None,,/?p=section&a=details&id=24226,,,['3ab4036072fc392eccd4cbfdb63255739a2d777d.bps'],['3ab4036072fc392eccd4cbfdb63255739a2d777d.json'],
,,27 Sep 2020,24408,Casio Mario World,,,,,None,,,,,None,,/?p=section&a=details&id=24408,,,['9dfa8c50926401886ac751e43f1f97337ad10591.bps'],['9dfa8c50926401886ac751e43f1f97337ad10591.json'],
,,27 Sep 2020,24441,Mario OC,,,,,None,,,,,None,,/?p=section&a=details&id=24441,,,['050e7831e05e86e140a151418bad293fc8e4d05b.bps'],['050e7831e05e86e140a151418bad293fc8e4d05b.json'],
,,27 Sep 2020,24587,Tebeo,,,,,None,,,,,None,,/?p=section&a=details&id=24587,,,['7730245b8d5c7db427f6335186235adca66519eb.bps'],['7730245b8d5c7db427f6335186235adca66519eb.json'],
,,27 Sep 2020,24628,Hyper Wizardry,,,,,None,,,,,None,,/?p=section&a=details&id=24628,,,['dca4f2416db18be48f10f8b01236e919551948fd.bps'],['dca4f2416db18be48f10f8b01236e919551948fd.json'],
,,27 Sep 2020,24647,SONIC ADVENTURES WORLD,,,,,None,,,,,None,,/?p=section&a=details&id=24647,,,['b593a06640cff9e5238663bd20a3084baa349779.bps'],['b593a06640cff9e5238663bd20a3084baa349779.json'],
,,27 Sep 2020,24650,Super Joe Bros.,,,,,None,,,,,None,,/?p=section&a=details&id=24650,,,['36bace1caa04ab5f13c0cc3e3f450ce3deec8287.bps'],['36bace1caa04ab5f13c0cc3e3f450ce3deec8287.json'],
,,27 Sep 2020,24661,Super Chill World,,,,,None,,,,,None,,/?p=section&a=details&id=24661,,,['18312f591f60dec5d0b9e33c5694b1f471db75e8.bps'],['18312f591f60dec5d0b9e33c5694b1f471db75e8.json'],
,,27 Sep 2020,24676,Diet Kaizo,,,,,None,,,,,None,,/?p=section&a=details&id=24676,,,['593e050c8c629e37d30ed83162c697fcef1e8617.bps'],['593e050c8c629e37d30ed83162c697fcef1e8617.json'],
,,27 Sep 2020,24716,A Little Toad story,,,,,None,,,,,None,,/?p=section&a=details&id=24716,,,['98a19f36a727523a32852fedd8e93f9b1ca2f0e3.bps'],['98a19f36a727523a32852fedd8e93f9b1ca2f0e3.json'],
,,13 Jul 2020,23818,Super Mario World And the 8 jars,,,,,None,,,,,None,,/?p=section&a=details&id=23818,,,['9323e1120c89395d7d9476c360a80a434522f9dc.bps'],['9323e1120c89395d7d9476c360a80a434522f9dc.json'],
,,12 Jul 2020,23813,SMW The Crown Tale,,,,,None,,,,,None,,/?p=section&a=details&id=23813,,,"['5539cb29a2d67e362d603ffd7d71f5d9fa3c8eed.bps', 'c85a1c30811fab64fecce8186825541e9d40ad6e.bps']","['5539cb29a2d67e362d603ffd7d71f5d9fa3c8eed.json', 'c85a1c30811fab64fecce8186825541e9d40ad6e.json']",
,,11 Jul 2020,23793,Ultraviolet,,,,,None,,,,,None,,/?p=section&a=details&id=23793,,,['647fbd47b3c4d128f083a5addad7d5e63ae66b02.bps'],['647fbd47b3c4d128f083a5addad7d5e63ae66b02.json'],
,,10 Jul 2020,23775,Comfort Zone,,,,,None,,,,,None,,/?p=section&a=details&id=23775,,,['a7dd9cbc67404449047083080e327794987efb7f.bps'],['a7dd9cbc67404449047083080e327794987efb7f.json'],
,,09 Jul 2020,23757,Epic Quest For Beer,,,,,None,,,,,None,,/?p=section&a=details&id=23757,,,['5d8dde1662b1ba8b491d68d7f11b23b3e394c486.bps'],['5d8dde1662b1ba8b491d68d7f11b23b3e394c486.json'],
,,06 Jul 2020,23697,Mario - The Mysterious Gem,,,,,None,,,,,None,,/?p=section&a=details&id=23697,,,['c751e5da3c2fa0fb54c5fd5ecd48803cb38c3bd0.bps'],['c751e5da3c2fa0fb54c5fd5ecd48803cb38c3bd0.json'],
,,06 Jul 2020,23674,KID : Island of Illusion,,,,,None,,,,,None,,/?p=section&a=details&id=23674,,,['0d3fbcf55964e025f7f14de864eb8bb09b051500.bps'],['0d3fbcf55964e025f7f14de864eb8bb09b051500.json'],
,,06 Jul 2020,23692,A Rushed Project,,,,,None,,,,,None,,/?p=section&a=details&id=23692,,,['aee8d3652f11066343520eb262291b47ec0d3df1.bps'],['aee8d3652f11066343520eb262291b47ec0d3df1.json'],
,,04 Jul 2020,23604,Super Who Is Ldad Waifu´s revenge,,,,,None,,,,,None,,/?p=section&a=details&id=23604,,,['778a102e8fd64817ac20c7cca21c937f1378a1de.bps'],['778a102e8fd64817ac20c7cca21c937f1378a1de.json'],
,,04 Jul 2020,23605,Nitpicky Lulu,,,,,None,,,,,None,,/?p=section&a=details&id=23605,,,['f8ac327ac511b5a7791c4fed10f6e54a175c35e3.bps'],['f8ac327ac511b5a7791c4fed10f6e54a175c35e3.json'],
,,03 Jul 2020,23519,Of Jumps and Platforms,,,,,None,,,,,None,,/?p=section&a=details&id=23519,,,['32c02b10478c7f7b0ee597e835008f44b70d8e11.bps'],['32c02b10478c7f7b0ee597e835008f44b70d8e11.json'],
,,03 Jul 2020,23525,minidumb,,,,,None,,,,,None,,/?p=section&a=details&id=23525,,,['f965a903517bbb3d66e9e21f63e11aa9f906658c.bps'],['f965a903517bbb3d66e9e21f63e11aa9f906658c.json'],
,,03 Jul 2020,23539,DeClock Mario World Remastered,,,,,None,,,,,None,,/?p=section&a=details&id=23539,,,['bbe12c81dd7ebf53b5b74dff43f553e9fb81c7f0.bps'],['bbe12c81dd7ebf53b5b74dff43f553e9fb81c7f0.json'],
,,03 Jul 2020,23556,U N O R I G I N A L (C3 2020 Demo),,,,,None,,,,,None,,/?p=section&a=details&id=23556,,,['a215f3cd276eae90e6bd11c91c0fae06c8259467.bps'],['a215f3cd276eae90e6bd11c91c0fae06c8259467.json'],
,,03 Jul 2020,23566,Quest for Corgi Butts,,,,,None,,,,,None,,/?p=section&a=details&id=23566,,,['0a6db2c3618769f52b766d4463aa389511bd2829.bps'],['0a6db2c3618769f52b766d4463aa389511bd2829.json'],
,,03 Jul 2020,23567,Luigi Stardust Adventure (Demo),,,,,None,,,,,None,,/?p=section&a=details&id=23567,,,['b159590cfb78d224f54bdaf2ecb7ddd2709ce038.bps'],['b159590cfb78d224f54bdaf2ecb7ddd2709ce038.json'],
,,02 Jul 2020,23509,Super Mario World - Mushroom revolution (Demo 2),,,,,None,,,,,None,,/?p=section&a=details&id=23509,,,['ebbad861bd12d295cb93711e2b77832f0c5d6b67.bps'],['ebbad861bd12d295cb93711e2b77832f0c5d6b67.json'],
,,02 Jul 2020,23516,The Constellation,,,,,None,,,,,None,,/?p=section&a=details&id=23516,,,"['7e75cf41ab97e02067070e7efe642fdbace64243.bps', 'd7dd1e1a4c38d872311f9c0e796b078c2d7bbb1f.bps']","['7e75cf41ab97e02067070e7efe642fdbace64243.json', 'd7dd1e1a4c38d872311f9c0e796b078c2d7bbb1f.json']",
,,01 Jul 2020,23507,ShyGuy Kaizo Dream,,,,,None,,,,,None,,/?p=section&a=details&id=23507,,,"['c54b833a8d967fbe1ce5203872a73b3eab18fbce.bps', '6ec151456d8169e959225a1bf1e342e320d84923.bps']","['c54b833a8d967fbe1ce5203872a73b3eab18fbce.json', '6ec151456d8169e959225a1bf1e342e320d84923.json']",
,,29 Jun 2020,23488,Mario and Luigi in an Unknown Island,,,,,None,,,,,None,,/?p=section&a=details&id=23488,,,['9bcf88b48e0aa785e8ced28824dd54deee16abb7.bps'],['9bcf88b48e0aa785e8ced28824dd54deee16abb7.json'],
,,28 Jun 2020,23470,The Darkside,,,,,None,,,,,None,,/?p=section&a=details&id=23470,,,['22bc81fce0009f516075c06dfa9018c0bc6d52c2.bps'],['22bc81fce0009f516075c06dfa9018c0bc6d52c2.json'],
,,28 Jun 2020,23468,Standard SMW ROM Hack,,,,,None,,,,,None,,/?p=section&a=details&id=23468,,,['63c87b1a993d9b03ddd45fe035c0ac3f05a9d7d1.bps'],['63c87b1a993d9b03ddd45fe035c0ac3f05a9d7d1.json'],
,,28 Jun 2020,23471,Super Phobia World,,,,,None,,,,,None,,/?p=section&a=details&id=23471,,,['848a4a64e412452c17ab9780e2b6c3e486556b14.bps'],['848a4a64e412452c17ab9780e2b6c3e486556b14.json'],
,,28 Jun 2020,23474,Kaizo Parkour World,,,,,None,,,,,None,,/?p=section&a=details&id=23474,,,['67179cc160d62c1466f72a413febdb4694f06070.bps'],['67179cc160d62c1466f72a413febdb4694f06070.json'],
,,24 Jun 2020,23426,Worl's World,,,,,None,,,,,None,,/?p=section&a=details&id=23426,,,['de58fdea385da939d3a799e8997cfb3b1339915e.bps'],['de58fdea385da939d3a799e8997cfb3b1339915e.json'],
,,24 Jun 2020,23416,Kiavik's Rage Quit,,,,,None,,,,,None,,/?p=section&a=details&id=23416,,,['aa5b3e46918cd3035a8996ad17c1a13c2a1e4c07.bps'],['aa5b3e46918cd3035a8996ad17c1a13c2a1e4c07.json'],
,,24 Jun 2020,23427,Super Mario World - Island 8,,,,,None,,,,,None,,/?p=section&a=details&id=23427,,,"['d1fc1b5b71e00286a4cb196905cb4d36429b1cda.bps', '07c70df1fd828aa20f8d2a88d0f62a32a47a3d54.bps']","['d1fc1b5b71e00286a4cb196905cb4d36429b1cda.json', '07c70df1fd828aa20f8d2a88d0f62a32a47a3d54.json']",
,,23 Jun 2020,23407,Mario in Mushroom Rix Land Demo,,,,,None,,,,,None,,/?p=section&a=details&id=23407,,,['b44d3fd4bdbac9f37332fcf26804ea11a798c2e2.bps'],['b44d3fd4bdbac9f37332fcf26804ea11a798c2e2.json'],
,,22 Jun 2020,23406,.EXE//Project (Executable Project) Demo,,,,,None,,,,,None,,/?p=section&a=details&id=23406,,,['9ed11009773c374b2edd6df4bdd06ded97d34511.bps'],['9ed11009773c374b2edd6df4bdd06ded97d34511.json'],
,,21 Jun 2020,23401,The reptilian bandit sprites,,,,,None,,,,,None,,/?p=section&a=details&id=23401,,,['68ecf4322a417d30dc48aff36f6009df2ea0db69.bps'],['68ecf4322a417d30dc48aff36f6009df2ea0db69.json'],
,,21 Jun 2020,23402,Tricky Mario 2,,,,,None,,,,,None,,/?p=section&a=details&id=23402,,,['0b50a7ee799dac683c560c7654080d6a387b65a2.bps'],['0b50a7ee799dac683c560c7654080d6a387b65a2.json'],
,,21 Jun 2020,23403,double trouble!,,,,,None,,,,,None,,/?p=section&a=details&id=23403,,,['315020a30927f7b83d39aba646904c5993fb10bf.bps'],['315020a30927f7b83d39aba646904c5993fb10bf.json'],
,,20 Jun 2020,23391,Dang Lakitu World Final Edition,,,,,None,,,,,None,,/?p=section&a=details&id=23391,,,['1929da77b618a380df7400cfac1bb887a958b9c3.bps'],['1929da77b618a380df7400cfac1bb887a958b9c3.json'],
,,20 Jun 2020,23394,Mario E,,,,,None,,,,,None,,/?p=section&a=details&id=23394,,,['cf722ea7bb217a2e6df320ca017f0bc7510391d6.bps'],['cf722ea7bb217a2e6df320ca017f0bc7510391d6.json'],
,,20 Jun 2020,23397,Mario Super R,,,,,None,,,,,None,,/?p=section&a=details&id=23397,,,['762a634597db3c691e533328bf3971d784cde691.bps'],['762a634597db3c691e533328bf3971d784cde691.json'],
,,19 Jun 2020,23386,Konk World,,,,,None,,,,,None,,/?p=section&a=details&id=23386,,,['09a7744b61fd8097cdc3b69e86529fc875ae82c0.bps'],['09a7744b61fd8097cdc3b69e86529fc875ae82c0.json'],
,,17 Jun 2020,23375,Unnamed hack about collectin' coins,,,,,None,,,,,None,,/?p=section&a=details&id=23375,,,['546289e1740d587cfd1f7176db146d7112e53621.bps'],['546289e1740d587cfd1f7176db146d7112e53621.json'],
,,15 Jun 2020,23358,Super EZ World,,,,,None,,,,,None,,/?p=section&a=details&id=23358,,,['167fa7bb37263cdb942ba562a15d889cbee705ba.bps'],['167fa7bb37263cdb942ba562a15d889cbee705ba.json'],
,,15 Jun 2020,23361,New/Novo Super Mario World Pt Br,,,,,None,,,,,None,,/?p=section&a=details&id=23361,,,['4ef590d92d503b792de92af8fa10a38745db8c8f.bps'],['4ef590d92d503b792de92af8fa10a38745db8c8f.json'],
,,14 Jun 2020,23350,Death valley,,,,,None,,,,,None,,/?p=section&a=details&id=23350,,,['5adce6067a693a2ef17ef1131cfa98b3f1b4d702.bps'],['5adce6067a693a2ef17ef1131cfa98b3f1b4d702.json'],
,,13 Jun 2020,23337,Super Traject World,,,,,None,,,,,None,,/?p=section&a=details&id=23337,,,['ce01be9224081bccf976ab488e5eecd4531ab1f5.bps'],['ce01be9224081bccf976ab488e5eecd4531ab1f5.json'],
,,12 Jun 2020,23328,Novo/New Super Mario World,,,,,None,,,,,None,,/?p=section&a=details&id=23328,,,['9a8ceece66258be9f82828b723811b68306e2706.bps'],['9a8ceece66258be9f82828b723811b68306e2706.json'],
,,11 Jun 2020,23320,Super Easy World,,,,,None,,,,,None,,/?p=section&a=details&id=23320,,,['fa00eed8bd4a926bdd148a49435eda355a8204a3.bps'],['fa00eed8bd4a926bdd148a49435eda355a8204a3.json'],
,,11 Jun 2020,23323,Very Odd First Hack,,,,,None,,,,,None,,/?p=section&a=details&id=23323,,,['76685edf86a40cafb8f88134cdd6c71acf73cb5f.bps'],['76685edf86a40cafb8f88134cdd6c71acf73cb5f.json'],
,,09 Jun 2020,23286,Super Ninji Land,,,,,None,,,,,None,,/?p=section&a=details&id=23286,,,['a91aaf6853e2fd363e6ce210b1dd6688ab8bac63.bps'],['a91aaf6853e2fd363e6ce210b1dd6688ab8bac63.json'],
,,08 Jun 2020,23277,SMW The Princess Rescue,,,,,None,,,,,None,,/?p=section&a=details&id=23277,,,"['3dde031f37d1f58705a36266cacfca1128bb71c0.bps', '5e02372cb82913c04d71bb5a57ce389350ee8470.bps']","['3dde031f37d1f58705a36266cacfca1128bb71c0.json', '5e02372cb82913c04d71bb5a57ce389350ee8470.json']",
,,08 Jun 2020,23274,Save Luigi,,,,,None,,,,,None,,/?p=section&a=details&id=23274,,,['53e129696ad5d5bd7966c776f8c13d431fc155e3.bps'],['53e129696ad5d5bd7966c776f8c13d431fc155e3.json'],
,,08 Jun 2020,23280,The Rock 'n' Roll Mario Show: Set 1,,,,,None,,,,,None,,/?p=section&a=details&id=23280,,,['ef1f3e40cdb22f501cbc49c6c7e6c3b3e34ae88c.bps'],['ef1f3e40cdb22f501cbc49c6c7e6c3b3e34ae88c.json'],
,,07 Jun 2020,23271,A Baby Yoshi Quest,,,,,None,,,,,None,,/?p=section&a=details&id=23271,,,['b78b967a747a94045d5221db75059b5bef963a8b.bps'],['b78b967a747a94045d5221db75059b5bef963a8b.json'],
,,07 Jun 2020,23264,Swing you koopas!,,,,,None,,,,,None,,/?p=section&a=details&id=23264,,,['9c9fb47571eb8309815e37d21870d2989352f5c8.bps'],['9c9fb47571eb8309815e37d21870d2989352f5c8.json'],
,,06 Jun 2020,23261,Sonic perdido no reino cogumelo(DEMO).,,,,,None,,,,,None,,/?p=section&a=details&id=23261,,,['6da6bd0857e858aeb2026a06953198bc448fa447.bps'],['6da6bd0857e858aeb2026a06953198bc448fa447.json'],
,,05 Jun 2020,23252,Snoman's Land,,,,,None,,,,,None,,/?p=section&a=details&id=23252,,,['b7f74efe20a55527e80317cca5be846a6cbb820f.bps'],['b7f74efe20a55527e80317cca5be846a6cbb820f.json'],
,,04 Jun 2020,23243,ForgottenWorld2,,,,,None,,,,,None,,/?p=section&a=details&id=23243,,,['92722973ac481f5bd7db3971597d6beaf7fb2bd7.bps'],['92722973ac481f5bd7db3971597d6beaf7fb2bd7.json'],
,,03 Jun 2020,23234,SUPER I LOVE DODE,,,,,None,,,,,None,,/?p=section&a=details&id=23234,,,['cbeb0010118df7d45392e8d3ba331b768d169b37.bps'],['cbeb0010118df7d45392e8d3ba331b768d169b37.json'],
,,02 Jun 2020,23224,Super Mario Ultra World Demo,,,,,None,,,,,None,,/?p=section&a=details&id=23224,,,['7cc3cdb111a277aa0bc8789f2c54cbc2ffb47a34.bps'],['7cc3cdb111a277aa0bc8789f2c54cbc2ffb47a34.json'],
,,01 Jun 2020,23194,Vaffanculo Mario (Demo),,,,,None,,,,,None,,/?p=section&a=details&id=23194,,,['089817fc78e9ade35177436ea562cc61202b5c3e.bps'],['089817fc78e9ade35177436ea562cc61202b5c3e.json'],
,,31 May 2020,23180,Mario Soldier,,,,,None,,,,,None,,/?p=section&a=details&id=23180,,,['4dad7371994381c93283e3b1371eedc655fa2281.bps'],['4dad7371994381c93283e3b1371eedc655fa2281.json'],
,,31 May 2020,23184,Super hard Mario World,,,,,None,,,,,None,,/?p=section&a=details&id=23184,,,['c79de26ad7e86bcb85ee6e72136395360b7140b0.bps'],['c79de26ad7e86bcb85ee6e72136395360b7140b0.json'],
,,31 May 2020,23191,...,,,,,None,,,,,None,,/?p=section&a=details&id=23191,,,['45187386b406d3c85476b1897a166b56d0d4bc7c.bps'],['45187386b406d3c85476b1897a166b56d0d4bc7c.json'],
,,30 May 2020,23174,Super Mario Endless World DEMO,,,,,None,,,,,None,,/?p=section&a=details&id=23174,,,['fafd123fd6555dff6dfc1329c2bd046fc29ae7f3.bps'],['fafd123fd6555dff6dfc1329c2bd046fc29ae7f3.json'],
,,30 May 2020,23166,Mario Saves South Padre Island,,,,,None,,,,,None,,/?p=section&a=details&id=23166,,,['f2a3f92e25d8ec17213bc0ad3ca53666d71631cb.bps'],['f2a3f92e25d8ec17213bc0ad3ca53666d71631cb.json'],
,,30 May 2020,23169,Super Sonic Word,,,,,None,,,,,None,,/?p=section&a=details&id=23169,,,['c6dd7caa2f4643d3085dfd0ff8ad404cad6b4b42.bps'],['c6dd7caa2f4643d3085dfd0ff8ad404cad6b4b42.json'],
,,30 May 2020,23177,2020 A Vision Quest,,,,,None,,,,,None,,/?p=section&a=details&id=23177,,,['b8322352b04ab495cbc6993225cdd2a425034a11.bps'],['b8322352b04ab495cbc6993225cdd2a425034a11.json'],
,,29 May 2020,23145,The Hungrymumbles Project,,,,,None,,,,,None,,/?p=section&a=details&id=23145,,,['35fa4bec98d30f531a9655d481c457b6e7b3dd47.bps'],['35fa4bec98d30f531a9655d481c457b6e7b3dd47.json'],
,,29 May 2020,23144,Mario's bad four days,,,,,None,,,,,None,,/?p=section&a=details&id=23144,,,['03b0913ee574080bcce8fe37642e656e0c6c9903.bps'],['03b0913ee574080bcce8fe37642e656e0c6c9903.json'],
,,29 May 2020,23161,super mio world,,,,,None,,,,,None,,/?p=section&a=details&id=23161,,,['4d9c408d245c39f96f2650f78085b89dee4f72ae.bps'],['4d9c408d245c39f96f2650f78085b89dee4f72ae.json'],
,,28 May 2020,23123,Smw challenge - Speedy,,,,,None,,,,,None,,/?p=section&a=details&id=23123,,,['700d19bede3f8c3689b312fe5d9d21700185bdec.bps'],['700d19bede3f8c3689b312fe5d9d21700185bdec.json'],
,,25 May 2020,23076,Super Melas World,,,,,None,,,,,None,,/?p=section&a=details&id=23076,,,['cb3706aeeb7599150e69d4b713ea4a5ecc8d64f6.bps'],['cb3706aeeb7599150e69d4b713ea4a5ecc8d64f6.json'],
,,25 May 2020,23097,Mario's Redemption Quest,,,,,None,,,,,None,,/?p=section&a=details&id=23097,,,['9469ae4d5b8b3b5b50a63c0837912d375069fba3.bps'],['9469ae4d5b8b3b5b50a63c0837912d375069fba3.json'],
,,23 May 2020,23060,Vanilla Kaizo World,,,,,None,,,,,None,,/?p=section&a=details&id=23060,,,['5eee8d63406548a70b1e6c976e84e7df91847b81.bps'],['5eee8d63406548a70b1e6c976e84e7df91847b81.json'],
,,23 May 2020,23064,Super Godly Worl,,,,,None,,,,,None,,/?p=section&a=details&id=23064,,,['2bf6773f3d15b21c24873ea58dbb0b2e0333d822.bps'],['2bf6773f3d15b21c24873ea58dbb0b2e0333d822.json'],
,,22 May 2020,23053,Terra,,,,,None,,,,,None,,/?p=section&a=details&id=23053,,,['da61df22f119238d221fe270d3120e829132cb5e.bps'],['da61df22f119238d221fe270d3120e829132cb5e.json'],
,,21 May 2020,23047,Super Wario World 2: The Four Castles,,,,,None,,,,,None,,/?p=section&a=details&id=23047,,,['5389d4f4e62a24cdb05fa0726ed626087f72a4d8.bps'],['5389d4f4e62a24cdb05fa0726ed626087f72a4d8.json'],
,,21 May 2020,23042,Super One Level Mario World,,,,,None,,,,,None,,/?p=section&a=details&id=23042,,,['e6168440063d53634d20cdaa797b70db4f67d0d2.bps'],['e6168440063d53634d20cdaa797b70db4f67d0d2.json'],
,,20 May 2020,23038,Lesbian Vampire Killer World 5000,,,,,None,,,,,None,,/?p=section&a=details&id=23038,,,['471e420189b41314c04b864081b45f67719e9037.bps'],['471e420189b41314c04b864081b45f67719e9037.json'],
,,19 May 2020,23019,A Lenda do Herói (Songs for a Hero),,,,,None,,,,,None,,/?p=section&a=details&id=23019,,,"['27b7a5711df6e43831d7fc3fe3daa14d6e9369da.bps', '712e85f02dc576a5fd538f8e52cdfa9273eda8bf.bps']","['27b7a5711df6e43831d7fc3fe3daa14d6e9369da.json', '712e85f02dc576a5fd538f8e52cdfa9273eda8bf.json']",
,,19 May 2020,23024,Super Takuache World,,,,,None,,,,,None,,/?p=section&a=details&id=23024,,,['f3eb1b12dfdf6719b9fc5f853d814456c8e88521.bps'],['f3eb1b12dfdf6719b9fc5f853d814456c8e88521.json'],
,,19 May 2020,23030,SoupLande,,,,,None,,,,,None,,/?p=section&a=details&id=23030,,,['a1fca3280b984bb9a2e59681f501ac66e310060a.bps'],['a1fca3280b984bb9a2e59681f501ac66e310060a.json'],
,,16 May 2020,23000,Super Nothing World,,,,,None,,,,,None,,/?p=section&a=details&id=23000,,,['f6abb9fe2d908b03c3bcac67be79687c3fbbe6ca.bps'],['f6abb9fe2d908b03c3bcac67be79687c3fbbe6ca.json'],
,,16 May 2020,23001,Another Kaizo Hack?,,,,,None,,,,,None,,/?p=section&a=details&id=23001,,,['adf38f6405e7d507c0c4523120f938e1a6f7a6c1.bps'],['adf38f6405e7d507c0c4523120f938e1a6f7a6c1.json'],
,,13 May 2020,22977,Totally Unlegit Mario World,,,,,None,,,,,None,,/?p=section&a=details&id=22977,,,['3c7cc11d86132f1f95401b1607d8e1e932df3c35.bps'],['3c7cc11d86132f1f95401b1607d8e1e932df3c35.json'],
,,11 May 2020,22949,Mario World! ( Demo ),,,,,None,,,,,None,,/?p=section&a=details&id=22949,,,['a0896d8107503a94068806fb9166afcb641f47da.bps'],['a0896d8107503a94068806fb9166afcb641f47da.json'],
,,11 May 2020,22950,Super Mario Bros. Advance (Ver 3.9),,,,,None,,,,,None,,/?p=section&a=details&id=22950,,,['38de7b29c2a8fd9374db51c5898e4048fe5c2036.bps'],['38de7b29c2a8fd9374db51c5898e4048fe5c2036.json'],
,,10 May 2020,22941,Classic Mario World 3: The Finale,,,,,None,,,,,None,,/?p=section&a=details&id=22941,,,"['61725e55a976f8fb85083edbb77e8d5b573ff2cb.bps', '99d5a26b1c498275e88e961e6c0ba898aa83d8ea.bps']","['61725e55a976f8fb85083edbb77e8d5b573ff2cb.json', '99d5a26b1c498275e88e961e6c0ba898aa83d8ea.json']",
,,10 May 2020,22937,Suoer Mario 1 Word,,,,,None,,,,,None,,/?p=section&a=details&id=22937,,,['ceaf828cc69cc831a308c19b62ae7c3129467672.bps'],['ceaf828cc69cc831a308c19b62ae7c3129467672.json'],
,,09 May 2020,22936,Lessness World,,,,,None,,,,,None,,/?p=section&a=details&id=22936,,,['b0320dd6f37ba3c8e126851cb26bf6474f702f9d.bps'],['b0320dd6f37ba3c8e126851cb26bf6474f702f9d.json'],
,,09 May 2020,22933,Super Isikoro Mario World,,,,,None,,,,,None,,/?p=section&a=details&id=22933,,,['7c3aee418a4dc96933409c6554f233102aec831a.bps'],['7c3aee418a4dc96933409c6554f233102aec831a.json'],
,,08 May 2020,22920,Super Snowy World,,,,,None,,,,,None,,/?p=section&a=details&id=22920,,,['888da1bf264d03dc02a9f19c694419c1009b1b99.bps'],['888da1bf264d03dc02a9f19c694419c1009b1b99.json'],
,,06 May 2020,22910,Midair Mastery,,,,,None,,,,,None,,/?p=section&a=details&id=22910,,,['62057de81f80a4ae69d62765af251d18f7409d05.bps'],['62057de81f80a4ae69d62765af251d18f7409d05.json'],
,,05 May 2020,22892,SMW The Untold Story,,,,,None,,,,,None,,/?p=section&a=details&id=22892,,,['d7cde8c533f8688ffc84c6dcc13765c597034c94.bps'],['d7cde8c533f8688ffc84c6dcc13765c597034c94.json'],
,,04 May 2020,22881,Mario's Quest,,,,,None,,,,,None,,/?p=section&a=details&id=22881,,,['e542c8bfd6f0000fe45bc49e3fe3130b20f8a6a6.bps'],['e542c8bfd6f0000fe45bc49e3fe3130b20f8a6a6.json'],
,,03 May 2020,22864,Interesting Kaizo World,,,,,None,,,,,None,,/?p=section&a=details&id=22864,,,['08e856fbde724a46be615e3fe9a7e88a5118c9e8.bps'],['08e856fbde724a46be615e3fe9a7e88a5118c9e8.json'],
,,03 May 2020,22867,Zap Lena World,,,,,None,,,,,None,,/?p=section&a=details&id=22867,,,['5b89d9f457fd14e9d534ca81b9ec1f538148bdd7.bps'],['5b89d9f457fd14e9d534ca81b9ec1f538148bdd7.json'],
,,03 May 2020,22861,Door keys,,,,,None,,,,,None,,/?p=section&a=details&id=22861,,,['2299ffac4e8bffd612c31d6a4ca80ad032fc927b.bps'],['2299ffac4e8bffd612c31d6a4ca80ad032fc927b.json'],
,,02 May 2020,22859,Ninja World 3,,,,,None,,,,,None,,/?p=section&a=details&id=22859,,,['acba19dfefb95b54590f41d85d152db0fb9596c0.bps'],['acba19dfefb95b54590f41d85d152db0fb9596c0.json'],
,,01 May 2020,22846,Toad Kaizo World,,,,,None,,,,,None,,/?p=section&a=details&id=22846,,,['26f665b6259d9402bd949befe3ccadb30ec92372.bps'],['26f665b6259d9402bd949befe3ccadb30ec92372.json'],
,,29 Apr 2020,22834,The Misfortunes of Little Denise,,,,,None,,,,,None,,/?p=section&a=details&id=22834,,,"['7ea981100768366f4a6787e4899dc9545a20fd31.bps', '6b823359c675dd9e2c3b26fe8581eba67aedb3eb.bps']","['7ea981100768366f4a6787e4899dc9545a20fd31.json', '6b823359c675dd9e2c3b26fe8581eba67aedb3eb.json']",
,,28 Apr 2020,22819,Super Gondwana World,,,,,None,,,,,None,,/?p=section&a=details&id=22819,,,['df7effb78417e0b868ab1006aef6fb539b6d33bf.bps'],['df7effb78417e0b868ab1006aef6fb539b6d33bf.json'],
,,28 Apr 2020,22821,Sonic Big Trip Demo 1.0,,,,,None,,,,,None,,/?p=section&a=details&id=22821,,,['aa46d6037750a7c01e5af9179c830feea38c2343.bps'],['aa46d6037750a7c01e5af9179c830feea38c2343.json'],
,,27 Apr 2020,22803,Total Jotary World,,,,,None,,,,,None,,/?p=section&a=details&id=22803,,,['aad8ac4c17d714a60c8fb18c601da11af4de94cd.bps'],['aad8ac4c17d714a60c8fb18c601da11af4de94cd.json'],
,,26 Apr 2020,22798,domenyX vs Coronavirus,,,,,None,,,,,None,,/?p=section&a=details&id=22798,,,"['53828948b11083b07ee0f1f09c512072890eb36b.bps', '4d5f9f0ff0baa7f7e3bb1eb6660143b0462b1f93.bps']","['53828948b11083b07ee0f1f09c512072890eb36b.json', '4d5f9f0ff0baa7f7e3bb1eb6660143b0462b1f93.json']",
,,24 Apr 2020,22784,Humans 2,,,,,None,,,,,None,,/?p=section&a=details&id=22784,,,['620fd464cac39db0b8b9b8f15b9fcf510d8ec69f.bps'],['620fd464cac39db0b8b9b8f15b9fcf510d8ec69f.json'],
,,24 Apr 2020,22785,Super Mario World: RGB,,,,,None,,,,,None,,/?p=section&a=details&id=22785,,,['019daede40f5b01188c9ff96dbca350009c6a4ea.bps'],['019daede40f5b01188c9ff96dbca350009c6a4ea.json'],
,,24 Apr 2020,22786,Hack Para Veterano Pequena,,,,,None,,,,,None,,/?p=section&a=details&id=22786,,,['92ce3e2f60fcb7fa016733abd6396d9be350f4fa.bps'],['92ce3e2f60fcb7fa016733abd6396d9be350f4fa.json'],
,,23 Apr 2020,22776,mario luigi mario luigi Random celebration,,,,,None,,,,,None,,/?p=section&a=details&id=22776,,,['e2f7154f0cad247881dc439bdd176d119c618202.bps'],['e2f7154f0cad247881dc439bdd176d119c618202.json'],
,,21 Apr 2020,22765,Mario Blitzkrieg,,,,,None,,,,,None,,/?p=section&a=details&id=22765,,,['4c5d0425bee7c1f890d1a4216da4d28c73d10bf8.bps'],['4c5d0425bee7c1f890d1a4216da4d28c73d10bf8.json'],
,,19 Apr 2020,22743,Mario Juice Challenge,,,,,None,,,,,None,,/?p=section&a=details&id=22743,,,['57f6980dcac1dbcb688636058c75108a04648bb7.bps'],['57f6980dcac1dbcb688636058c75108a04648bb7.json'],
,,19 Apr 2020,22751,Super l337 World,,,,,None,,,,,None,,/?p=section&a=details&id=22751,,,['6fe720828e5e96def2a549bd89ee608db22ea1fa.bps'],['6fe720828e5e96def2a549bd89ee608db22ea1fa.json'],
,,18 Apr 2020,22738,World of mario,,,,,None,,,,,None,,/?p=section&a=details&id=22738,,,['cb4dad2bb12fdec61a2b74cb8d5cb532a0971a99.bps'],['cb4dad2bb12fdec61a2b74cb8d5cb532a0971a99.json'],
,,15 Apr 2020,22710,Super Mario World Redrawn,,,,,None,,,,,None,,/?p=section&a=details&id=22710,,,['ef14c7eb76b2004470461b79277dcc08a604c8aa.bps'],['ef14c7eb76b2004470461b79277dcc08a604c8aa.json'],
,,15 Apr 2020,22700,ForgottenWorld,,,,,None,,,,,None,,/?p=section&a=details&id=22700,,,['c638b33be30692899c5307944926763c6a2d0073.bps'],['c638b33be30692899c5307944926763c6a2d0073.json'],
,,14 Apr 2020,22693,Super Mario World : The Other Quest,,,,,None,,,,,None,,/?p=section&a=details&id=22693,,,"['b7eb038429ad6e6ef482cbff73595630fb60e127.bps', '6a73f0555ed4a9e07b78741b188e38d4f8e64daa.bps']","['b7eb038429ad6e6ef482cbff73595630fb60e127.json', '6a73f0555ed4a9e07b78741b188e38d4f8e64daa.json']",
,,14 Apr 2020,22694,Mario Game,,,,,None,,,,,None,,/?p=section&a=details&id=22694,,,['57f7d2cde1a87adfafed3d59d692f01f5ec46358.bps'],['57f7d2cde1a87adfafed3d59d692f01f5ec46358.json'],
,,14 Apr 2020,22696,Heavy Metal World Demo,,,,,None,,,,,None,,/?p=section&a=details&id=22696,,,['432edb540d71b68c524dfee42bff5b446787d286.bps'],['432edb540d71b68c524dfee42bff5b446787d286.json'],
,,13 Apr 2020,22686,Untitled Mario Meme ROM Hack (Demo edition),,,,,None,,,,,None,,/?p=section&a=details&id=22686,,,['724e1b53471e943af7fc18beb5e53c92d30437a7.bps'],['724e1b53471e943af7fc18beb5e53c92d30437a7.json'],
,,11 Apr 2020,22650,Super N450 World (Demo 0.5),,,,,None,,,,,None,,/?p=section&a=details&id=22650,,,['82547d6310f515093327ea783bf666315f92a236.bps'],['82547d6310f515093327ea783bf666315f92a236.json'],
,,11 Apr 2020,22651,Mario Chocolate Hell,,,,,None,,,,,None,,/?p=section&a=details&id=22651,,,['2182a8a247ad63a8d076dc772fb0b148f7c84e75.bps'],['2182a8a247ad63a8d076dc772fb0b148f7c84e75.json'],
,,11 Apr 2020,22652,Super Toad World,,,,,None,,,,,None,,/?p=section&a=details&id=22652,,,['c95491db9ec95dd78cd899c7c3125de011bd2db8.bps'],['c95491db9ec95dd78cd899c7c3125de011bd2db8.json'],
,,11 Apr 2020,22655,Super N450 World (Demo 0.6),,,,,None,,,,,None,,/?p=section&a=details&id=22655,,,['05a713aa8e82144d018c65b3ab09b2b5f9fd9884.bps'],['05a713aa8e82144d018c65b3ab09b2b5f9fd9884.json'],
,,09 Apr 2020,22635,Super Mario Hell,,,,,None,,,,,None,,/?p=section&a=details&id=22635,,,['4413f49ee34411b763200a24e56f6b6e551d4eec.bps'],['4413f49ee34411b763200a24e56f6b6e551d4eec.json'],
,,08 Apr 2020,22629,DeClock Mario,,,,,None,,,,,None,,/?p=section&a=details&id=22629,,,['1acc58bf75e92e9d636b5efee87e92abebe3f768.bps'],['1acc58bf75e92e9d636b5efee87e92abebe3f768.json'],
,,07 Apr 2020,22623,Super Monty World,,,,,None,,,,,None,,/?p=section&a=details&id=22623,,,['81ec15b3c7440148a474436b4222b5bb7bf193d9.bps'],['81ec15b3c7440148a474436b4222b5bb7bf193d9.json'],
,,06 Apr 2020,22615,Bob's Time Traveling Machine,,,,,None,,,,,None,,/?p=section&a=details&id=22615,,,['5f2828588589f27d748cd632033a01a727ca43c2.bps'],['5f2828588589f27d748cd632033a01a727ca43c2.json'],
,,02 Apr 2020,22576,Super mario world mario and luigi Epic adventure,,,,,None,,,,,None,,/?p=section&a=details&id=22576,,,['0d79e73f3741c8522ef6ab29e8b405de0d67a327.bps'],['0d79e73f3741c8522ef6ab29e8b405de0d67a327.json'],
,,01 Apr 2020,22568,Tricky Mario,,,,,None,,,,,None,,/?p=section&a=details&id=22568,,,['e69af8f4042316eefe44400a659824e17f9c4382.bps'],['e69af8f4042316eefe44400a659824e17f9c4382.json'],
,,01 Apr 2020,22561,Unnamed 2D Mario Game - Fixed April Fools,,,,,None,,,,,None,,/?p=section&a=details&id=22561,,,[],[],
,,01 Apr 2020,22566,Mario VS The Coronavirus,,,,,None,,,,,None,,/?p=section&a=details&id=22566,,,['99e566523d82a989da4d3591d637ccc2decfaed1.bps'],['99e566523d82a989da4d3591d637ccc2decfaed1.json'],
,,01 Apr 2020,22567,Super Mario The Real Adventure,,,,,None,,,,,None,,/?p=section&a=details&id=22567,,,['b141e81fbc0f818439b7524f81d0cb94d9b13137.bps'],['b141e81fbc0f818439b7524f81d0cb94d9b13137.json'],
,,30 Mar 2020,22540,Hazuka World,,,,,None,,,,,None,,/?p=section&a=details&id=22540,,,['363762a2a07ddde867e9bd1f5b358e1513ed7036.bps'],['363762a2a07ddde867e9bd1f5b358e1513ed7036.json'],
,,30 Mar 2020,22542,Shells Delivery,,,,,None,,,,,None,,/?p=section&a=details&id=22542,,,['9e5fd2ee52ffe8adbdbe220748778dba8b69c103.bps'],['9e5fd2ee52ffe8adbdbe220748778dba8b69c103.json'],
,,29 Mar 2020,22532,Take It Easy World,,,,,None,,,,,None,,/?p=section&a=details&id=22532,,,['9b4ca2895027a35caa31da3aacfc292efcc97691.bps'],['9b4ca2895027a35caa31da3aacfc292efcc97691.json'],
,,29 Mar 2020,22535,Mario and the Kaizo Trials,,,,,None,,,,,None,,/?p=section&a=details&id=22535,,,['365057720af3698b483721233ced22f0a1b44498.bps'],['365057720af3698b483721233ced22f0a1b44498.json'],
,,27 Mar 2020,22516,Super Beast World,,,,,None,,,,,None,,/?p=section&a=details&id=22516,,,['3aea65dfa7e595bc2db468385c241a52005ddc47.bps'],['3aea65dfa7e595bc2db468385c241a52005ddc47.json'],
,,26 Mar 2020,22509,Super Mario Worlds Demo,,,,,None,,,,,None,,/?p=section&a=details&id=22509,,,['d05966e81585bbb3dddebd8a6ffc81e60c5fd6a8.bps'],['d05966e81585bbb3dddebd8a6ffc81e60c5fd6a8.json'],
,,26 Mar 2020,22512,Super bendy world,,,,,None,,,,,None,,/?p=section&a=details&id=22512,,,['6331146f3c142cd6410ba942cc701f9de4733bf8.bps'],['6331146f3c142cd6410ba942cc701f9de4733bf8.json'],
,,25 Mar 2020,22497,Total Mario World Delta X,,,,,None,,,,,None,,/?p=section&a=details&id=22497,,,['5fdd90c78baa951369d217048d99fe1be6440e34.bps'],['5fdd90c78baa951369d217048d99fe1be6440e34.json'],
,,25 Mar 2020,22500,9 LONG ADVENTURES II: The Mushroom Town Incident,,,,,None,,,,,None,,/?p=section&a=details&id=22500,,,['e4aa45834a32982c6905b5769e8fae589d9f204d.bps'],['e4aa45834a32982c6905b5769e8fae589d9f204d.json'],
,,25 Mar 2020,22506,KawaMarioWorld,,,,,None,,,,,None,,/?p=section&a=details&id=22506,,,['a5c4f1e6095f1f0a38026b0a1e5cdde4311554a9.bps'],['a5c4f1e6095f1f0a38026b0a1e5cdde4311554a9.json'],
,,24 Mar 2020,22487,River Song,,,,,None,,,,,None,,/?p=section&a=details&id=22487,,,['ff1810034deb90461b080a1b825832185f192644.bps'],['ff1810034deb90461b080a1b825832185f192644.json'],
,,20 Mar 2020,22454,Super PKlepek World,,,,,None,,,,,None,,/?p=section&a=details&id=22454,,,['c2cd58ecc6ec5bfbbc12ba04f8378915d9c5589b.bps'],['c2cd58ecc6ec5bfbbc12ba04f8378915d9c5589b.json'],
,,18 Mar 2020,22422,Unnamed 2D Mario Game (FIXED - Beta 1.4),,,,,None,,,,,None,,/?p=section&a=details&id=22422,,,['c07d41b9cd2cab030b695ff4f114d8926242e8a9.bps'],['c07d41b9cd2cab030b695ff4f114d8926242e8a9.json'],
,,18 Mar 2020,22425,smw hakc,,,,,None,,,,,None,,/?p=section&a=details&id=22425,,,['d83322a706abdbfce490b0e6fb508ffd5c0cbd6c.bps'],['d83322a706abdbfce490b0e6fb508ffd5c0cbd6c.json'],
,,18 Mar 2020,22429,Super Mario World: Another Short Hack,,,,,None,,,,,None,,/?p=section&a=details&id=22429,,,['933b454ec2e4351e2dd1d28379e4658bad0af5b8.bps'],['933b454ec2e4351e2dd1d28379e4658bad0af5b8.json'],
,,17 Mar 2020,22410,Super Mario World: A Hack That Takes A Few Minutes to beat...,,,,,None,,,,,None,,/?p=section&a=details&id=22410,,,['9df4ccc7983769f64815ee51cc970798925a0dc7.bps'],['9df4ccc7983769f64815ee51cc970798925a0dc7.json'],
,,17 Mar 2020,22415,mario is done with bowsers crap,,,,,None,,,,,None,,/?p=section&a=details&id=22415,,,['358ae3546ad1140f4936097065aac1ecc4b35cdd.bps'],['358ae3546ad1140f4936097065aac1ecc4b35cdd.json'],
,,16 Mar 2020,22399,Super Epic Mario World,,,,,None,,,,,None,,/?p=section&a=details&id=22399,,,['cd5bbf4ddf6dcfe3b94896998a7e64997c587cb4.bps'],['cd5bbf4ddf6dcfe3b94896998a7e64997c587cb4.json'],
,,16 Mar 2020,22408,Momoku Mario World,,,,,None,,,,,None,,/?p=section&a=details&id=22408,,,['78cc83c2b07e79a25afd472b634e3eea86e09fc9.bps'],['78cc83c2b07e79a25afd472b634e3eea86e09fc9.json'],
,,15 Mar 2020,22398,You Might Get Super Mad,,,,,None,,,,,None,,/?p=section&a=details&id=22398,,,['9c0b4bb6f903b3789f3775ffb4915c615981ffb2.bps'],['9c0b4bb6f903b3789f3775ffb4915c615981ffb2.json'],
,,12 Mar 2020,22380,Mario Vs. The Deadly Allience,,,,,None,,,,,None,,/?p=section&a=details&id=22380,,,['a91d5d06c0a6e172e1bf57839c8bd0dd0dfc0ca9.bps'],['a91d5d06c0a6e172e1bf57839c8bd0dd0dfc0ca9.json'],
,,12 Mar 2020,22381,The Wahn-Stew Race,,,,,None,,,,,None,,/?p=section&a=details&id=22381,,,['c56ded27c0879370466ee7a1a2cb2cf90e921b0c.bps'],['c56ded27c0879370466ee7a1a2cb2cf90e921b0c.json'],
,,10 Mar 2020,22365,Unnamed 2D Mario Game,,,,,None,,,,,None,,/?p=section&a=details&id=22365,,,['4e7e7a2eb902033a6898f2722571e998f5f67280.bps'],['4e7e7a2eb902033a6898f2722571e998f5f67280.json'],
,,10 Mar 2020,22367,The Mario Quest Update 2.0,,,,,None,,,,,None,,/?p=section&a=details&id=22367,,,['d105256e5d9b79aebe3aff2bcf35aa5700a5135c.bps'],['d105256e5d9b79aebe3aff2bcf35aa5700a5135c.json'],
,,08 Mar 2020,22356,Big Boo's Revenge 2 Mario strikes back,,,,,None,,,,,None,,/?p=section&a=details&id=22356,,,['cdfc1b59c0356bc21c170f4f94d206e34914c1bd.bps'],['cdfc1b59c0356bc21c170f4f94d206e34914c1bd.json'],
,,06 Mar 2020,22349,Kawa Mario World,,,,,None,,,,,None,,/?p=section&a=details&id=22349,,,['575ab67b6cd824748ab940fbe77d8d19721395dc.bps'],['575ab67b6cd824748ab940fbe77d8d19721395dc.json'],
,,29 Feb 2020,22291,WAIFU$!!!,,,,,None,,,,,None,,/?p=section&a=details&id=22291,,,['fea356c151128c5a49381fa96c2d453e5988b4a5.bps'],['fea356c151128c5a49381fa96c2d453e5988b4a5.json'],
,,28 Feb 2020,22277,Friday Mario World,,,,,None,,,,,None,,/?p=section&a=details&id=22277,,,['ff0891ee6eaa355d44d60013d339da060066979a.bps'],['ff0891ee6eaa355d44d60013d339da060066979a.json'],
,,27 Feb 2020,22269,Not So Super Maryo World,,,,,None,,,,,None,,/?p=section&a=details&id=22269,,,['13c46030c06970a65dbf3dd572022da557a28950.bps'],['13c46030c06970a65dbf3dd572022da557a28950.json'],
,,27 Feb 2020,22271,Mario World With Reimu,,,,,None,,,,,None,,/?p=section&a=details&id=22271,,,['4fa64fb75294aff370290500ad211b8fc99599a9.bps'],['4fa64fb75294aff370290500ad211b8fc99599a9.json'],
,,24 Feb 2020,22243,RVXvt - Level: NightSwitch,,,,,None,,,,,None,,/?p=section&a=details&id=22243,,,['ed8ce8583167a61a0e34c748f1f47c12f9456f33.bps'],['ed8ce8583167a61a0e34c748f1f47c12f9456f33.json'],
,,23 Feb 2020,22235,Bread World,,,,,None,,,,,None,,/?p=section&a=details&id=22235,,,['c3ec702c23832887bfbe159c8e3a73cadd4426cf.bps'],['c3ec702c23832887bfbe159c8e3a73cadd4426cf.json'],
,,21 Feb 2020,22216,Prehistoric Mario,,,,,None,,,,,None,,/?p=section&a=details&id=22216,,,['94eada9ad22167191ebca3259a36525fd998c7a4.bps'],['94eada9ad22167191ebca3259a36525fd998c7a4.json'],
,,17 Feb 2020,22188,Super Mario Bros. Advance,,,,,None,,,,,None,,/?p=section&a=details&id=22188,,,['231200cd554fa141bb1269175276e5ae64726941.bps'],['231200cd554fa141bb1269175276e5ae64726941.json'],
,,16 Feb 2020,22169,Fast Mario World 1.0,,,,,None,,,,,None,,/?p=section&a=details&id=22169,,,['ab2f3239bcd808fecd9f370b267b98a05cc5e428.bps'],['ab2f3239bcd808fecd9f370b267b98a05cc5e428.json'],
,,13 Feb 2020,22142,Basic Mario Hack,,,,,None,,,,,None,,/?p=section&a=details&id=22142,,,['ff577f47057bccade1bdf67231fd558b2fe686c0.bps'],['ff577f47057bccade1bdf67231fd558b2fe686c0.json'],
,,12 Feb 2020,22130,Super Mario World feat. Reimu Hakurei,,,,,None,,,,,None,,/?p=section&a=details&id=22130,,,['361dc43d59cb774c40d1011b160b2b53ad26254a.bps'],['361dc43d59cb774c40d1011b160b2b53ad26254a.json'],
,,08 Feb 2020,22113,Breaking Star,,,,,None,,,,,None,,/?p=section&a=details&id=22113,,,['0c4674e4d3a202531036f68967ef7a083fba6b30.bps'],['0c4674e4d3a202531036f68967ef7a083fba6b30.json'],
,,06 Feb 2020,22097,ALPHA SPHERE: Director's Cut,,,,,None,,,,,None,,/?p=section&a=details&id=22097,,,['2cc923df258d6d1cd8c44d259e896160402debae.bps'],['2cc923df258d6d1cd8c44d259e896160402debae.json'],
,,05 Feb 2020,22093,Romhack Races - Season 4 Collaboration,,,,,None,,,,,None,,/?p=section&a=details&id=22093,,,['9923e8d6418d501581d26795b588ae745373194f.bps'],['9923e8d6418d501581d26795b588ae745373194f.json'],
,,02 Feb 2020,22081,Super Mario /v/orld,,,,,None,,,,,None,,/?p=section&a=details&id=22081,,,['2c6a409a1bdb4635e3d63b7a31643cf473aa3646.bps'],['2c6a409a1bdb4635e3d63b7a31643cf473aa3646.json'],
,,29 Jan 2020,22052,Super Swunsh World,,,,,None,,,,,None,,/?p=section&a=details&id=22052,,,['4558be8adb1c4b00c19c128ff80b01842a121860.bps'],['4558be8adb1c4b00c19c128ff80b01842a121860.json'],
,,28 Jan 2020,22043,Super Mario World But There Are More Power Ups,,,,,None,,,,,None,,/?p=section&a=details&id=22043,,,['9513d4ff76f6fbe494a1ee2794372ee855ca4e2d.bps'],['9513d4ff76f6fbe494a1ee2794372ee855ca4e2d.json'],
,,26 Jan 2020,22035,Super Scoopa Troopa World,,,,,None,,,,,None,,/?p=section&a=details&id=22035,,,['3e2e30dc87e6102eb9456ec39186504933e686b9.bps'],['3e2e30dc87e6102eb9456ec39186504933e686b9.json'],
,,25 Jan 2020,22020,Dininho World,,,,,None,,,,,None,,/?p=section&a=details&id=22020,,,['d961045edfa906db0a1231a5e8b1e16bea129b86.bps'],['d961045edfa906db0a1231a5e8b1e16bea129b86.json'],
,,24 Jan 2020,22010,dumb,,,,,None,,,,,None,,/?p=section&a=details&id=22010,,,['01ee7ad525d832b5c7c60cb01dc981e60aa9dd77.bps'],['01ee7ad525d832b5c7c60cb01dc981e60aa9dd77.json'],
,,24 Jan 2020,22011,GARLIC,,,,,None,,,,,None,,/?p=section&a=details&id=22011,,,['a267289c381a4c7f6e90c93233ef69c681f92572.bps'],['a267289c381a4c7f6e90c93233ef69c681f92572.json'],
,,23 Jan 2020,22008,Super Mario Another Retro,,,,,None,,,,,None,,/?p=section&a=details&id=22008,,,['a549cc1ba2e0695fcd0126f2caba8cd042ecef92.bps'],['a549cc1ba2e0695fcd0126f2caba8cd042ecef92.json'],
,,21 Jan 2020,21995,Wrath of Bowser V1.1,,,,,None,,,,,None,,/?p=section&a=details&id=21995,,,['0bfa8b02536185d0716fecf1c46b63be0078a586.bps'],['0bfa8b02536185d0716fecf1c46b63be0078a586.json'],
,,16 Jan 2020,21960,Y-SH-'S H--NT-D W-RLD,,,,,None,,,,,None,,/?p=section&a=details&id=21960,,,['2ca2a943a508be7f2314f854de66c9fc8e051041.bps'],['2ca2a943a508be7f2314f854de66c9fc8e051041.json'],
,,13 Jan 2020,21949,The Last Straw,,,,,None,,,,,None,,/?p=section&a=details&id=21949,,,['fc20590e1057915563cf55a306634f74b4e5453e.bps'],['fc20590e1057915563cf55a306634f74b4e5453e.json'],
,,12 Jan 2020,21929,Meat's Quest: Super Mario World and the Bois!,,,,,None,,,,,None,,/?p=section&a=details&id=21929,,,['c2d722d7d35c66766fe9f347cd499e2359fc618b.bps'],['c2d722d7d35c66766fe9f347cd499e2359fc618b.json'],
,,11 Jan 2020,21925,Super Beco World,,,,,None,,,,,None,,/?p=section&a=details&id=21925,,,['4241ad528c7c0de10f6fca594270630837f725d1.bps'],['4241ad528c7c0de10f6fca594270630837f725d1.json'],
,,09 Jan 2020,21901,Mura World 2,,,,,None,,,,,None,,/?p=section&a=details&id=21901,,,"['0f5d6fbcda3deafe926134122b25849754d81d7a.bps', '5c19473f64532819e8db3382ff54ca472c710927.bps']","['0f5d6fbcda3deafe926134122b25849754d81d7a.json', '5c19473f64532819e8db3382ff54ca472c710927.json']",
,,08 Jan 2020,21898,Super Mario FX (Demo),,,,,None,,,,,None,,/?p=section&a=details&id=21898,,,['fa1acf830b74f14443eeb4d09e3d76b0fd71055f.bps'],['fa1acf830b74f14443eeb4d09e3d76b0fd71055f.json'],
,,03 Jan 2020,21751,Super Mario Travellers,,,,,None,,,,,None,,/?p=section&a=details&id=21751,,,['e820b1027ac0f5aea75268b3429ae0334fe17749.bps'],['e820b1027ac0f5aea75268b3429ae0334fe17749.json'],
,,03 Jan 2020,21784,Return Trip,,,,,None,,,,,None,,/?p=section&a=details&id=21784,,,['f94db6ee49cf74fadff91120f5aa60a51ce0cd00.bps'],['f94db6ee49cf74fadff91120f5aa60a51ce0cd00.json'],
,,01 Jan 2020,21741,I always wanted to know who Ldad is and that's why I do this hack,,,,,None,,,,,None,,/?p=section&a=details&id=21741,,,['a48dade48aa865f0fc76f55539bbad93ff9a0680.bps'],['a48dade48aa865f0fc76f55539bbad93ff9a0680.json'],
,,27 Dec 2019,21706,Super Maple World,,,,,None,,,,,None,,/?p=section&a=details&id=21706,,,['3b73ceaa1e41f5d525f354325d2d82b2347ac92e.bps'],['3b73ceaa1e41f5d525f354325d2d82b2347ac92e.json'],
,,24 Dec 2019,21692,A New Adventure Starring Mario by CrashFC,,,,,None,,,,,None,,/?p=section&a=details&id=21692,,,['ef982927c8d8762c88bc81d7b8a6a0af0b5a8239.bps'],['ef982927c8d8762c88bc81d7b8a6a0af0b5a8239.json'],
,,23 Dec 2019,21685,Mario Rescues Santa Claus,,,,,None,,,,,None,,/?p=section&a=details&id=21685,,,['39db569df8d1ddb9bbffc610e0b8a8939fdccdb7.bps'],['39db569df8d1ddb9bbffc610e0b8a8939fdccdb7.json'],
,,23 Dec 2019,21686,Luigi Adventure 1: Rescue Daisy,,,,,None,,,,,None,,/?p=section&a=details&id=21686,,,"['2d3ac1520eae645752834b97cd7dac3c4388a9b1.bps', 'b35840531aa8bfe675ccd921c9e7712d6d641a81.bps']","['2d3ac1520eae645752834b97cd7dac3c4388a9b1.json', 'b35840531aa8bfe675ccd921c9e7712d6d641a81.json']",
,,21 Dec 2019,21676,Super Mario World: Christmas Edition,,,,,None,,,,,None,,/?p=section&a=details&id=21676,,,['7bb3d3efd591425239fa20b0dc624920a7baa215.bps'],['7bb3d3efd591425239fa20b0dc624920a7baa215.json'],
,,19 Dec 2019,21666,Fennekin's Kaizo world (v.5),,,,,None,,,,,None,,/?p=section&a=details&id=21666,,,['16fdf2f3a8392e47b7fbe5b513c9edc8bf0046fb.bps'],['16fdf2f3a8392e47b7fbe5b513c9edc8bf0046fb.json'],
,,17 Dec 2019,21657,kowabunga,,,,,None,,,,,None,,/?p=section&a=details&id=21657,,,['3e07c22ff994bc89ec2107631e9c8347214ccc8c.bps'],['3e07c22ff994bc89ec2107631e9c8347214ccc8c.json'],
,,13 Dec 2019,21637,Denali's Tail,,,,,None,,,,,None,,/?p=section&a=details&id=21637,,,['26870c490f359872061b4c34a9d8534db7a52f6e.bps'],['26870c490f359872061b4c34a9d8534db7a52f6e.json'],
,,11 Dec 2019,21624,Super Mario World de Volta ao Jogo,,,,,None,,,,,None,,/?p=section&a=details&id=21624,,,['057e70a1f341ba67c2570648f2298c702923f4db.bps'],['057e70a1f341ba67c2570648f2298c702923f4db.json'],
,,10 Dec 2019,21619,Mura World,,,,,None,,,,,None,,/?p=section&a=details&id=21619,,,"['b6d9d355e239fdbb4a722dd4387f9bdb63789c51.bps', '77f0248e8e0ba7704347d15340559608b689458c.bps']","['b6d9d355e239fdbb4a722dd4387f9bdb63789c51.json', '77f0248e8e0ba7704347d15340559608b689458c.json']",
,,08 Dec 2019,21611,Ayashi Mario 2,,,,,None,,,,,None,,/?p=section&a=details&id=21611,,,['905e6d7603dab50f946a1cf078c7526741694eaa.bps'],['905e6d7603dab50f946a1cf078c7526741694eaa.json'],
,,03 Dec 2019,21589,Darkstar,,,,,None,,,,,None,,/?p=section&a=details&id=21589,,,['7728f875baebdb18689d3371b14b7260acba264b.bps'],['7728f875baebdb18689d3371b14b7260acba264b.json'],
,,01 Dec 2019,21581,Soup or Solstng World,,,,,None,,,,,None,,/?p=section&a=details&id=21581,,,['0c28b88a30b946543e023fb42d71a699dcac5494.bps'],['0c28b88a30b946543e023fb42d71a699dcac5494.json'],
,,29 Nov 2019,21568,Super Mario Sunshine Snes,,,,,None,,,,,None,,/?p=section&a=details&id=21568,,,['3a19dfc62e854f07fbcfcfba8fa6c2a50e39d6a3.bps'],['3a19dfc62e854f07fbcfcfba8fa6c2a50e39d6a3.json'],
,,29 Nov 2019,21569,Undertale Bad Time and Popyros and Flowey,,,,,None,,,,,None,,/?p=section&a=details&id=21569,,,['a67558bba60b7d46c76a35c6ad9f95a643dcc3c3.bps'],['a67558bba60b7d46c76a35c6ad9f95a643dcc3c3.json'],
,,28 Nov 2019,21556,Super Lani World 2,,,,,None,,,,,None,,/?p=section&a=details&id=21556,,,['2a3a52c8f7b57f1b94e36cbbf45a83792a049d31.bps'],['2a3a52c8f7b57f1b94e36cbbf45a83792a049d31.json'],
,,27 Nov 2019,21550,Vanilla Flavour,,,,,None,,,,,None,,/?p=section&a=details&id=21550,,,['de77ff0d055f14487f2bf4a0965da6377bf14837.bps'],['de77ff0d055f14487f2bf4a0965da6377bf14837.json'],
,,27 Nov 2019,21551,Super Mario World 2,,,,,None,,,,,None,,/?p=section&a=details&id=21551,,,['dc890dcb8520cb5403e9ea21fe64f97b5c2d59ce.bps'],['dc890dcb8520cb5403e9ea21fe64f97b5c2d59ce.json'],
,,25 Nov 2019,21539,Super Sweg World,,,,,None,,,,,None,,/?p=section&a=details&id=21539,,,['a68178577c984f6ffb344fef558c61b5c7dc2c4e.bps'],['a68178577c984f6ffb344fef558c61b5c7dc2c4e.json'],
,,19 Nov 2019,21511,Super Scroll World,,,,,None,,,,,None,,/?p=section&a=details&id=21511,,,['5552d30329f692507d778433b7a3f7c29d8be511.bps'],['5552d30329f692507d778433b7a3f7c29d8be511.json'],
,,17 Nov 2019,21503,Eroi del passato,,,,,None,,,,,None,,/?p=section&a=details&id=21503,,,['741c215ed2362718ba6cb69e4108ca26ebe196db.bps'],['741c215ed2362718ba6cb69e4108ca26ebe196db.json'],
,,16 Nov 2019,21500,The Xiao,,,,,None,,,,,None,,/?p=section&a=details&id=21500,,,['2db60166e599ef37b0444a9c300c455443acb29c.bps'],['2db60166e599ef37b0444a9c300c455443acb29c.json'],
,,15 Nov 2019,21492,Mario's Moonwalk 2 Beta 2,,,,,None,,,,,None,,/?p=section&a=details&id=21492,,,"['c4c4fffaf41d4195791452cdf326b0ec6e0aca9a.bps', '42ee3f5cd0ef85803eaa4f6e5c9457b5d65cf1e4.bps', '6fd72e562ee1f5243881756b57d1b26fac198704.bps']","['c4c4fffaf41d4195791452cdf326b0ec6e0aca9a.json', '42ee3f5cd0ef85803eaa4f6e5c9457b5d65cf1e4.json', '6fd72e562ee1f5243881756b57d1b26fac198704.json']",
,,10 Nov 2019,21469,Grand Troll World,,,,,None,,,,,None,,/?p=section&a=details&id=21469,,,['d71b9f8079659fa372c8ddd3fb119035abc11ac9.bps'],['d71b9f8079659fa372c8ddd3fb119035abc11ac9.json'],
,,10 Nov 2019,21475,Super Toad Planet,,,,,None,,,,,None,,/?p=section&a=details&id=21475,,,['3750e17d6c7a3b70049ea8a09d4215623c21943a.bps'],['3750e17d6c7a3b70049ea8a09d4215623c21943a.json'],
,,08 Nov 2019,21456,Ayashi Mario 2 : Lost in Hyrule,,,,,None,,,,,None,,/?p=section&a=details&id=21456,,,['64b2b0f8afd779eeba2019a2b21a179178698f1c.bps'],['64b2b0f8afd779eeba2019a2b21a179178698f1c.json'],
,,03 Nov 2019,21414,WAIFUS!!!!!,,,,,None,,,,,None,,/?p=section&a=details&id=21414,,,['f613da8988e8a75ba47aaaf5c5a29f4f91fd65e2.bps'],['f613da8988e8a75ba47aaaf5c5a29f4f91fd65e2.json'],
,,02 Nov 2019,21407,Epic Gamer World,,,,,None,,,,,None,,/?p=section&a=details&id=21407,,,['5ac121bd28df45cfb4722c4c16466cf516c74a3b.bps'],['5ac121bd28df45cfb4722c4c16466cf516c74a3b.json'],
,,31 Oct 2019,21389,The Quest for the Candies,,,,,None,,,,,None,,/?p=section&a=details&id=21389,,,['117f840268318e339311bc336cc3919ba34431a3.bps'],['117f840268318e339311bc336cc3919ba34431a3.json'],
,,30 Oct 2019,21381,Kekcroc DASH!,,,,,None,,,,,None,,/?p=section&a=details&id=21381,,,['1a19988bd5e5b46e7fdaea9050ee88debfdf22f4.bps'],['1a19988bd5e5b46e7fdaea9050ee88debfdf22f4.json'],
,,30 Oct 2019,21382,Tithered Mario,,,,,None,,,,,None,,/?p=section&a=details&id=21382,,,['f8b86d82679717d2ff58a79ff31b2fbf0cec45c0.bps'],['f8b86d82679717d2ff58a79ff31b2fbf0cec45c0.json'],
,,29 Oct 2019,21374,Toadette's Adventure,,,,,None,,,,,None,,/?p=section&a=details&id=21374,,,['e9ec233f72db0b9c44c98e3e9f78821a44a70fae.bps'],['e9ec233f72db0b9c44c98e3e9f78821a44a70fae.json'],
,,29 Oct 2019,21373,The Sagan Saga,,,,,None,,,,,None,,/?p=section&a=details&id=21373,,,['c5ae525f9221e98aa9413b543e230f708fc66f15.bps'],['c5ae525f9221e98aa9413b543e230f708fc66f15.json'],
,,14 Oct 2019,21321,A hack mais aleatória de todas!,,,,,None,,,,,None,,/?p=section&a=details&id=21321,,,['c4c9a8d6c19f31cfe420703b9726ff6f4266c33f.bps'],['c4c9a8d6c19f31cfe420703b9726ff6f4266c33f.json'],
,,14 Oct 2019,21322,Super Luigi Land,,,,,None,,,,,None,,/?p=section&a=details&id=21322,,,['9f41d3b0c4303445461a64121a5c7123b3148de2.bps'],['9f41d3b0c4303445461a64121a5c7123b3148de2.json'],
,,11 Oct 2019,21313,Adventure Islands,,,,,None,,,,,None,,/?p=section&a=details&id=21313,,,['5beb669b50d22d812510da6ca9476049dfb56807.bps'],['5beb669b50d22d812510da6ca9476049dfb56807.json'],
,,10 Oct 2019,21309,Shelljump and Kaizo diabolic,,,,,None,,,,,None,,/?p=section&a=details&id=21309,,,['ac182fe6de07d08b9f8ce22fb7f54b88c892c3fb.bps'],['ac182fe6de07d08b9f8ce22fb7f54b88c892c3fb.json'],
,,07 Oct 2019,21285,super snow world,,,,,None,,,,,None,,/?p=section&a=details&id=21285,,,['44c7eb8ea278833ce52743c5c3a8973136e01561.bps'],['44c7eb8ea278833ce52743c5c3a8973136e01561.json'],
,,02 Oct 2019,21265,Bowser's Cidadel 1.1 Demo,,,,,arthur4272,,,,,Hard,,/?p=section&a=details&id=21265,,,['2d634c1163074ca70ac12323f721a01a4cc2d98a.bps'],['2d634c1163074ca70ac12323f721a01a4cc2d98a.json'],
,,29 Sep 2019,21244,Super Expert World,,,,,three,,,,,Kaizo: Light,,/?p=section&a=details&id=21244,,,['6918ceb6e3dbada9cc3070df6a249b6e84b4d9e7.bps'],['6918ceb6e3dbada9cc3070df6a249b6e84b4d9e7.json'],
,,25 Sep 2019,21215,Mario at the Kasranova Levels 2: Imgelemden Hallice,,,,,OEOTeam,,,,,Normal,,/?p=section&a=details&id=21215,,,['2fafc9ff156444f8659870ad90c4a1ed090615fb.bps'],['2fafc9ff156444f8659870ad90c4a1ed090615fb.json'],
,,25 Sep 2019,21216,Mario and the 4 stars,,,,,TheTinkerer,,,,,Easy,,/?p=section&a=details&id=21216,,,['ab10f9df21e64a0d8b59acbbc92d9e48d36230dd.bps'],['ab10f9df21e64a0d8b59acbbc92d9e48d36230dd.json'],
,,21 Sep 2019,21196,JAVH 2,,,,,niko,,,,,Very Hard,,/?p=section&a=details&id=21196,,,['7f98dda8f6ff79405868ca10c72a57f144813cbc.bps'],['7f98dda8f6ff79405868ca10c72a57f144813cbc.json'],
,,31 Aug 2019,21061,Geromine School,,,,,Fullcannon,,,,,Kaizo: Light,,/?p=section&a=details&id=21061,,,['825bd3a776c6d8b18b9ee5a08448f5122e320e46.bps'],['825bd3a776c6d8b18b9ee5a08448f5122e320e46.json'],
,,29 Aug 2019,21053,YOU CAN'T JUMP,,,,,TheTinkerer,,,,,Easy,,/?p=section&a=details&id=21053,,,['19bb532f805025a0e94080c678ce5d49f0833c81.bps'],['19bb532f805025a0e94080c678ce5d49f0833c81.json'],
,,24 Aug 2019,21018,Just Another Vanilla Hack 2,,,,,niko,,,,,Very Hard,,/?p=section&a=details&id=21018,,,['0810a694e26af33d227e3f34786fdec7162127c9.bps'],['0810a694e26af33d227e3f34786fdec7162127c9.json'],
,,22 Aug 2019,20996,Super Mario's World,,,,,tomato jonson,,,,,Hard,,/?p=section&a=details&id=20996,,,['30747af8a1a851bdbc97c31fa4cdc1fd25be7935.bps'],['30747af8a1a851bdbc97c31fa4cdc1fd25be7935.json'],
,,21 Aug 2019,20988,Bowser's Cidadel,,,,,arthur4272,,,,,Hard,,/?p=section&a=details&id=20988,,,['a1e2c7c75dc9ee1efa6db80e407933d4520d89c9.bps'],['a1e2c7c75dc9ee1efa6db80e407933d4520d89c9.json'],
,,21 Aug 2019,20991,Tithered Mario,,,,,SAMPLE,,,,,Very Hard,,/?p=section&a=details&id=20991,,,['a0bb03a448ef6f463a097fb3360362b1b9ce139d.bps'],['a0bb03a448ef6f463a097fb3360362b1b9ce139d.json'],
,,19 Aug 2019,20956,Super Moony World 2,,,,,Tashiro,,,,,Very Hard,,/?p=section&a=details&id=20956,,,"['f1d81111caf520510b83160477faf8ec0624384b.bps', '6e1e866d9e0582da25f982bb034bc8be89336532.bps']","['f1d81111caf520510b83160477faf8ec0624384b.json', '6e1e866d9e0582da25f982bb034bc8be89336532.json']",
,,14 Aug 2019,20938,METROID MARIO WORLD,,,,,WhiteWolve,,,,,Normal,,/?p=section&a=details&id=20938,,,['302f6b08b173efb484ece907a36a9901905e4126.bps'],['302f6b08b173efb484ece907a36a9901905e4126.json'],
,,13 Aug 2019,20926,TheKink World,,,,,Brandon_Pitts,,,,,Kaizo: Light,,/?p=section&a=details&id=20926,,,['e583f57f9c53626bf3ed75f020ca6760acfb430d.bps'],['e583f57f9c53626bf3ed75f020ca6760acfb430d.json'],
,,13 Aug 2019,20927,Super Overworld 64,,,,,OverworldYT,,,,,Troll,,/?p=section&a=details&id=20927,,,['f6b489c7166827a1e2b9c968eaa0a1b91952f1f4.bps'],['f6b489c7166827a1e2b9c968eaa0a1b91952f1f4.json'],
,,12 Aug 2019,20923,Stub,,,,,Sancles,,,,,Easy,,/?p=section&a=details&id=20923,,,['6b47bb75d16514b6a476aa0c73a683a2a4c18765.bps'],['6b47bb75d16514b6a476aa0c73a683a2a4c18765.json'],
,,07 Aug 2019,20875,Super Mario CERN,,,,,Evernn,,,,,Normal,,/?p=section&a=details&id=20875,,,['dba1b5e2abe5a81778e67727e6912bac601af39f.bps'],['dba1b5e2abe5a81778e67727e6912bac601af39f.json'],
,,07 Aug 2019,20877,Small Monkey World,,,,,Monkeyfist,,,,,Kaizo: Light,,/?p=section&a=details&id=20877,,,['0b8ec3e1576761a973e3f149b41bf048de3fe502.bps'],['0b8ec3e1576761a973e3f149b41bf048de3fe502.json'],
,,05 Aug 2019,20860,SMW Paper Hill,,,,,FimishHACK,,,,,Normal,,/?p=section&a=details&id=20860,,,['2b5315602af8ceda8457e8180aa6af0dd1e0edb5.bps'],['2b5315602af8ceda8457e8180aa6af0dd1e0edb5.json'],
,,04 Aug 2019,20850,RNG Castle Squared,,,,,Morsel,,,,,Kaizo: Light,,/?p=section&a=details&id=20850,,,['b58b478926ca77eb4df0258a32a7bcecd2e7ccd6.bps'],['b58b478926ca77eb4df0258a32a7bcecd2e7ccd6.json'],
,,31 Jul 2019,20829,Lethal Ejection,,,,,HLXY,,,,,Kaizo: Light,,/?p=section&a=details&id=20829,,,['b8c6d9a0540a1eb87d451e20aac729df6e21427f.bps'],['b8c6d9a0540a1eb87d451e20aac729df6e21427f.json'],
,,30 Jul 2019,20806,SMW The Crown's Tale (DEMO),,,,,bandicoot,,,,,Normal,,/?p=section&a=details&id=20806,,,['093333d23f7e320d4f1721cb57aa1e74e15773cb.bps'],['093333d23f7e320d4f1721cb57aa1e74e15773cb.json'],
,,27 Jul 2019,20770,Super Herbihalt World 3,,,,,OEOTeam,,,,,Hard,,/?p=section&a=details&id=20770,,,['f55f7555ff23b65cb9d4f836d98047209bd8d736.bps'],['f55f7555ff23b65cb9d4f836d98047209bd8d736.json'],
,,27 Jul 2019,20775,Super Luigi World Beta 1.0,,,,,VDROIDTGM,,,,,Hard,,/?p=section&a=details&id=20775,,,['3a68aafc85d45c3dc3f10fb9b8c666d12cfc3802.bps'],['3a68aafc85d45c3dc3f10fb9b8c666d12cfc3802.json'],
,,19 Jul 2019,20706,Super QBear World,,,,,qbear,,,,,Kaizo: Light,,/?p=section&a=details&id=20706,,,['1e263d12d2f2c26038d1a71c094be1f80511711b.bps'],['1e263d12d2f2c26038d1a71c094be1f80511711b.json'],
,,17 Jul 2019,20661,New Super Mario World 64,,,,,That DumbGaijin,,,,,Easy,,/?p=section&a=details&id=20661,,,['654afac9d4201eab4544c64a96b2eec99cfd43ef.bps'],['654afac9d4201eab4544c64a96b2eec99cfd43ef.json'],
,,13 Jul 2019,20631,Super Mario World Reimagined 0.0.1,,,,,hacksafe,,,,,Easy,,/?p=section&a=details&id=20631,,,['558d5ed76067222198c0127c473a3730db92391a.bps'],['558d5ed76067222198c0127c473a3730db92391a.json'],
,,09 Jul 2019,20566,Super Mario Land 3: Super Luigi Land,,,,,redgamer2100NX_,,,,,Normal,,/?p=section&a=details&id=20566,,,['1a58d45a2d6a7561d119ffb05b7b95219b4fa27e.bps'],['1a58d45a2d6a7561d119ffb05b7b95219b4fa27e.json'],
,,08 Jul 2019,20501,Super Mario World Festive,,,,,Ethiundo,,,,,Normal,,/?p=section&a=details&id=20501,,,['287a6c05e460063cac88fb11c0d5a21850b2d33a.bps'],['287a6c05e460063cac88fb11c0d5a21850b2d33a.json'],
,,08 Jul 2019,20534,My best hack ever,,,,,xyz600sp,,,,,Easy,,/?p=section&a=details&id=20534,,,['5aadca79f48d162ddec1992276213732b356bc81.bps'],['5aadca79f48d162ddec1992276213732b356bc81.json'],
,,07 Jul 2019,20489,The Worst SMW Rom Hack Ever,,,,,CB3743,,,,,Easy,,/?p=section&a=details&id=20489,,,['bdcfd2e0d65089d469739afc6374a91ddd804351.bps'],['bdcfd2e0d65089d469739afc6374a91ddd804351.json'],
,,06 Jul 2019,20427,Super Mario Travellers,,,,,Stiviboy,,,,,Normal,,/?p=section&a=details&id=20427,,,['64bd6514c016c4ed5264fcde382b9ab9fbc1413c.bps'],['64bd6514c016c4ed5264fcde382b9ab9fbc1413c.json'],
,,05 Jul 2019,20374,Super Mario Another Retro - C3 Demo,,,,,Infinity,,,,,Normal,,/?p=section&a=details&id=20374,,,['21ca5cce68b5b78371934adc1e6053fcc509aa7b.bps'],['21ca5cce68b5b78371934adc1e6053fcc509aa7b.json'],
,,05 Jul 2019,20405,Super Mario Bros.: Peach's Adventure 6 World Demo V1.1,,,,,GreenLightningx6,,,,,Normal,,/?p=section&a=details&id=20405,,,['b82f13a23cfa1b4b95a1a873a291ee933a9196f4.bps'],['b82f13a23cfa1b4b95a1a873a291ee933a9196f4.json'],
,,05 Jul 2019,20375,Pasedonal Mario,,,,,Fullcannon,,,,,Normal,,/?p=section&a=details&id=20375,,,['912275550e2cd43192f6ce1b81d7e0d1f877e754.bps'],['912275550e2cd43192f6ce1b81d7e0d1f877e754.json'],
,,02 Jul 2019,20359,Shelljump and kaizo diabolic,,,,,Rodrigo,,,,,Kaizo: Light,,/?p=section&a=details&id=20359,,,['d56b8424402b9d4e8726300d8b3cb037726126d1.bps'],['d56b8424402b9d4e8726300d8b3cb037726126d1.json'],
,,01 Jul 2019,20350,Marios Grand Adventure (demo),,,,,Haithius,,,,,Normal,,/?p=section&a=details&id=20350,,,['ac425b8f0b793bb827452e588b7eb670681f5b35.bps'],['ac425b8f0b793bb827452e588b7eb670681f5b35.json'],
,,26 Jun 2019,20309,Super Mario World - A Little Despair,,,,,CrashFC,,,,,Kaizo: Light,,/?p=section&a=details&id=20309,,,['b0409a6370d80fced69267480a68376874d4b3b3.bps'],['b0409a6370d80fced69267480a68376874d4b3b3.json'],
,,20 Jun 2019,20258,Super Mario World 4: The Shining Super Star,,,,,SMWFan2019,,,,,Normal,,/?p=section&a=details&id=20258,,,['3a9a692ee2a937197b132ebee5886369de63cd04.bps'],['3a9a692ee2a937197b132ebee5886369de63cd04.json'],
,,20 Jun 2019,20262,Super Mario World -Chapter One (v.1.2),,,,,AyGaAlPa,,,,,Normal,,/?p=section&a=details&id=20262,,,"['9c6bf6f04070dd4ee5782e25238c40f112a549e7.bps', 'e0089a48a86cd5359197233d1fe6a48e76a8d067.bps']","['9c6bf6f04070dd4ee5782e25238c40f112a549e7.json', 'e0089a48a86cd5359197233d1fe6a48e76a8d067.json']",
,,19 Jun 2019,20253,French,,,,,Scoutellite,,,,,Normal,,/?p=section&a=details&id=20253,,,['8f5b9c65571df5e1539fba9d49e720452ead0542.bps'],['8f5b9c65571df5e1539fba9d49e720452ead0542.json'],
,,18 Jun 2019,20139,Cawabanga Land,,,,,Pereira,,,,,Kaizo: Light,,/?p=section&a=details&id=20139,,,"['2067b39d07a716590378209e0929f4ab78f8702b.bps', '46d30b86bd97c6dce0ffe541e33f9701a6ccded0.bps']","['2067b39d07a716590378209e0929f4ab78f8702b.json', '46d30b86bd97c6dce0ffe541e33f9701a6ccded0.json']",
,,18 Jun 2019,20239,Super Mario (World) Isle Ceban,,,,,Goomber,,,,,Hard,,/?p=section&a=details&id=20239,,,['530f1dbc28e72a934bf662b16b119a24a82d1aaa.bps'],['530f1dbc28e72a934bf662b16b119a24a82d1aaa.json'],
,,18 May 2019,19928,Super Mura World,,,,,OhMuramatsu,,,,,Kaizo: Light,,/?p=section&a=details&id=19928,,,"['b4db4776d29606029d64aaaef31c2650219fa617.bps', '4a0e7ffe983c1a820f4d5b4a6411be97b447e3b1.bps']","['b4db4776d29606029d64aaaef31c2650219fa617.json', '4a0e7ffe983c1a820f4d5b4a6411be97b447e3b1.json']",
,,18 May 2019,19943,Run With Turtles 1 (The search for Boo),,,,,Beaser,,,,,Kaizo: Light,,/?p=section&a=details&id=19943,,,['d2485127097d3c36cab9918f7f3ea7adb029ec74.bps'],['d2485127097d3c36cab9918f7f3ea7adb029ec74.json'],
,,18 May 2019,19981,Super Samsara World,,,,,supermargot,,,,,Kaizo: Light,,/?p=section&a=details&id=19981,,,['3c31cb31fd8d1bfc4f58d65b3454be7b042b736d.bps'],['3c31cb31fd8d1bfc4f58d65b3454be7b042b736d.json'],
,,18 May 2019,19983,HACK,,,,,JKS,,,,,Kaizo: Light,,/?p=section&a=details&id=19983,,,['16af4047c8119363f305205e9045e3a00d667e10.bps'],['16af4047c8119363f305205e9045e3a00d667e10.json'],
,,09 May 2019,19899,Super Slade World v0.1,,,,,LemonStir,,,,,Kaizo: Light,,/?p=section&a=details&id=19899,,,['eadc11c12a3a53ae2c17bee437f15a64cdfeb319.bps'],['eadc11c12a3a53ae2c17bee437f15a64cdfeb319.json'],
,,06 May 2019,19880,Super Beco World,,,,,Adriel_ICS,,,,,Kaizo: Light,,/?p=section&a=details&id=19880,,,"['99d8454e36dabddd2a3f82bd719abbcd747820a0.bps', '6d43c33f86011affad69c47c1782c4da3e0dca85.bps']","['99d8454e36dabddd2a3f82bd719abbcd747820a0.json', '6d43c33f86011affad69c47c1782c4da3e0dca85.json']",
,,30 Apr 2019,19836,Super Greasy World,,,,,PhexaWint,,,,,Kaizo: Light,,/?p=section&a=details&id=19836,,,['7ac2c75629243bb19f2ba16f50b7c698dbaabb53.bps'],['7ac2c75629243bb19f2ba16f50b7c698dbaabb53.json'],
,,26 Apr 2019,19795,BNBM,,,,,OEOTeam,,,,,Hard,,/?p=section&a=details&id=19795,,,['f1d9e36855067a128bd1f994c9f9786c1af41766.bps'],['f1d9e36855067a128bd1f994c9f9786c1af41766.json'],
,,26 Apr 2019,19796,BLOOD!!!,,,,,Yoshi254,,,,,Easy,,/?p=section&a=details&id=19796,,,['f51dd2f7e5c2ac993e9b78c5204bc93bf70d0978.bps'],['f51dd2f7e5c2ac993e9b78c5204bc93bf70d0978.json'],
,,26 Apr 2019,19799,Small Mario,,,,,Lost,,,,,Hard,,/?p=section&a=details&id=19799,,,['6e0e391d8a3e4e602b8f91f6f3df32c7346f8951.bps'],['6e0e391d8a3e4e602b8f91f6f3df32c7346f8951.json'],
,,25 Apr 2019,19780,Piranha Park,,,,,BlooberryPi,,,,,Kaizo: Light,,/?p=section&a=details&id=19780,,,['6f47ab54c5594606ff5dab6e6b425ef7c512eb4c.bps'],['6f47ab54c5594606ff5dab6e6b425ef7c512eb4c.json'],
,,23 Apr 2019,19754,Bloody Mario,,,,,Severus,,,,,Kaizo: Light,,/?p=section&a=details&id=19754,,,['f3018a4cd0188d2dc10c08d72e185d94f707e6e1.bps'],['f3018a4cd0188d2dc10c08d72e185d94f707e6e1.json'],
,,21 Apr 2019,19728,Jump½ Version 1.0,,,,,"JUMP Team, Lailatul Muqmiroh",,,,,Hard,,/?p=section&a=details&id=19728,,,['97cdbff6a673f47ab4ecb00e94a496a045cfe2fd.bps'],['97cdbff6a673f47ab4ecb00e94a496a045cfe2fd.json'],
,,21 Apr 2019,19738,World of Something.,,,,,Pancake001,,,,,Kaizo: Light,,/?p=section&a=details&id=19738,,,['475165fc0fefdd64c689915ae9e609438c7e65d7.bps'],['475165fc0fefdd64c689915ae9e609438c7e65d7.json'],
,,20 Apr 2019,19725,Soup Mar Worl Version 0.2,,,,,ModernKiwi,,,,,Normal,,/?p=section&a=details&id=19725,,,['fd5b73fea43c76d29d314f775ee91759436de720.bps'],['fd5b73fea43c76d29d314f775ee91759436de720.json'],
,,18 Apr 2019,19694,Le avventure bizzarre di Alfred,,,,,Alfio,,,,,Normal,,/?p=section&a=details&id=19694,,,['ffdccf8aa95095cbe167fa050ad00c36b86a43db.bps'],['ffdccf8aa95095cbe167fa050ad00c36b86a43db.json'],
,,18 Apr 2019,19704,Singular SMW Level,,,,,Positron,,,,,Normal,,/?p=section&a=details&id=19704,,,['a1061b30e75762bdd1bc54b49a2a0c0fce9b5079.bps'],['a1061b30e75762bdd1bc54b49a2a0c0fce9b5079.json'],
,,16 Apr 2019,19680,Super Duper World,,,,,N4m3_H3rE,,,,,Kaizo: Light,,/?p=section&a=details&id=19680,,,['7bcdcad867f5bc90179539ec31c0df6399b9c42c.bps'],['7bcdcad867f5bc90179539ec31c0df6399b9c42c.json'],
,,11 Apr 2019,19644,Mario is Kawaii,,,,,Pro_Quackington,,,,,Kaizo: Light,,/?p=section&a=details&id=19644,,,['ecc0d527d56b98e5e96371c2c9ba1f4b28560d62.bps'],['ecc0d527d56b98e5e96371c2c9ba1f4b28560d62.json'],
,,07 Apr 2019,19602,Super Excellent World,,,,,N4m3_H3rE,,,,,Kaizo: Light,,/?p=section&a=details&id=19602,,,['5a1d705ecd6a099cc65d326997291ded1e7012a3.bps'],['5a1d705ecd6a099cc65d326997291ded1e7012a3.json'],
,,03 Apr 2019,19556,Mario's Drug Trip 1 Level Demo,,,,,AbuseFreakHacker,,,,,Kaizo: Hard,,/?p=section&a=details&id=19556,,,['aa46a34bfbdb5ea9195336f1ddaa151152db9f43.bps'],['aa46a34bfbdb5ea9195336f1ddaa151152db9f43.json'],
,,03 Apr 2019,19557,Super Mario Wack,,,,,Deww,,,,,Kaizo: Light,,/?p=section&a=details&id=19557,,,['8396c9726236bd16d44faf346fe32fae8559bda5.bps'],['8396c9726236bd16d44faf346fe32fae8559bda5.json'],
,,01 Apr 2019,19544,Nightstep(Demo),,,,,crm0622,,,,,Kaizo: Light,,/?p=section&a=details&id=19544,,,['d127e919d42f317c9b6882490759d94cb67306b8.bps'],['d127e919d42f317c9b6882490759d94cb67306b8.json'],
,,29 Mar 2019,19494,Super Bepis World,,,,,PlasmaCore1219,,,,,Hard,,/?p=section&a=details&id=19494,,,['b7e3f43f36d70a698618a2ac5d0ec470a1873448.bps'],['b7e3f43f36d70a698618a2ac5d0ec470a1873448.json'],
,,29 Mar 2019,19495,The Mario's Greatest Adventure - English Edition,,,,,Brutapode89,,,,,Normal,,/?p=section&a=details&id=19495,,,['ad9f97d9d0d849073edddb7e191e16ae5c2540db.bps'],['ad9f97d9d0d849073edddb7e191e16ae5c2540db.json'],
,,25 Mar 2019,19446,Bad Mario World (Demo),,,,,OEOTeam,,,,,Normal,,/?p=section&a=details&id=19446,,,['c93c1099942020a905112944f2906e070fe19391.bps'],['c93c1099942020a905112944f2906e070fe19391.json'],
,,25 Mar 2019,19450,Aziz Für Venendit,,,,,OEOTeam,,,,,Normal,,/?p=section&a=details&id=19450,,,['0f79ef3412391876fdd17ae76bdbfba0571b42dd.bps'],['0f79ef3412391876fdd17ae76bdbfba0571b42dd.json'],
,,24 Mar 2019,19438,Mario Dies at the End,,,,,Sokobansolver,,,,,Hard,,/?p=section&a=details&id=19438,,,['ac5d4b8b56c6bae0d6eb49ea8a023e33914694ef.bps'],['ac5d4b8b56c6bae0d6eb49ea8a023e33914694ef.json'],
,,23 Mar 2019,19424,Nightstep,,,,,crm0622,,,,,Kaizo: Light,,/?p=section&a=details&id=19424,,,['acecc58cd8281fca3abeb104fe7e25fdb5c9571e.bps'],['acecc58cd8281fca3abeb104fe7e25fdb5c9571e.json'],
,,18 Mar 2019,19385,Single Troll Level,,,,,sashton043,,,,,Kaizo: Light,,/?p=section&a=details&id=19385,,,['0078bcb51105fe6bde14639d1322212cd6f2e27e.bps'],['0078bcb51105fe6bde14639d1322212cd6f2e27e.json'],
,,16 Mar 2019,19356,Mario Saves Spring Break,,,,,izaguirrefermin28,,,,,Normal,,/?p=section&a=details&id=19356,,,['8af1aa8c8f83ef7ee2ef61fd4141c0f195396584.bps'],['8af1aa8c8f83ef7ee2ef61fd4141c0f195396584.json'],
,,14 Mar 2019,19341,SMW Brutal Kaizo (ApokaizoLipse),,,,,"Efinil, rvx",,,,,Kaizo: Hard,,/?p=section&a=details&id=19341,,,['81e8198966d0f27679039dd83c23276df74d7d59.bps'],['81e8198966d0f27679039dd83c23276df74d7d59.json'],
,,11 Mar 2019,19321,EASY PATH,,,,,KeullerJhordan,,,,,Easy,,/?p=section&a=details&id=19321,,,['acaaa6e8a5d66cbf7f20545c6b0cb1cbaca8414e.bps'],['acaaa6e8a5d66cbf7f20545c6b0cb1cbaca8414e.json'],
,,11 Mar 2019,19322,Super Mario World: Vanilla Quest (DEMO),,,,,LiquidX,,,,,Normal,,/?p=section&a=details&id=19322,,,['8d3914ffe0cb3ac06648a386f2cf2618dfa003b9.bps'],['8d3914ffe0cb3ac06648a386f2cf2618dfa003b9.json'],
,,10 Mar 2019,19311,The Quest for Chocolate,,,,,Kr00mmi,,,,,Hard,,/?p=section&a=details&id=19311,,,['60fd999f695d15f116aec4c5c67b02c84ec78bd6.bps'],['60fd999f695d15f116aec4c5c67b02c84ec78bd6.json'],
,,10 Mar 2019,19312,Mario in Eggplant Land,,,,,OEOTeam,,,,,Normal,,/?p=section&a=details&id=19312,,,['947bd165852d89a379e6657c3491836cff69b5d4.bps'],['947bd165852d89a379e6657c3491836cff69b5d4.json'],
,,08 Mar 2019,19285,All In One,,,,,Rocumback1UP,,,,,Kaizo: Light,,/?p=section&a=details&id=19285,,,['fc323d90ca22612182bd66a205c168def26e070f.bps'],['fc323d90ca22612182bd66a205c168def26e070f.json'],
,,08 Mar 2019,19281,Super Mario World Just Keef Edition,,,,,Bensalot,,,,,Normal,,/?p=section&a=details&id=19281,,,"['b389579a8e32c1dbdfd538ba74011467cca4c7be.bps', 'a32f125fb88184c6a6d32864f812a50ecd379307.bps']","['b389579a8e32c1dbdfd538ba74011467cca4c7be.json', 'a32f125fb88184c6a6d32864f812a50ecd379307.json']",
,,08 Mar 2019,19282,PEPS Super World,,,,,JackoTheCartoon,,,,,Easy,,/?p=section&a=details&id=19282,,,['d68e7f3452beccebbaf5345e7610a6fddfb9efde.bps'],['d68e7f3452beccebbaf5345e7610a6fddfb9efde.json'],
,,08 Mar 2019,19294,Vanilla and Chocolate Hack Demo,,,,,enan2017,,,,,Normal,,/?p=section&a=details&id=19294,,,['a0cdbe561d6aae9324dc28a71b16c713dea9df32.bps'],['a0cdbe561d6aae9324dc28a71b16c713dea9df32.json'],
,,08 Mar 2019,19302,Super Mario sports and video game clones,,,,,akumie,,,,,Hard,,/?p=section&a=details&id=19302,,,['8ca5a881fd620d17dee4e6e39dcb1a0202b1608b.bps'],['8ca5a881fd620d17dee4e6e39dcb1a0202b1608b.json'],
,,07 Mar 2019,19275,Super Mario World - CrashFC Edition,,,,,CrashFC10,,,,,Hard,,/?p=section&a=details&id=19275,,,['88621baf1cd388bb2854fba429b85901de12624c.bps'],['88621baf1cd388bb2854fba429b85901de12624c.json'],
,,06 Mar 2019,19266,Mario - The Crowded World,,,,,OEOTeam,,,,,Hard,,/?p=section&a=details&id=19266,,,['54642bd253f55b69bf7774ab83ce9ef4d51b4928.bps'],['54642bd253f55b69bf7774ab83ce9ef4d51b4928.json'],
,,06 Mar 2019,19272,Mario and Luigi's New Universe,,,,,SMWFan2019,,,,,Normal,,/?p=section&a=details&id=19272,,,['73a25c3ddf1382573d4c987d6078d73584607ae6.bps'],['73a25c3ddf1382573d4c987d6078d73584607ae6.json'],
,,05 Mar 2019,19262,Araiguma Mario World,,,,,Araiguma Kiruno,,,,,Normal,,/?p=section&a=details&id=19262,,,['976856c73d35248cf84dd06ff31037fcceb5ef2e.bps'],['976856c73d35248cf84dd06ff31037fcceb5ef2e.json'],
,,03 Mar 2019,19254,Mario and Cookie Levels,,,,,OEOTeam,,,,,Normal,,/?p=section&a=details&id=19254,,,['eb346d7d855dc4cfb7ba335211133cb5dbcacf4c.bps'],['eb346d7d855dc4cfb7ba335211133cb5dbcacf4c.json'],
,,02 Mar 2019,19245,The Cake Island,,,,,OEOTeam,,,,,Hard,,/?p=section&a=details&id=19245,,,['a269cfc4672ca94845653c9a8c785884c18456fc.bps'],['a269cfc4672ca94845653c9a8c785884c18456fc.json'],
,,02 Mar 2019,19248,Escape from the sewer,,,,,OEOTeam,,,,,Hard,,/?p=section&a=details&id=19248,,,['2ddae9adc480f2f63a77ac0bcd3208acf483f52c.bps'],['2ddae9adc480f2f63a77ac0bcd3208acf483f52c.json'],
,,28 Feb 2019,19227,koledus,,,,,OEOTeam,,,,,Hard,,/?p=section&a=details&id=19227,,,['81a2063886509aa6ef9deaa91f6ff6742514b39c.bps'],['81a2063886509aa6ef9deaa91f6ff6742514b39c.json'],
,,28 Feb 2019,19234,super shell showdown! demo 1,,,,,Lizard_84,,,,,Normal,,/?p=section&a=details&id=19234,,,['e60c85e87a99b2993940d3f53ad66cb3f98fa07a.bps'],['e60c85e87a99b2993940d3f53ad66cb3f98fa07a.json'],
,,28 Feb 2019,19236,Mario and Athletic Legs,,,,,OEOTeam,,,,,Hard,,/?p=section&a=details&id=19236,,,['b54dce0fcf04ad491969c14d414c1014f6ded57a.bps'],['b54dce0fcf04ad491969c14d414c1014f6ded57a.json'],
,,27 Feb 2019,19223,Mario World Remake,,,,,Wolf1,,,,,Normal,,/?p=section&a=details&id=19223,,,['ce0457f45eb8db4d13821d7c40c0a0df7bba7f2d.bps'],['ce0457f45eb8db4d13821d7c40c0a0df7bba7f2d.json'],
,,25 Feb 2019,19193,Mario - Unknown Gate,,,,,OEOTeam,,,,,Hard,,/?p=section&a=details&id=19193,,,['12497e8175010b9061cc9f8274f06eb8b62b56c9.bps'],['12497e8175010b9061cc9f8274f06eb8b62b56c9.json'],
,,25 Feb 2019,19196,A Short Vanilla Hack,,,,,enan2017,,,,,Normal,,/?p=section&a=details&id=19196,,,['7bfa8d313ce298d8fb7e684a2de7e51b6cb599a7.bps'],['7bfa8d313ce298d8fb7e684a2de7e51b6cb599a7.json'],
,,25 Feb 2019,19198,Kaizo Forest,,,,,BrickSMW,,,,,Kaizo: Light,,/?p=section&a=details&id=19198,,,['72d54f3ac6e2e9ab28193e754f7bf7b6de6afe91.bps'],['72d54f3ac6e2e9ab28193e754f7bf7b6de6afe91.json'],
,,22 Feb 2019,19173,SUPER MARIO,,,,,"The Factory, TheEvilKingBowser",,,,,Easy,,/?p=section&a=details&id=19173,,,['af302ce33ff0abb32473a7376a5418c471a0b2a8.bps'],['af302ce33ff0abb32473a7376a5418c471a0b2a8.json'],
,,19 Feb 2019,19161,Bowser ruins marios Vacation,,,,,enan2017,,,,,Normal,,/?p=section&a=details&id=19161,,,['d9205d1c2ed5cbdec23ab2e2865a114825796308.bps'],['d9205d1c2ed5cbdec23ab2e2865a114825796308.json'],
,,19 Feb 2019,19160,Super Mario World +,,,,,The Hacking Yoshi,,,,,Normal,,/?p=section&a=details&id=19160,,,['20b9698d44f15a5163129b7c85128b102cda620d.bps'],['20b9698d44f15a5163129b7c85128b102cda620d.json'],
,,17 Feb 2019,19151,Inside of Bob Ross,,,,,MilkyMooer,,,,,Hard,,/?p=section&a=details&id=19151,,,['b02a59ad0a641a19e20e9a99d804303b1caaa806.bps'],['b02a59ad0a641a19e20e9a99d804303b1caaa806.json'],
,,17 Feb 2019,19153,Super DomenyX World,,,,,LucasMegaStriker,,,,,Normal,,/?p=section&a=details&id=19153,,,['33213df690cf6e2eb0c988dc8818af769de772ad.bps'],['33213df690cf6e2eb0c988dc8818af769de772ad.json'],
,,16 Feb 2019,19138,Fluffy's first rom demo v1,,,,,FluffyGamer,,,,,Easy,,/?p=section&a=details&id=19138,,,['86b670dee445eaeed4dc1f5ee4f05c9e43ce1e77.bps'],['86b670dee445eaeed4dc1f5ee4f05c9e43ce1e77.json'],
,,16 Feb 2019,19140,Fluffy's first rom demo v3,,,,,FluffyGamer,,,,,Easy,,/?p=section&a=details&id=19140,,,['68e1fa8db5443a59fb07536ea9b23123dc385b4c.bps'],['68e1fa8db5443a59fb07536ea9b23123dc385b4c.json'],
,,14 Feb 2019,19127,Language learning Swedish,,,,,akumie,,,,,Hard,,/?p=section&a=details&id=19127,,,['0a18dded9d39a7020c69ad8cbde4e73e81731f41.bps'],['0a18dded9d39a7020c69ad8cbde4e73e81731f41.json'],
,,12 Feb 2019,19112,Super Releasio World,,,,,Dark Prince,,,,,Hard,,/?p=section&a=details&id=19112,,,['43dff9cbf8556268fd96a7737549c2880ec42d44.bps'],['43dff9cbf8556268fd96a7737549c2880ec42d44.json'],
,,11 Feb 2019,19106,Super Mario World The Lost Levels,,,,,Joey Studio,,,,,Normal,,/?p=section&a=details&id=19106,,,['116f1ab1c23ea8bf5620342d34eaf64d97f48258.bps'],['116f1ab1c23ea8bf5620342d34eaf64d97f48258.json'],
,,10 Feb 2019,19100,Shell Shell World,,,,,megoleto,,,,,Kaizo: Light,,/?p=section&a=details&id=19100,,,['535286998b8b5010fc0635df97ac23021103da80.bps'],['535286998b8b5010fc0635df97ac23021103da80.json'],
,,10 Feb 2019,19104,A New Year 2019 DEMO,,,,,izaguirrefermin28,,,,,Normal,,/?p=section&a=details&id=19104,,,['2b99c6e808c4d4e0d528a91ff221fe0676c87267.bps'],['2b99c6e808c4d4e0d528a91ff221fe0676c87267.json'],
,,07 Feb 2019,19083,TUG,,,,,KeullerJhordan,,,,,Hard,,/?p=section&a=details&id=19083,,,['ac66ec42e7ae6f663dd33f655c24a6dd2dd9221e.bps'],['ac66ec42e7ae6f663dd33f655c24a6dd2dd9221e.json'],
,,05 Feb 2019,19076,The Cyano World Aventure,,,,,Cyano,,,,,Kaizo: Hard,,/?p=section&a=details&id=19076,,,['c9ac31d058135d09f122bd305cf4e62ffe643b28.bps'],['c9ac31d058135d09f122bd305cf4e62ffe643b28.json'],
,,04 Feb 2019,19070,mario's shitworld,,,,,exit1337,,,,,Hard,,/?p=section&a=details&id=19070,,,['29a39ae4040d7029ead11eeed8aeb2296eaf6876.bps'],['29a39ae4040d7029ead11eeed8aeb2296eaf6876.json'],
,,30 Jan 2019,19035,Sweet Mama's World,,,,,VLSkoot,,,,,Kaizo: Light,,/?p=section&a=details&id=19035,,,['c11450970679b7bdb4f72a6564e504e21d0005de.bps'],['c11450970679b7bdb4f72a6564e504e21d0005de.json'],
,,30 Jan 2019,19038,Best mari hak everth!,,,,,Redstoneminer23,,,,,Normal,,/?p=section&a=details&id=19038,,,['79d2b5a2ea5629c73d2fe85fa5b9af0d878379e0.bps'],['79d2b5a2ea5629c73d2fe85fa5b9af0d878379e0.json'],
,,27 Jan 2019,19024,Super Rossi World,,,,,Domokun007,,,,,Kaizo: Light,,/?p=section&a=details&id=19024,,,['1f7b24119b80257a8781950930abd02ce7a50100.bps'],['1f7b24119b80257a8781950930abd02ce7a50100.json'],
,,23 Jan 2019,19006,Farmer Joe's Milk Delivery!,,,,,MilkyMooer,,,,,Normal,,/?p=section&a=details&id=19006,,,['4ce77efc309f33f74b2844cf203e37da9f61ace0.bps'],['4ce77efc309f33f74b2844cf203e37da9f61ace0.json'],
,,22 Jan 2019,19001,Kaizo Youko World,,,,,Youko Onji,,,,,Kaizo: Light,,/?p=section&a=details&id=19001,,,['d762dc20cd95724a146c37e77f5e1cc392e66fce.bps'],['d762dc20cd95724a146c37e77f5e1cc392e66fce.json'],
,,21 Jan 2019,18997,SMW SMB1 Style Hack (Final Version),,,,,HoonBee,,,,,Normal,,/?p=section&a=details&id=18997,,,['a9012577dca89e8540677ae530f80521386dfee0.bps'],['a9012577dca89e8540677ae530f80521386dfee0.json'],
,,20 Jan 2019,18991,Gateway to madness: The mansion labyrinth,,,,,Jonathan82GR,,,,,Hard,,/?p=section&a=details&id=18991,,,['6ff39626dd5fd89e2bf7225f80b17c0869ec25fe.bps'],['6ff39626dd5fd89e2bf7225f80b17c0869ec25fe.json'],
,,19 Jan 2019,18979,Super Mario World: WW2 Edition,,,,,5003erX,,,,,Kaizo: Light,,/?p=section&a=details&id=18979,,,"['443ea1eb0ad74912887b860ea6fe0b4c7e0b36a6.bps', '6e8aff09f450ef95a2c760254d18bc98b59648b6.bps', 'ba2a8b283cafe695dfe75c6480a5490b2aad336b.bps']","['443ea1eb0ad74912887b860ea6fe0b4c7e0b36a6.json', '6e8aff09f450ef95a2c760254d18bc98b59648b6.json', 'ba2a8b283cafe695dfe75c6480a5490b2aad336b.json']",
,,17 Jan 2019,18971,Mario's Moonwalk,,,,,GamecraftOriginal,,,,,Normal,,/?p=section&a=details&id=18971,,,"['5dba4835eb877efe37e09c6ac5a3478545812404.bps', '88507f6e715a26c4bf058029d5aecc6456bb0d30.bps']","['5dba4835eb877efe37e09c6ac5a3478545812404.json', '88507f6e715a26c4bf058029d5aecc6456bb0d30.json']",
,,16 Jan 2019,18960,Mario's on a New Adventure!,,,,,LethalBrownies,,,,,Hard,,/?p=section&a=details&id=18960,,,['20a31eaf2eb97bac147b92166dd8f45f57b08790.bps'],['20a31eaf2eb97bac147b92166dd8f45f57b08790.json'],
,,16 Jan 2019,18961,Super Mario World 3 - Mario saves the Yoshis - Beta 1.0,,,,,GamecraftOriginal,,,,,Normal,,/?p=section&a=details&id=18961,,,['65358b2c5ffd668bbc37dd53e360d3ddbc5011c9.bps'],['65358b2c5ffd668bbc37dd53e360d3ddbc5011c9.json'],
,,13 Jan 2019,18884,New Schlitterbahn Mario World - The 6 Stars,,,,,izaguirrefermin28,,,,,Hard,,/?p=section&a=details&id=18884,,,['bfe3ac5b5c39971770597d40dc01e263df7b7b09.bps'],['bfe3ac5b5c39971770597d40dc01e263df7b7b09.json'],
,,13 Jan 2019,18914,MariosauveYoshi,,,,,reggen57,,,,,Normal,,/?p=section&a=details&id=18914,,,['fa3c52d8acc08290ba11af5f989960f64f610c87.bps'],['fa3c52d8acc08290ba11af5f989960f64f610c87.json'],
