moderated,time,date,gameid,name,demo,sa1,collab,author,authors,submitter,combinedtype,length,fields_type,difficulty,warnings,url,section,tags,bps_files,json_files,
,,13 Jan 2019,18801,SMW The Princess Rescue 2 - Luigi's Journey!,,,,,bandicoot,,,,,Normal,,/?p=section&a=details&id=18801,,,"['2b5ebb83206b163d0e20b8fe51f8b9e81b980996.bps', '0507eccd017ec6fcb6a061a49873e8187bb2abdd.bps']","['2b5ebb83206b163d0e20b8fe51f8b9e81b980996.json', '0507eccd017ec6fcb6a061a49873e8187bb2abdd.json']",
,,13 Jan 2019,18832,Kaizo Youko World,,,,,Youko Onji,,,,,Kaizo: Light,,/?p=section&a=details&id=18832,,,"['8cd23d3cf6790747e21b85aa3202e6bebe8bb1ea.bps', 'bdb3c360649f1a0928eb6d4fde9d8003e6749b4f.bps']","['8cd23d3cf6790747e21b85aa3202e6bebe8bb1ea.json', 'bdb3c360649f1a0928eb6d4fde9d8003e6749b4f.json']",
,,13 Jan 2019,18884,New Schlitterbahn Mario World - The 6 Stars,,,,,izaguirrefermin28,,,,,Hard,,/?p=section&a=details&id=18884,,,['bfe3ac5b5c39971770597d40dc01e263df7b7b09.bps'],['bfe3ac5b5c39971770597d40dc01e263df7b7b09.json'],
,,13 Jan 2019,18914,MariosauveYoshi,,,,,reggen57,,,,,Normal,,/?p=section&a=details&id=18914,,,['fa3c52d8acc08290ba11af5f989960f64f610c87.bps'],['fa3c52d8acc08290ba11af5f989960f64f610c87.json'],
,,13 Jan 2019,18943,Super Alicorn Sisters: Return of the Tantabus DEMO 0.05.1 (A My Little Pony hack),,,,,DPBOX,,,,,Easy,,/?p=section&a=details&id=18943,,,['dfb5f341491c7a463a1c10af4668870bfac09ce1.bps'],['dfb5f341491c7a463a1c10af4668870bfac09ce1.json'],
,,16 Jan 2019,18960,Mario's on a New Adventure!,,,,,LethalBrownies,,,,,Hard,,/?p=section&a=details&id=18960,,,['20a31eaf2eb97bac147b92166dd8f45f57b08790.bps'],['20a31eaf2eb97bac147b92166dd8f45f57b08790.json'],
,,16 Jan 2019,18961,Super Mario World 3 - Mario saves the Yoshis - Beta 1.0,,,,,GamecraftOriginal,,,,,Normal,,/?p=section&a=details&id=18961,,,['65358b2c5ffd668bbc37dd53e360d3ddbc5011c9.bps'],['65358b2c5ffd668bbc37dd53e360d3ddbc5011c9.json'],
,,17 Jan 2019,18967,Mario Kick World,,,,,Yagami,,,,,Kaizo: Light,,/?p=section&a=details&id=18967,,,['45bed5647a49b8be13fa48ae379414a145ebd18e.bps'],['45bed5647a49b8be13fa48ae379414a145ebd18e.json'],
,,17 Jan 2019,18971,Mario's Moonwalk,,,,,GamecraftOriginal,,,,,Normal,,/?p=section&a=details&id=18971,,,"['5dba4835eb877efe37e09c6ac5a3478545812404.bps', '88507f6e715a26c4bf058029d5aecc6456bb0d30.bps']","['5dba4835eb877efe37e09c6ac5a3478545812404.json', '88507f6e715a26c4bf058029d5aecc6456bb0d30.json']",
,,19 Jan 2019,18979,Super Mario World: WW2 Edition,,,,,5003erX,,,,,Kaizo: Light,,/?p=section&a=details&id=18979,,,"['443ea1eb0ad74912887b860ea6fe0b4c7e0b36a6.bps', '6e8aff09f450ef95a2c760254d18bc98b59648b6.bps', 'ba2a8b283cafe695dfe75c6480a5490b2aad336b.bps']","['443ea1eb0ad74912887b860ea6fe0b4c7e0b36a6.json', '6e8aff09f450ef95a2c760254d18bc98b59648b6.json', 'ba2a8b283cafe695dfe75c6480a5490b2aad336b.json']",
,,20 Jan 2019,18984,Terminus,,,,,Kr00mmi,,,,,Kaizo: Light,,/?p=section&a=details&id=18984,,,['906ec6ea979298ba92884ab4963c38aa4699844b.bps'],['906ec6ea979298ba92884ab4963c38aa4699844b.json'],
,,20 Jan 2019,18991,Gateway to madness: The mansion labyrinth,,,,,Jonathan82GR,,,,,Hard,,/?p=section&a=details&id=18991,,,['6ff39626dd5fd89e2bf7225f80b17c0869ec25fe.bps'],['6ff39626dd5fd89e2bf7225f80b17c0869ec25fe.json'],
,,20 Jan 2019,18992,Krack The Hack,,,,,"Daizo Dee Von, Mellonpizza",,,,,Very Hard,,/?p=section&a=details&id=18992,,,['47c3ef82dbefd384420c1ff76851a789161d69e9.bps'],['47c3ef82dbefd384420c1ff76851a789161d69e9.json'],
,,21 Jan 2019,18997,SMW SMB1 Style Hack (Final Version),,,,,HoonBee,,,,,Normal,,/?p=section&a=details&id=18997,,,['a9012577dca89e8540677ae530f80521386dfee0.bps'],['a9012577dca89e8540677ae530f80521386dfee0.json'],
,,21 Jan 2019,18998,SMW SMB1 Style Hack (Final Version),,,,,HoonBee,,,,,Normal,,/?p=section&a=details&id=18998,,,['3656643394f9c2576a5def004a57b3d7c7b000e9.bps'],['3656643394f9c2576a5def004a57b3d7c7b000e9.json'],
,,22 Jan 2019,19001,Kaizo Youko World,,,,,Youko Onji,,,,,Kaizo: Light,,/?p=section&a=details&id=19001,,,['d762dc20cd95724a146c37e77f5e1cc392e66fce.bps'],['d762dc20cd95724a146c37e77f5e1cc392e66fce.json'],
,,23 Jan 2019,19006,Farmer Joe's Milk Delivery!,,,,,MilkyMooer,,,,,Normal,,/?p=section&a=details&id=19006,,,['4ce77efc309f33f74b2844cf203e37da9f61ace0.bps'],['4ce77efc309f33f74b2844cf203e37da9f61ace0.json'],
,,24 Jan 2019,19010,Super Peggy World,,,,,smasken,,,,,Kaizo: Light,,/?p=section&a=details&id=19010,,,['a2eddadc65c40a71e0544d8df4e0675778f94835.bps'],['a2eddadc65c40a71e0544d8df4e0675778f94835.json'],
,,27 Jan 2019,19024,Super Rossi World,,,,,Domokun007,,,,,Kaizo: Light,,/?p=section&a=details&id=19024,,,['1f7b24119b80257a8781950930abd02ce7a50100.bps'],['1f7b24119b80257a8781950930abd02ce7a50100.json'],
,,30 Jan 2019,19035,Sweet Mama's World,,,,,VLSkoot,,,,,Kaizo: Light,,/?p=section&a=details&id=19035,,,['c11450970679b7bdb4f72a6564e504e21d0005de.bps'],['c11450970679b7bdb4f72a6564e504e21d0005de.json'],
,,30 Jan 2019,19036,Terminus,,,,,Kr00mmi,,,,,Kaizo: Light,,/?p=section&a=details&id=19036,,,['1ca7a63baaea2e1172188be9d7f091d8b93479f5.bps'],['1ca7a63baaea2e1172188be9d7f091d8b93479f5.json'],
,,30 Jan 2019,19038,Best mari hak everth!,,,,,Redstoneminer23,,,,,Normal,,/?p=section&a=details&id=19038,,,['79d2b5a2ea5629c73d2fe85fa5b9af0d878379e0.bps'],['79d2b5a2ea5629c73d2fe85fa5b9af0d878379e0.json'],
,,04 Feb 2019,19067,Super Mario Another Retro - Demo,,,,,Infinity,,,,,Normal,,/?p=section&a=details&id=19067,,,['c17461d7f831e5c046ee53a419a506e0087c4605.bps'],['c17461d7f831e5c046ee53a419a506e0087c4605.json'],
,,04 Feb 2019,19070,mario's shitworld,,,,,exit1337,,,,,Hard,,/?p=section&a=details&id=19070,,,['29a39ae4040d7029ead11eeed8aeb2296eaf6876.bps'],['29a39ae4040d7029ead11eeed8aeb2296eaf6876.json'],
,,05 Feb 2019,19076,The Cyano World Aventure,,,,,Cyano,,,,,Kaizo: Hard,,/?p=section&a=details&id=19076,,,['c9ac31d058135d09f122bd305cf4e62ffe643b28.bps'],['c9ac31d058135d09f122bd305cf4e62ffe643b28.json'],
,,07 Feb 2019,19083,TUG,,,,,KeullerJhordan,,,,,Hard,,/?p=section&a=details&id=19083,,,['ac66ec42e7ae6f663dd33f655c24a6dd2dd9221e.bps'],['ac66ec42e7ae6f663dd33f655c24a6dd2dd9221e.json'],
,,07 Feb 2019,19084,Grand Poo World 2,,,,,Barbarian,,,,,Kaizo: Light,,/?p=section&a=details&id=19084,,,['390583d5faa0cc02e0c4f414f7638228661b2dc9.bps'],['390583d5faa0cc02e0c4f414f7638228661b2dc9.json'],
,,10 Feb 2019,19100,Shell Shell World,,,,,megoleto,,,,,Kaizo: Light,,/?p=section&a=details&id=19100,,,['535286998b8b5010fc0635df97ac23021103da80.bps'],['535286998b8b5010fc0635df97ac23021103da80.json'],
,,10 Feb 2019,19104,A New Year 2019 DEMO,,,,,izaguirrefermin28,,,,,Normal,,/?p=section&a=details&id=19104,,,['2b99c6e808c4d4e0d528a91ff221fe0676c87267.bps'],['2b99c6e808c4d4e0d528a91ff221fe0676c87267.json'],
,,11 Feb 2019,19106,Super Mario World The Lost Levels,,,,,Joey Studio,,,,,Normal,,/?p=section&a=details&id=19106,,,['116f1ab1c23ea8bf5620342d34eaf64d97f48258.bps'],['116f1ab1c23ea8bf5620342d34eaf64d97f48258.json'],
,,12 Feb 2019,19112,Super Releasio World,,,,,Dark Prince,,,,,Hard,,/?p=section&a=details&id=19112,,,['43dff9cbf8556268fd96a7737549c2880ec42d44.bps'],['43dff9cbf8556268fd96a7737549c2880ec42d44.json'],
,,13 Feb 2019,19119,New Super Kaizo Bros,,,,,Yagami,,,,,Kaizo: Light,,/?p=section&a=details&id=19119,,,['60490e249219619ade8d3042264181afedc3595c.bps'],['60490e249219619ade8d3042264181afedc3595c.json'],
,,14 Feb 2019,19127,Language learning Swedish,,,,,akumie,,,,,Hard,,/?p=section&a=details&id=19127,,,['0a18dded9d39a7020c69ad8cbde4e73e81731f41.bps'],['0a18dded9d39a7020c69ad8cbde4e73e81731f41.json'],
,,16 Feb 2019,19138,Fluffy's first rom demo v1,,,,,FluffyGamer,,,,,Easy,,/?p=section&a=details&id=19138,,,['86b670dee445eaeed4dc1f5ee4f05c9e43ce1e77.bps'],['86b670dee445eaeed4dc1f5ee4f05c9e43ce1e77.json'],
,,16 Feb 2019,19140,Fluffy's first rom demo v3,,,,,FluffyGamer,,,,,Easy,,/?p=section&a=details&id=19140,,,['68e1fa8db5443a59fb07536ea9b23123dc385b4c.bps'],['68e1fa8db5443a59fb07536ea9b23123dc385b4c.json'],
,,17 Feb 2019,19151,Inside of Bob Ross,,,,,MilkyMooer,,,,,Hard,,/?p=section&a=details&id=19151,,,['b02a59ad0a641a19e20e9a99d804303b1caaa806.bps'],['b02a59ad0a641a19e20e9a99d804303b1caaa806.json'],
,,17 Feb 2019,19152,Inside of Bob Ross,,,,,MilkyMooer,,,,,Hard,,/?p=section&a=details&id=19152,,,['6e025b11d7c0662f0083db0c1a4e60e43ca72db4.bps'],['6e025b11d7c0662f0083db0c1a4e60e43ca72db4.json'],
,,17 Feb 2019,19153,Super DomenyX World,,,,,LucasMegaStriker,,,,,Normal,,/?p=section&a=details&id=19153,,,['33213df690cf6e2eb0c988dc8818af769de772ad.bps'],['33213df690cf6e2eb0c988dc8818af769de772ad.json'],
,,19 Feb 2019,19160,Super Mario World +,,,,,The Hacking Yoshi,,,,,Normal,,/?p=section&a=details&id=19160,,,['20b9698d44f15a5163129b7c85128b102cda620d.bps'],['20b9698d44f15a5163129b7c85128b102cda620d.json'],
,,19 Feb 2019,19161,Bowser ruins marios Vacation,,,,,enan2017,,,,,Normal,,/?p=section&a=details&id=19161,,,['d9205d1c2ed5cbdec23ab2e2865a114825796308.bps'],['d9205d1c2ed5cbdec23ab2e2865a114825796308.json'],
,,19 Feb 2019,19163,Bowser ruins marios Vacation,,,,,enan2017,,,,,Normal,,/?p=section&a=details&id=19163,,,['5fe9a9ec4eb0dcb4910588ff7666975dd0697970.bps'],['5fe9a9ec4eb0dcb4910588ff7666975dd0697970.json'],
,,20 Feb 2019,19168,Super Ryu World 2,,,,,Aguni_,,,,,Kaizo: Light,,/?p=section&a=details&id=19168,,,['534fe2559ec84a00407b65edd64a667c2f801b0d.bps'],['534fe2559ec84a00407b65edd64a667c2f801b0d.json'],
,,22 Feb 2019,19173,SUPER MARIO,,,,,"The Factory, TheEvilKingBowser",,,,,Easy,,/?p=section&a=details&id=19173,,,['af302ce33ff0abb32473a7376a5418c471a0b2a8.bps'],['af302ce33ff0abb32473a7376a5418c471a0b2a8.json'],
,,23 Feb 2019,19179,Mario - The Crowded World,,,,,OEOTeam,,,,,Hard,,/?p=section&a=details&id=19179,,,['ba9a7e96fdb47383eec9301997c926077cc38740.bps'],['ba9a7e96fdb47383eec9301997c926077cc38740.json'],
,,25 Feb 2019,19193,Mario - Unknown Gate,,,,,OEOTeam,,,,,Hard,,/?p=section&a=details&id=19193,,,['12497e8175010b9061cc9f8274f06eb8b62b56c9.bps'],['12497e8175010b9061cc9f8274f06eb8b62b56c9.json'],
,,25 Feb 2019,19196,A Short Vanilla Hack,,,,,enan2017,,,,,Normal,,/?p=section&a=details&id=19196,,,['7bfa8d313ce298d8fb7e684a2de7e51b6cb599a7.bps'],['7bfa8d313ce298d8fb7e684a2de7e51b6cb599a7.json'],
,,25 Feb 2019,19198,Kaizo Forest,,,,,BrickSMW,,,,,Kaizo: Light,,/?p=section&a=details&id=19198,,,['72d54f3ac6e2e9ab28193e754f7bf7b6de6afe91.bps'],['72d54f3ac6e2e9ab28193e754f7bf7b6de6afe91.json'],
,,27 Feb 2019,19223,Mario World Remake,,,,,Wolf1,,,,,Normal,,/?p=section&a=details&id=19223,,,['ce0457f45eb8db4d13821d7c40c0a0df7bba7f2d.bps'],['ce0457f45eb8db4d13821d7c40c0a0df7bba7f2d.json'],
,,28 Feb 2019,19227,koledus,,,,,OEOTeam,,,,,Hard,,/?p=section&a=details&id=19227,,,['81a2063886509aa6ef9deaa91f6ff6742514b39c.bps'],['81a2063886509aa6ef9deaa91f6ff6742514b39c.json'],
,,28 Feb 2019,19234,super shell showdown! demo 1,,,,,Lizard_84,,,,,Normal,,/?p=section&a=details&id=19234,,,['e60c85e87a99b2993940d3f53ad66cb3f98fa07a.bps'],['e60c85e87a99b2993940d3f53ad66cb3f98fa07a.json'],
,,28 Feb 2019,19236,Mario and Athletic Legs,,,,,OEOTeam,,,,,Hard,,/?p=section&a=details&id=19236,,,['b54dce0fcf04ad491969c14d414c1014f6ded57a.bps'],['b54dce0fcf04ad491969c14d414c1014f6ded57a.json'],
,,02 Mar 2019,19245,The Cake Island,,,,,OEOTeam,,,,,Hard,,/?p=section&a=details&id=19245,,,['a269cfc4672ca94845653c9a8c785884c18456fc.bps'],['a269cfc4672ca94845653c9a8c785884c18456fc.json'],
,,02 Mar 2019,19248,Escape from the sewer,,,,,OEOTeam,,,,,Hard,,/?p=section&a=details&id=19248,,,['2ddae9adc480f2f63a77ac0bcd3208acf483f52c.bps'],['2ddae9adc480f2f63a77ac0bcd3208acf483f52c.json'],
,,03 Mar 2019,19254,Mario and Cookie Levels,,,,,OEOTeam,,,,,Normal,,/?p=section&a=details&id=19254,,,['eb346d7d855dc4cfb7ba335211133cb5dbcacf4c.bps'],['eb346d7d855dc4cfb7ba335211133cb5dbcacf4c.json'],
,,05 Mar 2019,19262,Araiguma Mario World,,,,,Araiguma Kiruno,,,,,Normal,,/?p=section&a=details&id=19262,,,['976856c73d35248cf84dd06ff31037fcceb5ef2e.bps'],['976856c73d35248cf84dd06ff31037fcceb5ef2e.json'],
,,06 Mar 2019,19266,Mario - The Crowded World,,,,,OEOTeam,,,,,Hard,,/?p=section&a=details&id=19266,,,['54642bd253f55b69bf7774ab83ce9ef4d51b4928.bps'],['54642bd253f55b69bf7774ab83ce9ef4d51b4928.json'],
,,06 Mar 2019,19269,Super Fart World,,,,,NaroGugul,,,,,Kaizo: Light,,/?p=section&a=details&id=19269,,,['7fa12a11a296b063d822ec353b134b335728075c.bps'],['7fa12a11a296b063d822ec353b134b335728075c.json'],
,,06 Mar 2019,19272,Mario and Luigi's New Universe,,,,,SMWFan2019,,,,,Normal,,/?p=section&a=details&id=19272,,,['73a25c3ddf1382573d4c987d6078d73584607ae6.bps'],['73a25c3ddf1382573d4c987d6078d73584607ae6.json'],
,,07 Mar 2019,19275,Super Mario World - CrashFC Edition,,,,,CrashFC10,,,,,Hard,,/?p=section&a=details&id=19275,,,['88621baf1cd388bb2854fba429b85901de12624c.bps'],['88621baf1cd388bb2854fba429b85901de12624c.json'],
,,08 Mar 2019,19281,Super Mario World Just Keef Edition,,,,,Bensalot,,,,,Normal,,/?p=section&a=details&id=19281,,,"['b389579a8e32c1dbdfd538ba74011467cca4c7be.bps', 'a32f125fb88184c6a6d32864f812a50ecd379307.bps']","['b389579a8e32c1dbdfd538ba74011467cca4c7be.json', 'a32f125fb88184c6a6d32864f812a50ecd379307.json']",
,,08 Mar 2019,19282,PEPS Super World,,,,,JackoTheCartoon,,,,,Easy,,/?p=section&a=details&id=19282,,,['d68e7f3452beccebbaf5345e7610a6fddfb9efde.bps'],['d68e7f3452beccebbaf5345e7610a6fddfb9efde.json'],
,,08 Mar 2019,19285,All In One,,,,,Rocumback1UP,,,,,Kaizo: Light,,/?p=section&a=details&id=19285,,,['fc323d90ca22612182bd66a205c168def26e070f.bps'],['fc323d90ca22612182bd66a205c168def26e070f.json'],
,,08 Mar 2019,19294,Vanilla and Chocolate Hack Demo,,,,,enan2017,,,,,Normal,,/?p=section&a=details&id=19294,,,['a0cdbe561d6aae9324dc28a71b16c713dea9df32.bps'],['a0cdbe561d6aae9324dc28a71b16c713dea9df32.json'],
,,08 Mar 2019,19296,All In One,,,,,Rocumback1UP,,,,,Kaizo: Light,,/?p=section&a=details&id=19296,,,['1fda6e2daabf6acceba9f028134578499f6e4618.bps'],['1fda6e2daabf6acceba9f028134578499f6e4618.json'],
,,08 Mar 2019,19302,Super Mario sports and video game clones,,,,,akumie,,,,,Hard,,/?p=section&a=details&id=19302,,,['8ca5a881fd620d17dee4e6e39dcb1a0202b1608b.bps'],['8ca5a881fd620d17dee4e6e39dcb1a0202b1608b.json'],
,,10 Mar 2019,19311,The Quest for Chocolate,,,,,Kr00mmi,,,,,Hard,,/?p=section&a=details&id=19311,,,['60fd999f695d15f116aec4c5c67b02c84ec78bd6.bps'],['60fd999f695d15f116aec4c5c67b02c84ec78bd6.json'],
,,10 Mar 2019,19312,Mario in Eggplant Land,,,,,OEOTeam,,,,,Normal,,/?p=section&a=details&id=19312,,,['947bd165852d89a379e6657c3491836cff69b5d4.bps'],['947bd165852d89a379e6657c3491836cff69b5d4.json'],
,,10 Mar 2019,19313,Super Mario Infinity: Mystery of the Magic Wand,,,,,Reading,,,,,Hard,,/?p=section&a=details&id=19313,,,['709e682e00fb9fb112b96d8590d0719e955ca7e4.bps'],['709e682e00fb9fb112b96d8590d0719e955ca7e4.json'],
,,11 Mar 2019,19321,EASY PATH,,,,,KeullerJhordan,,,,,Easy,,/?p=section&a=details&id=19321,,,['acaaa6e8a5d66cbf7f20545c6b0cb1cbaca8414e.bps'],['acaaa6e8a5d66cbf7f20545c6b0cb1cbaca8414e.json'],
,,11 Mar 2019,19322,Super Mario World: Vanilla Quest (DEMO),,,,,LiquidX,,,,,Normal,,/?p=section&a=details&id=19322,,,['8d3914ffe0cb3ac06648a386f2cf2618dfa003b9.bps'],['8d3914ffe0cb3ac06648a386f2cf2618dfa003b9.json'],
,,14 Mar 2019,19341,SMW Brutal Kaizo (ApokaizoLipse),,,,,"Efinil, rvx",,,,,Kaizo: Hard,,/?p=section&a=details&id=19341,,,['81e8198966d0f27679039dd83c23276df74d7d59.bps'],['81e8198966d0f27679039dd83c23276df74d7d59.json'],
,,15 Mar 2019,19352,Storks and Apes and Crocodiles,,,,,Morsel,,,,,Kaizo: Light,,/?p=section&a=details&id=19352,,,['edc95668e07bef6d6680d769a223e00534c3740c.bps'],['edc95668e07bef6d6680d769a223e00534c3740c.json'],
,,16 Mar 2019,19356,Mario Saves Spring Break,,,,,izaguirrefermin28,,,,,Normal,,/?p=section&a=details&id=19356,,,['8af1aa8c8f83ef7ee2ef61fd4141c0f195396584.bps'],['8af1aa8c8f83ef7ee2ef61fd4141c0f195396584.json'],
,,18 Mar 2019,19380,Mario Rescues the Golden Mushroom,,,,,Green Jerry,,,,,Normal,,/?p=section&a=details&id=19380,,,['25985287e280de455c3d3bd9205762d0c1804ca4.bps'],['25985287e280de455c3d3bd9205762d0c1804ca4.json'],
,,18 Mar 2019,19385,Single Troll Level,,,,,sashton043,,,,,Kaizo: Light,,/?p=section&a=details&id=19385,,,['0078bcb51105fe6bde14639d1322212cd6f2e27e.bps'],['0078bcb51105fe6bde14639d1322212cd6f2e27e.json'],
,,21 Mar 2019,19405,Krack The Hack,,,,,"Daizo Dee Von, Mellonpizza",,,,,Hard,,/?p=section&a=details&id=19405,,,['334ba6c7941e3681a3768895e2ac976557201f8f.bps'],['334ba6c7941e3681a3768895e2ac976557201f8f.json'],
,,22 Mar 2019,19419,Mario Rescues the Golden Mushroom,,,,,Green Jerry,,,,,Normal,,/?p=section&a=details&id=19419,,,['2c783d58bd2b6c61085e81f83fe75a68ad8f67a9.bps'],['2c783d58bd2b6c61085e81f83fe75a68ad8f67a9.json'],
,,23 Mar 2019,19424,Nightstep,,,,,crm0622,,,,,Kaizo: Light,,/?p=section&a=details&id=19424,,,['acecc58cd8281fca3abeb104fe7e25fdb5c9571e.bps'],['acecc58cd8281fca3abeb104fe7e25fdb5c9571e.json'],
,,24 Mar 2019,19438,Mario Dies at the End,,,,,Sokobansolver,,,,,Hard,,/?p=section&a=details&id=19438,,,['ac5d4b8b56c6bae0d6eb49ea8a023e33914694ef.bps'],['ac5d4b8b56c6bae0d6eb49ea8a023e33914694ef.json'],
,,25 Mar 2019,19446,Bad Mario World (Demo),,,,,OEOTeam,,,,,Normal,,/?p=section&a=details&id=19446,,,['c93c1099942020a905112944f2906e070fe19391.bps'],['c93c1099942020a905112944f2906e070fe19391.json'],
,,25 Mar 2019,19450,Aziz Für Venendit,,,,,OEOTeam,,,,,Normal,,/?p=section&a=details&id=19450,,,['0f79ef3412391876fdd17ae76bdbfba0571b42dd.bps'],['0f79ef3412391876fdd17ae76bdbfba0571b42dd.json'],
,,27 Mar 2019,19465,Nightstep(Demo),,,,,crm0622,,,,,Kaizo: Light,,/?p=section&a=details&id=19465,,,['452f7297e3584e8a733ee269b63daa261bc62161.bps'],['452f7297e3584e8a733ee269b63daa261bc62161.json'],
,,27 Mar 2019,19470,The Mario's Greatest Adventure,,,,,Brutapode89,,,,,Normal,,/?p=section&a=details&id=19470,,,['e37210ead95aaf32b13c1053bbcaec09fb84a30d.bps'],['e37210ead95aaf32b13c1053bbcaec09fb84a30d.json'],
,,27 Mar 2019,19472,The Mario's Greatest Adventure,,,,,Brutapode89,,,,,Normal,,/?p=section&a=details&id=19472,,,['69def4e34f2b1120e59b8dc578de71e8497c91c7.bps'],['69def4e34f2b1120e59b8dc578de71e8497c91c7.json'],
,,28 Mar 2019,19483,Kaizo Island,,,,,BrickSMW,,,,,Kaizo: Light,,/?p=section&a=details&id=19483,,,['a199f11a579757869d7db192cd02a7d2429bd61e.bps'],['a199f11a579757869d7db192cd02a7d2429bd61e.json'],
,,29 Mar 2019,19489,Mario Rescues the Golden Mushroom,,,,,Green Jerry,,,,,Normal,,/?p=section&a=details&id=19489,,,"['edfec8d28b6b07133dd6a2c7f5179e35f4c078b2.bps', 'd8f62c796fa7d4c765a608a859574ff71dd20423.bps']","['edfec8d28b6b07133dd6a2c7f5179e35f4c078b2.json', 'd8f62c796fa7d4c765a608a859574ff71dd20423.json']",
,,29 Mar 2019,19494,Super Bepis World,,,,,PlasmaCore1219,,,,,Hard,,/?p=section&a=details&id=19494,,,['b7e3f43f36d70a698618a2ac5d0ec470a1873448.bps'],['b7e3f43f36d70a698618a2ac5d0ec470a1873448.json'],
,,29 Mar 2019,19495,The Mario's Greatest Adventure - English Edition,,,,,Brutapode89,,,,,Normal,,/?p=section&a=details&id=19495,,,['ad9f97d9d0d849073edddb7e191e16ae5c2540db.bps'],['ad9f97d9d0d849073edddb7e191e16ae5c2540db.json'],
,,29 Mar 2019,19498,Under the Rose,,,,,Cianureto,,,,,Normal,,/?p=section&a=details&id=19498,,,['b5add7eac5838c1b573c31fddf587a25e8c20e4a.bps'],['b5add7eac5838c1b573c31fddf587a25e8c20e4a.json'],
,,30 Mar 2019,19521,HotHead Heights,,,,,BlooberryPi,,,,,Kaizo: Light,,/?p=section&a=details&id=19521,,,['19912647e02945048f91e313f0bf9794a6302d55.bps'],['19912647e02945048f91e313f0bf9794a6302d55.json'],
,,01 Apr 2019,19539,Super Mario Fooland,,,,,Fullcannon,,,,,Normal,,/?p=section&a=details&id=19539,,,['664a10fd222352d1cef466c8b1f60ea8e550ad31.bps'],['664a10fd222352d1cef466c8b1f60ea8e550ad31.json'],
,,01 Apr 2019,19544,Nightstep(Demo),,,,,crm0622,,,,,Kaizo: Light,,/?p=section&a=details&id=19544,,,['d127e919d42f317c9b6882490759d94cb67306b8.bps'],['d127e919d42f317c9b6882490759d94cb67306b8.json'],
,,03 Apr 2019,19556,Mario's Drug Trip 1 Level Demo,,,,,AbuseFreakHacker,,,,,Kaizo: Hard,,/?p=section&a=details&id=19556,,,['aa46a34bfbdb5ea9195336f1ddaa151152db9f43.bps'],['aa46a34bfbdb5ea9195336f1ddaa151152db9f43.json'],
,,03 Apr 2019,19557,Super Mario Wack,,,,,Deww,,,,,Kaizo: Light,,/?p=section&a=details&id=19557,,,['8396c9726236bd16d44faf346fe32fae8559bda5.bps'],['8396c9726236bd16d44faf346fe32fae8559bda5.json'],
,,03 Apr 2019,19558,Super Mario Fooland,,,,,Fullcannon,,,,,Normal,,/?p=section&a=details&id=19558,,,['664a10fd222352d1cef466c8b1f60ea8e550ad31.bps'],['664a10fd222352d1cef466c8b1f60ea8e550ad31.json'],
,,03 Apr 2019,19561,The Mario's Greatest Adventure (Demo),,,,,Brutapode89,,,,,Normal,,/?p=section&a=details&id=19561,,,"['5bc61730893a83208db12bc6082ce982fce1b090.bps', '69def4e34f2b1120e59b8dc578de71e8497c91c7.bps']","['5bc61730893a83208db12bc6082ce982fce1b090.json', '69def4e34f2b1120e59b8dc578de71e8497c91c7.json']",
,,03 Apr 2019,19562,The Mario's Greatest Adventure,,,,,Brutapode89,,,,,Normal,,/?p=section&a=details&id=19562,,,"['5bc61730893a83208db12bc6082ce982fce1b090.bps', '69def4e34f2b1120e59b8dc578de71e8497c91c7.bps']","['5bc61730893a83208db12bc6082ce982fce1b090.json', '69def4e34f2b1120e59b8dc578de71e8497c91c7.json']",
,,04 Apr 2019,19567,Super Excellent World,,,,,N4m3_H3rE,,,,,Kaizo: Light,,/?p=section&a=details&id=19567,,,['9d9fc72ab02631164b8c591fde924335c6869260.bps'],['9d9fc72ab02631164b8c591fde924335c6869260.json'],
,,04 Apr 2019,19574,Classic Mario World: The Magical Crystals,,,,,bandicoot,,,,,Hard,,/?p=section&a=details&id=19574,,,"['c20a94f2321a042dfc13fcfeb1dcdace052f1cca.bps', '6654e2674f2a13d3f36b00d631b884334e4a2f6a.bps']","['c20a94f2321a042dfc13fcfeb1dcdace052f1cca.json', '6654e2674f2a13d3f36b00d631b884334e4a2f6a.json']",
,,07 Apr 2019,19602,Super Excellent World,,,,,N4m3_H3rE,,,,,Kaizo: Light,,/?p=section&a=details&id=19602,,,['5a1d705ecd6a099cc65d326997291ded1e7012a3.bps'],['5a1d705ecd6a099cc65d326997291ded1e7012a3.json'],
,,09 Apr 2019,19628,Super Nova World,,,,,Domokun007,,,,,Hard,,/?p=section&a=details&id=19628,,,['aff65b7babbe79539ce56742d6b3ad64b139abbe.bps'],['aff65b7babbe79539ce56742d6b3ad64b139abbe.json'],
,,11 Apr 2019,19644,Mario is Kawaii,,,,,Pro_Quackington,,,,,Kaizo: Light,,/?p=section&a=details&id=19644,,,['ecc0d527d56b98e5e96371c2c9ba1f4b28560d62.bps'],['ecc0d527d56b98e5e96371c2c9ba1f4b28560d62.json'],
,,13 Apr 2019,19655,Darkstar,,,,,MDBattleFrog,,,,,Kaizo: Light,,/?p=section&a=details&id=19655,,,['4edf8d0f67fc9e7877bfc6ee5c6e924def33e5ff.bps'],['4edf8d0f67fc9e7877bfc6ee5c6e924def33e5ff.json'],
,,14 Apr 2019,19670,Garlic,,,,,Aguni_,,,,,Kaizo: Light,,/?p=section&a=details&id=19670,,,['ef09153d25077a553728cac6ee8351908fa85bff.bps'],['ef09153d25077a553728cac6ee8351908fa85bff.json'],
,,16 Apr 2019,19680,Super Duper World,,,,,N4m3_H3rE,,,,,Kaizo: Light,,/?p=section&a=details&id=19680,,,['7bcdcad867f5bc90179539ec31c0df6399b9c42c.bps'],['7bcdcad867f5bc90179539ec31c0df6399b9c42c.json'],
,,18 Apr 2019,19694,Le avventure bizzarre di Alfred,,,,,Alfio,,,,,Normal,,/?p=section&a=details&id=19694,,,['ffdccf8aa95095cbe167fa050ad00c36b86a43db.bps'],['ffdccf8aa95095cbe167fa050ad00c36b86a43db.json'],
,,18 Apr 2019,19704,Singular SMW Level,,,,,Positron,,,,,Normal,,/?p=section&a=details&id=19704,,,['a1061b30e75762bdd1bc54b49a2a0c0fce9b5079.bps'],['a1061b30e75762bdd1bc54b49a2a0c0fce9b5079.json'],
,,20 Apr 2019,19723,Super Mario and the Cretaceous Castle,,,,,TheStellarstrix,,,,,Kaizo: Light,,/?p=section&a=details&id=19723,,,['54391c04bed5df5e08cacb3af9fe8251790aa2ff.bps'],['54391c04bed5df5e08cacb3af9fe8251790aa2ff.json'],
,,20 Apr 2019,19725,Soup Mar Worl Version 0.2,,,,,ModernKiwi,,,,,Normal,,/?p=section&a=details&id=19725,,,['fd5b73fea43c76d29d314f775ee91759436de720.bps'],['fd5b73fea43c76d29d314f775ee91759436de720.json'],
,,21 Apr 2019,19728,Jump½ Version 1.0,,,,,"JUMP Team, Lailatul Muqmiroh",,,,,Hard,,/?p=section&a=details&id=19728,,,['97cdbff6a673f47ab4ecb00e94a496a045cfe2fd.bps'],['97cdbff6a673f47ab4ecb00e94a496a045cfe2fd.json'],
,,21 Apr 2019,19738,World of Something.,,,,,Pancake001,,,,,Kaizo: Light,,/?p=section&a=details&id=19738,,,['475165fc0fefdd64c689915ae9e609438c7e65d7.bps'],['475165fc0fefdd64c689915ae9e609438c7e65d7.json'],
,,23 Apr 2019,19754,Bloody Mario,,,,,Severus,,,,,Kaizo: Light,,/?p=section&a=details&id=19754,,,['f3018a4cd0188d2dc10c08d72e185d94f707e6e1.bps'],['f3018a4cd0188d2dc10c08d72e185d94f707e6e1.json'],
,,25 Apr 2019,19780,Piranha Park,,,,,BlooberryPi,,,,,Kaizo: Light,,/?p=section&a=details&id=19780,,,['6f47ab54c5594606ff5dab6e6b425ef7c512eb4c.bps'],['6f47ab54c5594606ff5dab6e6b425ef7c512eb4c.json'],
,,26 Apr 2019,19795,BNBM,,,,,OEOTeam,,,,,Hard,,/?p=section&a=details&id=19795,,,['f1d9e36855067a128bd1f994c9f9786c1af41766.bps'],['f1d9e36855067a128bd1f994c9f9786c1af41766.json'],
,,26 Apr 2019,19796,BLOOD!!!,,,,,Yoshi254,,,,,Easy,,/?p=section&a=details&id=19796,,,['f51dd2f7e5c2ac993e9b78c5204bc93bf70d0978.bps'],['f51dd2f7e5c2ac993e9b78c5204bc93bf70d0978.json'],
,,26 Apr 2019,19799,Small Mario,,,,,Lost,,,,,Hard,,/?p=section&a=details&id=19799,,,['6e0e391d8a3e4e602b8f91f6f3df32c7346f8951.bps'],['6e0e391d8a3e4e602b8f91f6f3df32c7346f8951.json'],
,,30 Apr 2019,19836,Super Greasy World,,,,,PhexaWint,,,,,Kaizo: Light,,/?p=section&a=details&id=19836,,,['7ac2c75629243bb19f2ba16f50b7c698dbaabb53.bps'],['7ac2c75629243bb19f2ba16f50b7c698dbaabb53.json'],
,,30 Apr 2019,19840,Robfather World,,,,,DanOfMostTrades,,,,,Kaizo: Light,,/?p=section&a=details&id=19840,,,['4b763cecfda6a1bae12029c8a932dde44e754b09.bps'],['4b763cecfda6a1bae12029c8a932dde44e754b09.json'],
,,04 May 2019,19870,Super Lani World,,,,,Dan2point5,,,,,Kaizo: Light,,/?p=section&a=details&id=19870,,,['05cd392937a6e7435b137b76201c4d1c900c3d2d.bps'],['05cd392937a6e7435b137b76201c4d1c900c3d2d.json'],
,,06 May 2019,19880,Super Beco World,,,,,Adriel_ICS,,,,,Kaizo: Light,,/?p=section&a=details&id=19880,,,"['99d8454e36dabddd2a3f82bd719abbcd747820a0.bps', '6d43c33f86011affad69c47c1782c4da3e0dca85.bps']","['99d8454e36dabddd2a3f82bd719abbcd747820a0.json', '6d43c33f86011affad69c47c1782c4da3e0dca85.json']",
,,09 May 2019,19899,Super Slade World v0.1,,,,,LemonStir,,,,,Kaizo: Light,,/?p=section&a=details&id=19899,,,['eadc11c12a3a53ae2c17bee437f15a64cdfeb319.bps'],['eadc11c12a3a53ae2c17bee437f15a64cdfeb319.json'],
,,10 May 2019,19904,Super Lani World,,,,,Dan2point5,,,,,Kaizo: Light,,/?p=section&a=details&id=19904,,,['0f3fa110c430529cf6d1dd91b3e98380315ce671.bps'],['0f3fa110c430529cf6d1dd91b3e98380315ce671.json'],
,,11 May 2019,19911,Terminus 2,,,,,Kr00mmi,,,,,Kaizo: Light,,/?p=section&a=details&id=19911,,,['29a106e6c9a1a2194f70b5b13d350142c2f775ca.bps'],['29a106e6c9a1a2194f70b5b13d350142c2f775ca.json'],
,,11 May 2019,19915,Super Mura World,,,,,OhMuramatsu,,,,,Kaizo: Light,,/?p=section&a=details&id=19915,,,['f22ff4e04410577f5a5ef8c419bff8f864beec9e.bps'],['f22ff4e04410577f5a5ef8c419bff8f864beec9e.json'],
,,12 May 2019,19919,Terminus 2,,,,,Kr00mmi,,,,,Kaizo: Light,,/?p=section&a=details&id=19919,,,['7f56922b42f3603823b8c315e3e0cca0f8a356b2.bps'],['7f56922b42f3603823b8c315e3e0cca0f8a356b2.json'],
,,18 May 2019,19928,Super Mura World,,,,,OhMuramatsu,,,,,Kaizo: Light,,/?p=section&a=details&id=19928,,,"['b4db4776d29606029d64aaaef31c2650219fa617.bps', '4a0e7ffe983c1a820f4d5b4a6411be97b447e3b1.bps']","['b4db4776d29606029d64aaaef31c2650219fa617.json', '4a0e7ffe983c1a820f4d5b4a6411be97b447e3b1.json']",
,,18 May 2019,19939,super you are the best,,,,,thejhonny-ador,,,,,Kaizo: Light,,/?p=section&a=details&id=19939,,,['7bf819f3f177b39a86cda812afbbf4fcffd95ae6.bps'],['7bf819f3f177b39a86cda812afbbf4fcffd95ae6.json'],
,,18 May 2019,19943,Run With Turtles 1 (The search for Boo),,,,,Beaser,,,,,Kaizo: Light,,/?p=section&a=details&id=19943,,,['d2485127097d3c36cab9918f7f3ea7adb029ec74.bps'],['d2485127097d3c36cab9918f7f3ea7adb029ec74.json'],
,,18 May 2019,19977,Krack The Hack v1.4.0,,,,,"Daizo Dee Von, Mellonpizza",,,,,Hard,,/?p=section&a=details&id=19977,,,['443776ae99eda39d8dfccbba838dcdc1b1643258.bps'],['443776ae99eda39d8dfccbba838dcdc1b1643258.json'],
,,18 May 2019,19981,Super Samsara World,,,,,supermargot,,,,,Kaizo: Light,,/?p=section&a=details&id=19981,,,['3c31cb31fd8d1bfc4f58d65b3454be7b042b736d.bps'],['3c31cb31fd8d1bfc4f58d65b3454be7b042b736d.json'],
,,18 May 2019,19983,HACK,,,,,JKS,,,,,Kaizo: Light,,/?p=section&a=details&id=19983,,,['16af4047c8119363f305205e9045e3a00d667e10.bps'],['16af4047c8119363f305205e9045e3a00d667e10.json'],
,,18 Jun 2019,20139,Cawabanga Land,,,,,Pereira,,,,,Kaizo: Light,,/?p=section&a=details&id=20139,,,"['2067b39d07a716590378209e0929f4ab78f8702b.bps', '46d30b86bd97c6dce0ffe541e33f9701a6ccded0.bps']","['2067b39d07a716590378209e0929f4ab78f8702b.json', '46d30b86bd97c6dce0ffe541e33f9701a6ccded0.json']",
,,18 Jun 2019,20189,super you are the best,,,,,thejhonny-ador,,,,,Kaizo: Light,,/?p=section&a=details&id=20189,,,['68235756c935e758ceade4ed757b44541572a681.bps'],['68235756c935e758ceade4ed757b44541572a681.json'],
,,18 Jun 2019,20203,Super Mario Bros.: Peach's Adventure 6 World Demo,,,,,GreenLightningx6,,,,,Normal,,/?p=section&a=details&id=20203,,,['6c8b2192b14e6de84219e4e48d16bf1a0a7e92d6.bps'],['6c8b2192b14e6de84219e4e48d16bf1a0a7e92d6.json'],
,,18 Jun 2019,20225,Super Lani World,,,,,Dan2point5,,,,,Kaizo: Light,,/?p=section&a=details&id=20225,,,['df613cbd1ea604599d8a1f261ca659dc483b37fe.bps'],['df613cbd1ea604599d8a1f261ca659dc483b37fe.json'],
,,18 Jun 2019,20239,Super Mario (World) Isle Ceban,,,,,Goomber,,,,,Hard,,/?p=section&a=details&id=20239,,,['530f1dbc28e72a934bf662b16b119a24a82d1aaa.bps'],['530f1dbc28e72a934bf662b16b119a24a82d1aaa.json'],
,,18 Jun 2019,20241,New Super Mario Pants World,,,,,Romano338,,,,,Kaizo: Light,,/?p=section&a=details&id=20241,,,['d37c067183087a5baf91c52e978d5d0d4e87e439.bps'],['d37c067183087a5baf91c52e978d5d0d4e87e439.json'],
,,18 Jun 2019,20251,Super Mario World 4: The Shining Super Star,,,,,SMWFan2019,,,,,Normal,,/?p=section&a=details&id=20251,,,['1a48ea8c70fe2ce9bfdeb80bedae258ecf844764.bps'],['1a48ea8c70fe2ce9bfdeb80bedae258ecf844764.json'],
,,19 Jun 2019,20253,French,,,,,Scoutellite,,,,,Normal,,/?p=section&a=details&id=20253,,,['8f5b9c65571df5e1539fba9d49e720452ead0542.bps'],['8f5b9c65571df5e1539fba9d49e720452ead0542.json'],
,,20 Jun 2019,20258,Super Mario World 4: The Shining Super Star,,,,,SMWFan2019,,,,,Normal,,/?p=section&a=details&id=20258,,,['3a9a692ee2a937197b132ebee5886369de63cd04.bps'],['3a9a692ee2a937197b132ebee5886369de63cd04.json'],
,,20 Jun 2019,20262,Super Mario World -Chapter One (v.1.2),,,,,AyGaAlPa,,,,,Normal,,/?p=section&a=details&id=20262,,,"['9c6bf6f04070dd4ee5782e25238c40f112a549e7.bps', 'e0089a48a86cd5359197233d1fe6a48e76a8d067.bps']","['9c6bf6f04070dd4ee5782e25238c40f112a549e7.json', 'e0089a48a86cd5359197233d1fe6a48e76a8d067.json']",
,,22 Jun 2019,20279,Jigoku Mario World 2,,,,,Nowieso,,,,,Kaizo: Light,,/?p=section&a=details&id=20279,,,"['7985e7844b39841392bf93000d5b2aa7a2db50d3.bps', '754a631f387381c59ccd7c806eb8614efafd1bda.bps']","['7985e7844b39841392bf93000d5b2aa7a2db50d3.json', '754a631f387381c59ccd7c806eb8614efafd1bda.json']",
,,23 Jun 2019,20284,Super Mario CERN,,,,,Evernn,,,,,Normal,,/?p=section&a=details&id=20284,,,['886311bfbf7fe7982093299cdac9109686e56e00.bps'],['886311bfbf7fe7982093299cdac9109686e56e00.json'],
,,23 Jun 2019,20286,Super Mario Wornilla,,,,,Drakel,,,,,Hard,,/?p=section&a=details&id=20286,,,['07c31c2627c3aca8ed1526e04d8db0f64151491c.bps'],['07c31c2627c3aca8ed1526e04d8db0f64151491c.json'],
,,24 Jun 2019,20293,Dooooors,,,,,Stairkase,,,,,Kaizo: Light,,/?p=section&a=details&id=20293,,,['c97b926baa339e1d8369337f696adc10ea6e6935.bps'],['c97b926baa339e1d8369337f696adc10ea6e6935.json'],
,,26 Jun 2019,20309,Super Mario World - A Little Despair,,,,,CrashFC,,,,,Kaizo: Light,,/?p=section&a=details&id=20309,,,['b0409a6370d80fced69267480a68376874d4b3b3.bps'],['b0409a6370d80fced69267480a68376874d4b3b3.json'],
,,29 Jun 2019,20333,ShellJump And KAIZO DIABOLIC,,,,,Rodrigo,,,,,Very Hard,,/?p=section&a=details&id=20333,,,['30c999398807599a41382e1a7efdc8136460c6d2.bps'],['30c999398807599a41382e1a7efdc8136460c6d2.json'],
,,30 Jun 2019,20340,Super Mario Bros.: Peach's Adventure 6 World Demo V1.1,,,,,GreenLightningx6,,,,,Normal,,/?p=section&a=details&id=20340,,,['ce8a157d62169688d9c06700d0f4af2f27a8f407.bps'],['ce8a157d62169688d9c06700d0f4af2f27a8f407.json'],
,,01 Jul 2019,20346,Just Another Vanilla Hack 2,,,,,niko,,,,,Hard,,/?p=section&a=details&id=20346,,,['240e945db3d006427c32cb333b42c136c170d879.bps'],['240e945db3d006427c32cb333b42c136c170d879.json'],
,,01 Jul 2019,20347,Dooooors,,,,,Stairkase,,,,,Kaizo: Light,,/?p=section&a=details&id=20347,,,['fdec17b96338468d79a1028f5e0ff9247c6c7458.bps'],['fdec17b96338468d79a1028f5e0ff9247c6c7458.json'],
,,01 Jul 2019,20350,Marios Grand Adventure (demo),,,,,Haithius,,,,,Normal,,/?p=section&a=details&id=20350,,,['ac425b8f0b793bb827452e588b7eb670681f5b35.bps'],['ac425b8f0b793bb827452e588b7eb670681f5b35.json'],
,,02 Jul 2019,20359,Shelljump and kaizo diabolic,,,,,Rodrigo,,,,,Kaizo: Light,,/?p=section&a=details&id=20359,,,['d56b8424402b9d4e8726300d8b3cb037726126d1.bps'],['d56b8424402b9d4e8726300d8b3cb037726126d1.json'],
,,05 Jul 2019,20374,Super Mario Another Retro - C3 Demo,,,,,Infinity,,,,,Normal,,/?p=section&a=details&id=20374,,,['21ca5cce68b5b78371934adc1e6053fcc509aa7b.bps'],['21ca5cce68b5b78371934adc1e6053fcc509aa7b.json'],
,,05 Jul 2019,20375,Pasedonal Mario,,,,,Fullcannon,,,,,Normal,,/?p=section&a=details&id=20375,,,['912275550e2cd43192f6ce1b81d7e0d1f877e754.bps'],['912275550e2cd43192f6ce1b81d7e0d1f877e754.json'],
,,05 Jul 2019,20376,Luigi's Misadventures 3 - Recipe for a disaster,,,,,Roberto zampari,,,,,Hard,,/?p=section&a=details&id=20376,,,['e99617d1922917e6e7e96b1b72063d467677f0c0.bps'],['e99617d1922917e6e7e96b1b72063d467677f0c0.json'],
,,05 Jul 2019,20405,Super Mario Bros.: Peach's Adventure 6 World Demo V1.1,,,,,GreenLightningx6,,,,,Normal,,/?p=section&a=details&id=20405,,,['b82f13a23cfa1b4b95a1a873a291ee933a9196f4.bps'],['b82f13a23cfa1b4b95a1a873a291ee933a9196f4.json'],
,,06 Jul 2019,20425,Super Enan World,,,,,"Enan63, Green Jerry",,,,,Normal,,/?p=section&a=details&id=20425,,,['0856041a76b6c16c044ff50d171bad41e20229cd.bps'],['0856041a76b6c16c044ff50d171bad41e20229cd.json'],
,,06 Jul 2019,20426,Technicolor Mario World,,,,,Green Jerry,,,,,Normal,,/?p=section&a=details&id=20426,,,['df0b3913db02b1cab74bb78f7f22d155fb73f9ed.bps'],['df0b3913db02b1cab74bb78f7f22d155fb73f9ed.json'],
,,06 Jul 2019,20427,Super Mario Travellers,,,,,Stiviboy,,,,,Normal,,/?p=section&a=details&id=20427,,,['64bd6514c016c4ed5264fcde382b9ab9fbc1413c.bps'],['64bd6514c016c4ed5264fcde382b9ab9fbc1413c.json'],
,,07 Jul 2019,20489,The Worst SMW Rom Hack Ever,,,,,CB3743,,,,,Easy,,/?p=section&a=details&id=20489,,,['bdcfd2e0d65089d469739afc6374a91ddd804351.bps'],['bdcfd2e0d65089d469739afc6374a91ddd804351.json'],
,,08 Jul 2019,20501,Super Mario World Festive,,,,,Ethiundo,,,,,Normal,,/?p=section&a=details&id=20501,,,['287a6c05e460063cac88fb11c0d5a21850b2d33a.bps'],['287a6c05e460063cac88fb11c0d5a21850b2d33a.json'],
,,08 Jul 2019,20534,My best hack ever,,,,,xyz600sp,,,,,Easy,,/?p=section&a=details&id=20534,,,['5aadca79f48d162ddec1992276213732b356bc81.bps'],['5aadca79f48d162ddec1992276213732b356bc81.json'],
,,08 Jul 2019,20546,New Super Mario World 2: Around The World,,,,,Pink Gold Peach,,,,,Hard,,/?p=section&a=details&id=20546,,,['1c1561ec993c1892af19e4f38b4d79c2a92f6cc0.bps'],['1c1561ec993c1892af19e4f38b4d79c2a92f6cc0.json'],
,,09 Jul 2019,20566,Super Mario Land 3: Super Luigi Land,,,,,redgamer2100NX_,,,,,Normal,,/?p=section&a=details&id=20566,,,['1a58d45a2d6a7561d119ffb05b7b95219b4fa27e.bps'],['1a58d45a2d6a7561d119ffb05b7b95219b4fa27e.json'],
,,10 Jul 2019,20582,A Journey To Save The Yoshis,,,,,Yoshivert99,,,,,Normal,,/?p=section&a=details&id=20582,,,['c6ae9b5119d7a4cbfba4c5dc871d746044adaaca.bps'],['c6ae9b5119d7a4cbfba4c5dc871d746044adaaca.json'],
,,11 Jul 2019,20593,Just Another Vanilla Hack 2,,,,,niko,,,,,Hard,,/?p=section&a=details&id=20593,,,['c9101d94e4be835d18f60ead79ed3b85bb743be3.bps'],['c9101d94e4be835d18f60ead79ed3b85bb743be3.json'],
,,12 Jul 2019,20611,Ninja World 2,,,,,VLSkoot,,,,,Kaizo: Light,,/?p=section&a=details&id=20611,,,['78d1f386e4d3321acfa08eb8fa7249e1e990c207.bps'],['78d1f386e4d3321acfa08eb8fa7249e1e990c207.json'],
,,13 Jul 2019,20631,Super Mario World Reimagined 0.0.1,,,,,hacksafe,,,,,Easy,,/?p=section&a=details&id=20631,,,['558d5ed76067222198c0127c473a3730db92391a.bps'],['558d5ed76067222198c0127c473a3730db92391a.json'],
,,15 Jul 2019,20650,A Journey To Save The Yoshis,,,,,Yoshivert99,,,,,Normal,,/?p=section&a=details&id=20650,,,['6267716c707ab9c28c5cb12d9e27038fe5e8ddca.bps'],['6267716c707ab9c28c5cb12d9e27038fe5e8ddca.json'],
,,17 Jul 2019,20661,New Super Mario World 64,,,,,That DumbGaijin,,,,,Easy,,/?p=section&a=details&id=20661,,,['654afac9d4201eab4544c64a96b2eec99cfd43ef.bps'],['654afac9d4201eab4544c64a96b2eec99cfd43ef.json'],
,,17 Jul 2019,20668,Super Luigi Land,,,,,Gamma V,,,,,Normal,,/?p=section&a=details&id=20668,,,['ed3d4956a6f4591f7f967cc940aaef975f523a31.bps'],['ed3d4956a6f4591f7f967cc940aaef975f523a31.json'],
,,19 Jul 2019,20706,Super QBear World,,,,,qbear,,,,,Kaizo: Light,,/?p=section&a=details&id=20706,,,['1e263d12d2f2c26038d1a71c094be1f80511711b.bps'],['1e263d12d2f2c26038d1a71c094be1f80511711b.json'],
,,21 Jul 2019,20727,Super Herbihalt World 3,,,,,OEOTeam,,,,,Hard,,/?p=section&a=details&id=20727,,,['6142009121d6ea80b66bf1d638e3006aa03f5156.bps'],['6142009121d6ea80b66bf1d638e3006aa03f5156.json'],
,,23 Jul 2019,20748,Super Kekcroc World 2 - A Croc Throughout Time,,,,,Knucklesfan,,,,,Hard,,/?p=section&a=details&id=20748,,,['32cdfe78b2974c38c5b29daf0e9db5447580e61f.bps'],['32cdfe78b2974c38c5b29daf0e9db5447580e61f.json'],
,,24 Jul 2019,20751,Luigi Kaizo King,,,,,Yagami,,,,,Kaizo: Light,,/?p=section&a=details&id=20751,,,['5cbaf31cd4b65b57ff74a19d73e8c06aba0dd47f.bps'],['5cbaf31cd4b65b57ff74a19d73e8c06aba0dd47f.json'],
,,26 Jul 2019,20769,Super Mario CERN,,,,,Evernn,,,,,Normal,,/?p=section&a=details&id=20769,,,['bc942088965ce3b88a6fe6c0b931af6f0cbb036d.bps'],['bc942088965ce3b88a6fe6c0b931af6f0cbb036d.json'],
,,27 Jul 2019,20770,Super Herbihalt World 3,,,,,OEOTeam,,,,,Hard,,/?p=section&a=details&id=20770,,,['f55f7555ff23b65cb9d4f836d98047209bd8d736.bps'],['f55f7555ff23b65cb9d4f836d98047209bd8d736.json'],
,,27 Jul 2019,20775,Super Luigi World Beta 1.0,,,,,VDROIDTGM,,,,,Hard,,/?p=section&a=details&id=20775,,,['3a68aafc85d45c3dc3f10fb9b8c666d12cfc3802.bps'],['3a68aafc85d45c3dc3f10fb9b8c666d12cfc3802.json'],
,,30 Jul 2019,20805,SMW Paper Hill,,,,,"FimishHACK, Gamma V, Mr. Pixelator, S.N.N",,,,,Hard,,/?p=section&a=details&id=20805,,,['fc27b546d97ceba8c057decfb21cf127c22f78ec.bps'],['fc27b546d97ceba8c057decfb21cf127c22f78ec.json'],
,,30 Jul 2019,20806,SMW The Crown's Tale (DEMO),,,,,bandicoot,,,,,Normal,,/?p=section&a=details&id=20806,,,['093333d23f7e320d4f1721cb57aa1e74e15773cb.bps'],['093333d23f7e320d4f1721cb57aa1e74e15773cb.json'],
,,31 Jul 2019,20829,Lethal Ejection,,,,,HLXY,,,,,Kaizo: Light,,/?p=section&a=details&id=20829,,,['b8c6d9a0540a1eb87d451e20aac729df6e21427f.bps'],['b8c6d9a0540a1eb87d451e20aac729df6e21427f.json'],
,,04 Aug 2019,20848,SMW Paper Hill,,,,,FimishHACK,,,,,Hard,,/?p=section&a=details&id=20848,,,['fc27b546d97ceba8c057decfb21cf127c22f78ec.bps'],['fc27b546d97ceba8c057decfb21cf127c22f78ec.json'],
,,04 Aug 2019,20850,RNG Castle Squared,,,,,Morsel,,,,,Kaizo: Light,,/?p=section&a=details&id=20850,,,['b58b478926ca77eb4df0258a32a7bcecd2e7ccd6.bps'],['b58b478926ca77eb4df0258a32a7bcecd2e7ccd6.json'],
,,05 Aug 2019,20860,SMW Paper Hill,,,,,FimishHACK,,,,,Normal,,/?p=section&a=details&id=20860,,,['2b5315602af8ceda8457e8180aa6af0dd1e0edb5.bps'],['2b5315602af8ceda8457e8180aa6af0dd1e0edb5.json'],
,,06 Aug 2019,20868,Super Luigi Land,,,,,Gamma V,,,,,Normal,,/?p=section&a=details&id=20868,,,['e9fde92ac141ff9c31572ecb0ef037b45c393a5e.bps'],['e9fde92ac141ff9c31572ecb0ef037b45c393a5e.json'],
,,07 Aug 2019,20875,Super Mario CERN,,,,,Evernn,,,,,Normal,,/?p=section&a=details&id=20875,,,['dba1b5e2abe5a81778e67727e6912bac601af39f.bps'],['dba1b5e2abe5a81778e67727e6912bac601af39f.json'],
,,07 Aug 2019,20876,Just Another Vanilla Hack 2,,,,,niko,,,,,Hard,,/?p=section&a=details&id=20876,,,['06853cb8f24298d5895ce289a9865c5cdea65b97.bps'],['06853cb8f24298d5895ce289a9865c5cdea65b97.json'],
,,07 Aug 2019,20877,Small Monkey World,,,,,Monkeyfist,,,,,Kaizo: Light,,/?p=section&a=details&id=20877,,,['0b8ec3e1576761a973e3f149b41bf048de3fe502.bps'],['0b8ec3e1576761a973e3f149b41bf048de3fe502.json'],
,,08 Aug 2019,20884,"Same Sprites, Different Levels",,,,,eltiolavara9,,,,,Normal,,/?p=section&a=details&id=20884,,,['91297bb0777b12564f2b9b7a51e15da062c4bae3.bps'],['91297bb0777b12564f2b9b7a51e15da062c4bae3.json'],
,,11 Aug 2019,20909,Pandemonium Fortress 2,,,,,Caracc,,,,,Normal,,/?p=section&a=details&id=20909,,,['35892c55b6e675d5b8a9ea2b358df00d02af2f3a.bps'],['35892c55b6e675d5b8a9ea2b358df00d02af2f3a.json'],
,,12 Aug 2019,20923,Stub,,,,,Sancles,,,,,Easy,,/?p=section&a=details&id=20923,,,['6b47bb75d16514b6a476aa0c73a683a2a4c18765.bps'],['6b47bb75d16514b6a476aa0c73a683a2a4c18765.json'],
,,13 Aug 2019,20926,TheKink World,,,,,Brandon_Pitts,,,,,Kaizo: Light,,/?p=section&a=details&id=20926,,,['e583f57f9c53626bf3ed75f020ca6760acfb430d.bps'],['e583f57f9c53626bf3ed75f020ca6760acfb430d.json'],
,,13 Aug 2019,20927,Super Overworld 64,,,,,OverworldYT,,,,,Troll,,/?p=section&a=details&id=20927,,,['f6b489c7166827a1e2b9c968eaa0a1b91952f1f4.bps'],['f6b489c7166827a1e2b9c968eaa0a1b91952f1f4.json'],
,,14 Aug 2019,20934,Mario at the Kasranova Levels 2: Imgelemden Hallice,,,,,OEOTeam,,,,,Normal,,/?p=section&a=details&id=20934,,,['ac17f4cc1d38c0a2d39405998472ac85a575193d.bps'],['ac17f4cc1d38c0a2d39405998472ac85a575193d.json'],
,,14 Aug 2019,20938,METROID MARIO WORLD,,,,,WhiteWolve,,,,,Normal,,/?p=section&a=details&id=20938,,,['302f6b08b173efb484ece907a36a9901905e4126.bps'],['302f6b08b173efb484ece907a36a9901905e4126.json'],
,,19 Aug 2019,20956,Super Moony World 2,,,,,Tashiro,,,,,Very Hard,,/?p=section&a=details&id=20956,,,"['f1d81111caf520510b83160477faf8ec0624384b.bps', '6e1e866d9e0582da25f982bb034bc8be89336532.bps']","['f1d81111caf520510b83160477faf8ec0624384b.json', '6e1e866d9e0582da25f982bb034bc8be89336532.json']",
,,19 Aug 2019,20962,Captain Barry's Treasure,,,,,MORC,,,,,Normal,,/?p=section&a=details&id=20962,,,['ad5b0db2bd0b3849a49daea45ae252e642c277ee.bps'],['ad5b0db2bd0b3849a49daea45ae252e642c277ee.json'],
,,20 Aug 2019,20973,Super Wario World,,,,,Magmatic,,,,,Kaizo: Light,,/?p=section&a=details&id=20973,,,['efeafdd8903f47d6718d474770bec582358b2930.bps'],['efeafdd8903f47d6718d474770bec582358b2930.json'],
,,21 Aug 2019,20982,Super Wario World,,,,,Magmatic,,,,,Kaizo: Light,,/?p=section&a=details&id=20982,,,['c830f5933d00fd70437984bb981bb48038d1de11.bps'],['c830f5933d00fd70437984bb981bb48038d1de11.json'],
,,21 Aug 2019,20987,Super Wario World,,,,,Magmatic,,,,,Kaizo: Light,,/?p=section&a=details&id=20987,,,['870c46616ef45727bfcbbbad0e8149eca111d12a.bps'],['870c46616ef45727bfcbbbad0e8149eca111d12a.json'],
,,21 Aug 2019,20988,Bowser's Cidadel,,,,,arthur4272,,,,,Hard,,/?p=section&a=details&id=20988,,,['a1e2c7c75dc9ee1efa6db80e407933d4520d89c9.bps'],['a1e2c7c75dc9ee1efa6db80e407933d4520d89c9.json'],
,,21 Aug 2019,20991,Tithered Mario,,,,,SAMPLE,,,,,Very Hard,,/?p=section&a=details&id=20991,,,['a0bb03a448ef6f463a097fb3360362b1b9ce139d.bps'],['a0bb03a448ef6f463a097fb3360362b1b9ce139d.json'],
,,22 Aug 2019,20996,Super Mario's World,,,,,tomato jonson,,,,,Hard,,/?p=section&a=details&id=20996,,,['30747af8a1a851bdbc97c31fa4cdc1fd25be7935.bps'],['30747af8a1a851bdbc97c31fa4cdc1fd25be7935.json'],
,,22 Aug 2019,20998,Super Wario World,,,,,Magmatic,,,,,Kaizo: Light,,/?p=section&a=details&id=20998,,,['2704649f76d69d9aef09d82bf3254fc4a4a01a2f.bps'],['2704649f76d69d9aef09d82bf3254fc4a4a01a2f.json'],
,,23 Aug 2019,21009,Super Wario World,,,,,Magmatic,,,,,Kaizo: Light,,/?p=section&a=details&id=21009,,,['5a4e7c1fa90db9b941ef94657f6cad7708f5128b.bps'],['5a4e7c1fa90db9b941ef94657f6cad7708f5128b.json'],
,,24 Aug 2019,21017,Super Wario World,,,,,Magmatic,,,,,Kaizo: Light,,/?p=section&a=details&id=21017,,,['476e638f3ec8702d712464a4eca0984a14734729.bps'],['476e638f3ec8702d712464a4eca0984a14734729.json'],
,,24 Aug 2019,21018,Just Another Vanilla Hack 2,,,,,niko,,,,,Very Hard,,/?p=section&a=details&id=21018,,,['0810a694e26af33d227e3f34786fdec7162127c9.bps'],['0810a694e26af33d227e3f34786fdec7162127c9.json'],
,,26 Aug 2019,21030,Super Wario World,,,,,Magmatic,,,,,Kaizo: Light,,/?p=section&a=details&id=21030,,,['977733a10c38a40d57cd968fb5f952c130897d15.bps'],['977733a10c38a40d57cd968fb5f952c130897d15.json'],
,,26 Aug 2019,21036,Mario and the 4 stars,,,,,TheTinkerer,,,,,Normal,,/?p=section&a=details&id=21036,,,['f357371e6c72ddab178b67679e7672fe7609f4ac.bps'],['f357371e6c72ddab178b67679e7672fe7609f4ac.json'],
,,28 Aug 2019,21048,Super Beco World,,,,,Adriel_Isaque,,,,,Kaizo: Light,,/?p=section&a=details&id=21048,,,"['3d7148816f9f34b80a384c08a956dc30e8a8c35d.bps', '5e556050846b347ca790ebdccff0912f6a8c87c2.bps']","['3d7148816f9f34b80a384c08a956dc30e8a8c35d.json', '5e556050846b347ca790ebdccff0912f6a8c87c2.json']",
,,29 Aug 2019,21053,YOU CAN'T JUMP,,,,,TheTinkerer,,,,,Easy,,/?p=section&a=details&id=21053,,,['19bb532f805025a0e94080c678ce5d49f0833c81.bps'],['19bb532f805025a0e94080c678ce5d49f0833c81.json'],
,,31 Aug 2019,21061,Geromine School,,,,,Fullcannon,,,,,Kaizo: Light,,/?p=section&a=details&id=21061,,,['825bd3a776c6d8b18b9ee5a08448f5122e320e46.bps'],['825bd3a776c6d8b18b9ee5a08448f5122e320e46.json'],
,,31 Aug 2019,21065,The United States of Mario,,,,,marathonx,,,,,Kaizo: Light,,/?p=section&a=details&id=21065,,,['10ea457e7fa02afd200dd36d67a6130ae67708d5.bps'],['10ea457e7fa02afd200dd36d67a6130ae67708d5.json'],
,,04 Sep 2019,21103,Super Enan World,,,,,"Enan63, Green Jerry",,,,,Normal,,/?p=section&a=details&id=21103,,,['3674eb3235df4c8c98999ac41ee1b6fec866411b.bps'],['3674eb3235df4c8c98999ac41ee1b6fec866411b.json'],
,,08 Sep 2019,21128,A Random Pit,,,,,A Random Taser,,,,,Pit,,/?p=section&a=details&id=21128,,,['fbd3c23aaf85e74f29320bad37647d7259d00251.bps'],['fbd3c23aaf85e74f29320bad37647d7259d00251.json'],
,,10 Sep 2019,21144,Mario and the 4 stars,,,,,TheTinkerer,,,,,Easy,,/?p=section&a=details&id=21144,,,['fd4c5455b3c54c1f660df6c5b8f5af76d10cc017.bps'],['fd4c5455b3c54c1f660df6c5b8f5af76d10cc017.json'],
,,12 Sep 2019,21158,Super Beco World,,,,,Adriel_Isaque,,,,,Kaizo: Light,,/?p=section&a=details&id=21158,,,"['ac8df036bbb206446a36bbb87080d6ff0a4976b2.bps', '65a3a4c006b9f19ecdcbaa10daf274b742e4c0dd.bps']","['ac8df036bbb206446a36bbb87080d6ff0a4976b2.json', '65a3a4c006b9f19ecdcbaa10daf274b742e4c0dd.json']",
,,17 Sep 2019,21180,The Mario's Greatest Adventure,,,,,Brutapode89,,,,,Normal,,/?p=section&a=details&id=21180,,,['f2b776694e05d81970aa913d5e3535bd28ddcf4b.bps'],['f2b776694e05d81970aa913d5e3535bd28ddcf4b.json'],
,,21 Sep 2019,21196,JAVH 2,,,,,niko,,,,,Very Hard,,/?p=section&a=details&id=21196,,,['7f98dda8f6ff79405868ca10c72a57f144813cbc.bps'],['7f98dda8f6ff79405868ca10c72a57f144813cbc.json'],
,,24 Sep 2019,21210,Sicari 2 - The Brink of Time,,,,,Eevee,,,,,Normal,,/?p=section&a=details&id=21210,,,['1f48523fe4ae9f62985517af04813a5cffb0ec99.bps'],['1f48523fe4ae9f62985517af04813a5cffb0ec99.json'],
,,25 Sep 2019,21215,Mario at the Kasranova Levels 2: Imgelemden Hallice,,,,,OEOTeam,,,,,Normal,,/?p=section&a=details&id=21215,,,['2fafc9ff156444f8659870ad90c4a1ed090615fb.bps'],['2fafc9ff156444f8659870ad90c4a1ed090615fb.json'],
,,25 Sep 2019,21216,Mario and the 4 stars,,,,,TheTinkerer,,,,,Easy,,/?p=section&a=details&id=21216,,,['ab10f9df21e64a0d8b59acbbc92d9e48d36230dd.bps'],['ab10f9df21e64a0d8b59acbbc92d9e48d36230dd.json'],
,,28 Sep 2019,21231,"Same Sprites, Different Levels",,,,,eltiolavara9,,,,,Hard,,/?p=section&a=details&id=21231,,,['8fdc4d7b966c1ca63a1f6ae3231d20de7fe28f92.bps'],['8fdc4d7b966c1ca63a1f6ae3231d20de7fe28f92.json'],
,,28 Sep 2019,21234,The Mario's Greatest Adventure,,,,,Brutapode89,,,,,Hard,,/?p=section&a=details&id=21234,,,"['a0fba27602eebee323735815d50665a0d6fedbe1.bps', 'b9e05c558087edd61748c9f250f25fbb9e78bdac.bps']","['a0fba27602eebee323735815d50665a0d6fedbe1.json', 'b9e05c558087edd61748c9f250f25fbb9e78bdac.json']",
,,29 Sep 2019,21244,Super Expert World,,,,,three,,,,,Kaizo: Light,,/?p=section&a=details&id=21244,,,['6918ceb6e3dbada9cc3070df6a249b6e84b4d9e7.bps'],['6918ceb6e3dbada9cc3070df6a249b6e84b4d9e7.json'],
,,02 Oct 2019,21265,Bowser's Cidadel 1.1 Demo,,,,,arthur4272,,,,,Hard,,/?p=section&a=details&id=21265,,,['2d634c1163074ca70ac12323f721a01a4cc2d98a.bps'],['2d634c1163074ca70ac12323f721a01a4cc2d98a.json'],
,,03 Oct 2019,21269,Adventure Islands,,,,,Shadow9999,,,,,Very Hard,,/?p=section&a=details&id=21269,,,['10d8bab562d036857f0c5adb4a0560d9ff57cdc9.bps'],['10d8bab562d036857f0c5adb4a0560d9ff57cdc9.json'],
,,04 Oct 2019,21272,Ultra Kaizo World 2,,,,,Arobam,,,,,Kaizo: Light,,/?p=section&a=details&id=21272,,,['b2a743ff085a285e359dd8dc8099e513626491af.bps'],['b2a743ff085a285e359dd8dc8099e513626491af.json'],
,,05 Oct 2019,21278,"Same Sprites, Different Levels",,,,,None,,,,,None,,/?p=section&a=details&id=21278,,,['604d5d9e85a125d6751099fbd31e3cb698dd3ac8.bps'],['604d5d9e85a125d6751099fbd31e3cb698dd3ac8.json'],
,,07 Oct 2019,21285,super snow world,,,,,None,,,,,None,,/?p=section&a=details&id=21285,,,['44c7eb8ea278833ce52743c5c3a8973136e01561.bps'],['44c7eb8ea278833ce52743c5c3a8973136e01561.json'],
,,10 Oct 2019,21309,Shelljump and Kaizo diabolic,,,,,None,,,,,None,,/?p=section&a=details&id=21309,,,['ac182fe6de07d08b9f8ce22fb7f54b88c892c3fb.bps'],['ac182fe6de07d08b9f8ce22fb7f54b88c892c3fb.json'],
,,11 Oct 2019,21313,Adventure Islands,,,,,None,,,,,None,,/?p=section&a=details&id=21313,,,['5beb669b50d22d812510da6ca9476049dfb56807.bps'],['5beb669b50d22d812510da6ca9476049dfb56807.json'],
,,14 Oct 2019,21321,A hack mais aleatória de todas!,,,,,None,,,,,None,,/?p=section&a=details&id=21321,,,['c4c9a8d6c19f31cfe420703b9726ff6f4266c33f.bps'],['c4c9a8d6c19f31cfe420703b9726ff6f4266c33f.json'],
,,14 Oct 2019,21322,Super Luigi Land,,,,,None,,,,,None,,/?p=section&a=details&id=21322,,,['9f41d3b0c4303445461a64121a5c7123b3148de2.bps'],['9f41d3b0c4303445461a64121a5c7123b3148de2.json'],
,,19 Oct 2019,21333,Vanilla Flavour,,,,,None,,,,,None,,/?p=section&a=details&id=21333,,,['b4133d37e796c4d02073287f02b9e6eb74a94ba0.bps'],['b4133d37e796c4d02073287f02b9e6eb74a94ba0.json'],
,,27 Oct 2019,21363,Toadette's Adventure,,,,,None,,,,,None,,/?p=section&a=details&id=21363,,,['efacb3af923e59fe61fa07892f8d483087f0055c.bps'],['efacb3af923e59fe61fa07892f8d483087f0055c.json'],
,,27 Oct 2019,21368,Super Beco World,,,,,None,,,,,None,,/?p=section&a=details&id=21368,,,['e901bb361f32b4e1a528936bb92585c1f36ddcc3.bps'],['e901bb361f32b4e1a528936bb92585c1f36ddcc3.json'],
,,28 Oct 2019,21370,A Lenda do Herói (Songs for a Hero),,,,,None,,,,,None,,/?p=section&a=details&id=21370,,,"['24d332972645a8bb9486736522110366f6b20d26.bps', 'c7562875abf25c679f66e2bfc3eb0f8e7e17963e.bps']","['24d332972645a8bb9486736522110366f6b20d26.json', 'c7562875abf25c679f66e2bfc3eb0f8e7e17963e.json']",
,,29 Oct 2019,21373,The Sagan Saga,,,,,None,,,,,None,,/?p=section&a=details&id=21373,,,['c5ae525f9221e98aa9413b543e230f708fc66f15.bps'],['c5ae525f9221e98aa9413b543e230f708fc66f15.json'],
,,29 Oct 2019,21374,Toadette's Adventure,,,,,None,,,,,None,,/?p=section&a=details&id=21374,,,['e9ec233f72db0b9c44c98e3e9f78821a44a70fae.bps'],['e9ec233f72db0b9c44c98e3e9f78821a44a70fae.json'],
,,30 Oct 2019,21381,Kekcroc DASH!,,,,,None,,,,,None,,/?p=section&a=details&id=21381,,,['1a19988bd5e5b46e7fdaea9050ee88debfdf22f4.bps'],['1a19988bd5e5b46e7fdaea9050ee88debfdf22f4.json'],
,,30 Oct 2019,21382,Tithered Mario,,,,,None,,,,,None,,/?p=section&a=details&id=21382,,,['f8b86d82679717d2ff58a79ff31b2fbf0cec45c0.bps'],['f8b86d82679717d2ff58a79ff31b2fbf0cec45c0.json'],
,,31 Oct 2019,21389,The Quest for the Candies,,,,,None,,,,,None,,/?p=section&a=details&id=21389,,,['117f840268318e339311bc336cc3919ba34431a3.bps'],['117f840268318e339311bc336cc3919ba34431a3.json'],
,,02 Nov 2019,21407,Epic Gamer World,,,,,None,,,,,None,,/?p=section&a=details&id=21407,,,['5ac121bd28df45cfb4722c4c16466cf516c74a3b.bps'],['5ac121bd28df45cfb4722c4c16466cf516c74a3b.json'],
,,03 Nov 2019,21414,WAIFUS!!!!!,,,,,None,,,,,None,,/?p=section&a=details&id=21414,,,['f613da8988e8a75ba47aaaf5c5a29f4f91fd65e2.bps'],['f613da8988e8a75ba47aaaf5c5a29f4f91fd65e2.json'],
,,05 Nov 2019,21438,SMW The Princess Rescue,,,,,None,,,,,None,,/?p=section&a=details&id=21438,,,"['2121b374756ef9fecc80ff2e1e266bcb0aa9920e.bps', '758b37354b196a058cc89f55fedbd572433445f9.bps']","['2121b374756ef9fecc80ff2e1e266bcb0aa9920e.json', '758b37354b196a058cc89f55fedbd572433445f9.json']",
,,05 Nov 2019,21439,SMW The Princess Rescue 2 - Luigi's Journey!,,,,,None,,,,,None,,/?p=section&a=details&id=21439,,,"['a0df091d18e92768cb1c500dd57717f51b77f255.bps', 'bf4617c21bf523cf849bab375f0ea2c78cf184e4.bps']","['a0df091d18e92768cb1c500dd57717f51b77f255.json', 'bf4617c21bf523cf849bab375f0ea2c78cf184e4.json']",
,,08 Nov 2019,21456,Ayashi Mario 2 : Lost in Hyrule,,,,,None,,,,,None,,/?p=section&a=details&id=21456,,,['64b2b0f8afd779eeba2019a2b21a179178698f1c.bps'],['64b2b0f8afd779eeba2019a2b21a179178698f1c.json'],
,,10 Nov 2019,21469,Grand Troll World,,,,,None,,,,,None,,/?p=section&a=details&id=21469,,,['d71b9f8079659fa372c8ddd3fb119035abc11ac9.bps'],['d71b9f8079659fa372c8ddd3fb119035abc11ac9.json'],
,,10 Nov 2019,21475,Super Toad Planet,,,,,None,,,,,None,,/?p=section&a=details&id=21475,,,['3750e17d6c7a3b70049ea8a09d4215623c21943a.bps'],['3750e17d6c7a3b70049ea8a09d4215623c21943a.json'],
,,11 Nov 2019,21478,Super Lani World 2,,,,,None,,,,,None,,/?p=section&a=details&id=21478,,,['e429d6ac48eae95c2bf6454dd12e88aabaf5d6d0.bps'],['e429d6ac48eae95c2bf6454dd12e88aabaf5d6d0.json'],
,,12 Nov 2019,21480,SMW The Princess Rescue 2,,,,,None,,,,,None,,/?p=section&a=details&id=21480,,,"['cf11f9d59bc72468dac297f18d9990ff00982d5c.bps', '749fb44076b87807febbef689bd93183c1e10159.bps']","['cf11f9d59bc72468dac297f18d9990ff00982d5c.json', '749fb44076b87807febbef689bd93183c1e10159.json']",
,,15 Nov 2019,21492,Mario's Moonwalk 2 Beta 2,,,,,None,,,,,None,,/?p=section&a=details&id=21492,,,"['c4c4fffaf41d4195791452cdf326b0ec6e0aca9a.bps', '42ee3f5cd0ef85803eaa4f6e5c9457b5d65cf1e4.bps', '6fd72e562ee1f5243881756b57d1b26fac198704.bps']","['c4c4fffaf41d4195791452cdf326b0ec6e0aca9a.json', '42ee3f5cd0ef85803eaa4f6e5c9457b5d65cf1e4.json', '6fd72e562ee1f5243881756b57d1b26fac198704.json']",
,,16 Nov 2019,21498,Super Beco World,,,,,None,,,,,None,,/?p=section&a=details&id=21498,,,['d9c6a68a57aa993b5c428547d66d8ef8b2ddba75.bps'],['d9c6a68a57aa993b5c428547d66d8ef8b2ddba75.json'],
,,16 Nov 2019,21500,The Xiao,,,,,None,,,,,None,,/?p=section&a=details&id=21500,,,['2db60166e599ef37b0444a9c300c455443acb29c.bps'],['2db60166e599ef37b0444a9c300c455443acb29c.json'],
,,16 Nov 2019,21501,The Xiao,,,,,None,,,,,None,,/?p=section&a=details&id=21501,,,['ae4894c1225342e142609f7adceabd12fcce3cdc.bps'],['ae4894c1225342e142609f7adceabd12fcce3cdc.json'],
,,17 Nov 2019,21503,Eroi del passato,,,,,None,,,,,None,,/?p=section&a=details&id=21503,,,['741c215ed2362718ba6cb69e4108ca26ebe196db.bps'],['741c215ed2362718ba6cb69e4108ca26ebe196db.json'],
,,19 Nov 2019,21511,Super Scroll World,,,,,None,,,,,None,,/?p=section&a=details&id=21511,,,['5552d30329f692507d778433b7a3f7c29d8be511.bps'],['5552d30329f692507d778433b7a3f7c29d8be511.json'],
,,25 Nov 2019,21539,Super Sweg World,,,,,None,,,,,None,,/?p=section&a=details&id=21539,,,['a68178577c984f6ffb344fef558c61b5c7dc2c4e.bps'],['a68178577c984f6ffb344fef558c61b5c7dc2c4e.json'],
,,26 Nov 2019,21549,WAIFU$!!!,,,,,None,,,,,None,,/?p=section&a=details&id=21549,,,['ade9503474551643ddd91126a230576ede014eb6.bps'],['ade9503474551643ddd91126a230576ede014eb6.json'],
,,27 Nov 2019,21550,Vanilla Flavour,,,,,None,,,,,None,,/?p=section&a=details&id=21550,,,['de77ff0d055f14487f2bf4a0965da6377bf14837.bps'],['de77ff0d055f14487f2bf4a0965da6377bf14837.json'],
,,27 Nov 2019,21551,Super Mario World 2,,,,,None,,,,,None,,/?p=section&a=details&id=21551,,,['dc890dcb8520cb5403e9ea21fe64f97b5c2d59ce.bps'],['dc890dcb8520cb5403e9ea21fe64f97b5c2d59ce.json'],
,,27 Nov 2019,21554,Lessness World,,,,,None,,,,,None,,/?p=section&a=details&id=21554,,,['b820e0018b61754527e949a0f49a4dc37944e615.bps'],['b820e0018b61754527e949a0f49a4dc37944e615.json'],
,,28 Nov 2019,21556,Super Lani World 2,,,,,None,,,,,None,,/?p=section&a=details&id=21556,,,['2a3a52c8f7b57f1b94e36cbbf45a83792a049d31.bps'],['2a3a52c8f7b57f1b94e36cbbf45a83792a049d31.json'],
,,29 Nov 2019,21568,Super Mario Sunshine Snes,,,,,None,,,,,None,,/?p=section&a=details&id=21568,,,['3a19dfc62e854f07fbcfcfba8fa6c2a50e39d6a3.bps'],['3a19dfc62e854f07fbcfcfba8fa6c2a50e39d6a3.json'],
,,29 Nov 2019,21569,Undertale Bad Time and Popyros and Flowey,,,,,None,,,,,None,,/?p=section&a=details&id=21569,,,['a67558bba60b7d46c76a35c6ad9f95a643dcc3c3.bps'],['a67558bba60b7d46c76a35c6ad9f95a643dcc3c3.json'],
,,01 Dec 2019,21581,Soup or Solstng World,,,,,None,,,,,None,,/?p=section&a=details&id=21581,,,['0c28b88a30b946543e023fb42d71a699dcac5494.bps'],['0c28b88a30b946543e023fb42d71a699dcac5494.json'],
,,03 Dec 2019,21589,Darkstar,,,,,None,,,,,None,,/?p=section&a=details&id=21589,,,['7728f875baebdb18689d3371b14b7260acba264b.bps'],['7728f875baebdb18689d3371b14b7260acba264b.json'],
,,05 Dec 2019,21595,Mura World,,,,,None,,,,,None,,/?p=section&a=details&id=21595,,,"['378d9fd395df4a31dc6b4fd634ede346c553b268.bps', '58899d48c096940ac4dece13252fe9db4e6d21b7.bps']","['378d9fd395df4a31dc6b4fd634ede346c553b268.json', '58899d48c096940ac4dece13252fe9db4e6d21b7.json']",
,,06 Dec 2019,21601,Mura World,,,,,None,,,,,None,,/?p=section&a=details&id=21601,,,"['6e63643c6e7457e7d8337e83cd0dffc78e4bdba8.bps', '8dada4475f58b80b9906329658eae66a566f7eb9.bps']","['6e63643c6e7457e7d8337e83cd0dffc78e4bdba8.json', '8dada4475f58b80b9906329658eae66a566f7eb9.json']",
,,07 Dec 2019,21603,Interesting Kaizo World,,,,,None,,,,,None,,/?p=section&a=details&id=21603,,,['7d79c178226e52116427e8ee1793e58b4775d181.bps'],['7d79c178226e52116427e8ee1793e58b4775d181.json'],
,,08 Dec 2019,21611,Ayashi Mario 2,,,,,None,,,,,None,,/?p=section&a=details&id=21611,,,['905e6d7603dab50f946a1cf078c7526741694eaa.bps'],['905e6d7603dab50f946a1cf078c7526741694eaa.json'],
,,10 Dec 2019,21619,Mura World,,,,,None,,,,,None,,/?p=section&a=details&id=21619,,,"['b6d9d355e239fdbb4a722dd4387f9bdb63789c51.bps', '77f0248e8e0ba7704347d15340559608b689458c.bps']","['b6d9d355e239fdbb4a722dd4387f9bdb63789c51.json', '77f0248e8e0ba7704347d15340559608b689458c.json']",
,,11 Dec 2019,21624,Super Mario World de Volta ao Jogo,,,,,None,,,,,None,,/?p=section&a=details&id=21624,,,['057e70a1f341ba67c2570648f2298c702923f4db.bps'],['057e70a1f341ba67c2570648f2298c702923f4db.json'],
,,13 Dec 2019,21637,Denali's Tail,,,,,None,,,,,None,,/?p=section&a=details&id=21637,,,['26870c490f359872061b4c34a9d8534db7a52f6e.bps'],['26870c490f359872061b4c34a9d8534db7a52f6e.json'],
,,17 Dec 2019,21657,kowabunga,,,,,None,,,,,None,,/?p=section&a=details&id=21657,,,['3e07c22ff994bc89ec2107631e9c8347214ccc8c.bps'],['3e07c22ff994bc89ec2107631e9c8347214ccc8c.json'],
,,19 Dec 2019,21664,Super Mario World: Christmas Edition,,,,,None,,,,,None,,/?p=section&a=details&id=21664,,,['b5c68989137cf538a158b6098d13b417d48f032b.bps'],['b5c68989137cf538a158b6098d13b417d48f032b.json'],
,,19 Dec 2019,21666,Fennekin's Kaizo world (v.5),,,,,None,,,,,None,,/?p=section&a=details&id=21666,,,['16fdf2f3a8392e47b7fbe5b513c9edc8bf0046fb.bps'],['16fdf2f3a8392e47b7fbe5b513c9edc8bf0046fb.json'],
,,21 Dec 2019,21674,Lessness World,,,,,None,,,,,None,,/?p=section&a=details&id=21674,,,['840d09dee82529ec5998faeb7211681e1ce15207.bps'],['840d09dee82529ec5998faeb7211681e1ce15207.json'],
,,21 Dec 2019,21676,Super Mario World: Christmas Edition,,,,,None,,,,,None,,/?p=section&a=details&id=21676,,,['7bb3d3efd591425239fa20b0dc624920a7baa215.bps'],['7bb3d3efd591425239fa20b0dc624920a7baa215.json'],
,,23 Dec 2019,21685,Mario Rescues Santa Claus,,,,,None,,,,,None,,/?p=section&a=details&id=21685,,,['39db569df8d1ddb9bbffc610e0b8a8939fdccdb7.bps'],['39db569df8d1ddb9bbffc610e0b8a8939fdccdb7.json'],
,,23 Dec 2019,21686,Luigi Adventure 1: Rescue Daisy,,,,,None,,,,,None,,/?p=section&a=details&id=21686,,,"['2d3ac1520eae645752834b97cd7dac3c4388a9b1.bps', 'b35840531aa8bfe675ccd921c9e7712d6d641a81.bps']","['2d3ac1520eae645752834b97cd7dac3c4388a9b1.json', 'b35840531aa8bfe675ccd921c9e7712d6d641a81.json']",
,,24 Dec 2019,21692,A New Adventure Starring Mario by CrashFC,,,,,None,,,,,None,,/?p=section&a=details&id=21692,,,['ef982927c8d8762c88bc81d7b8a6a0af0b5a8239.bps'],['ef982927c8d8762c88bc81d7b8a6a0af0b5a8239.json'],
,,27 Dec 2019,21706,Super Maple World,,,,,None,,,,,None,,/?p=section&a=details&id=21706,,,['3b73ceaa1e41f5d525f354325d2d82b2347ac92e.bps'],['3b73ceaa1e41f5d525f354325d2d82b2347ac92e.json'],
,,01 Jan 2020,21738,Mura World 2,,,,,None,,,,,None,,/?p=section&a=details&id=21738,,,"['56ee166193ba9453c6f5b6baf6a9fe300c180d87.bps', 'a57fd696a63d030c3ff784bc01457a867264ebba.bps']","['56ee166193ba9453c6f5b6baf6a9fe300c180d87.json', 'a57fd696a63d030c3ff784bc01457a867264ebba.json']",
,,01 Jan 2020,21741,I always wanted to know who Ldad is and that's why I do this hack,,,,,None,,,,,None,,/?p=section&a=details&id=21741,,,['a48dade48aa865f0fc76f55539bbad93ff9a0680.bps'],['a48dade48aa865f0fc76f55539bbad93ff9a0680.json'],
,,03 Jan 2020,21751,Super Mario Travellers,,,,,None,,,,,None,,/?p=section&a=details&id=21751,,,['e820b1027ac0f5aea75268b3429ae0334fe17749.bps'],['e820b1027ac0f5aea75268b3429ae0334fe17749.json'],
,,03 Jan 2020,21752,Super Mario Another Retro,,,,,None,,,,,None,,/?p=section&a=details&id=21752,,,['31f76619e2390179c9c7ebd4477c43b15be73650.bps'],['31f76619e2390179c9c7ebd4477c43b15be73650.json'],
,,03 Jan 2020,21784,Return Trip,,,,,None,,,,,None,,/?p=section&a=details&id=21784,,,['f94db6ee49cf74fadff91120f5aa60a51ce0cd00.bps'],['f94db6ee49cf74fadff91120f5aa60a51ce0cd00.json'],
,,05 Jan 2020,21844,SMW The Crown Tale,,,,,None,,,,,None,,/?p=section&a=details&id=21844,,,"['9408fc128c41280247da1961dd99f91c09d03040.bps', 'bec6d61a87a37d9e3d49cdc28588e9217339ade1.bps']","['9408fc128c41280247da1961dd99f91c09d03040.json', 'bec6d61a87a37d9e3d49cdc28588e9217339ade1.json']",
,,07 Jan 2020,21868,ALPHA SPHERE: Director's Cut,,,,,None,,,,,None,,/?p=section&a=details&id=21868,,,['62478471f994c8bb82e1fd86e82af226910929a3.bps'],['62478471f994c8bb82e1fd86e82af226910929a3.json'],
,,07 Jan 2020,21871,Meat's Quest: Super Mario World and the Bois!,,,,,None,,,,,None,,/?p=section&a=details&id=21871,,,['520615a4673b29ddee3b8027e51d717d8d51ef42.bps'],['520615a4673b29ddee3b8027e51d717d8d51ef42.json'],
,,08 Jan 2020,21892,Breaking Star,,,,,None,,,,,None,,/?p=section&a=details&id=21892,,,['87fe5b362b7ae845dc4edbf22fbbba2c1acb6693.bps'],['87fe5b362b7ae845dc4edbf22fbbba2c1acb6693.json'],
,,08 Jan 2020,21898,Super Mario FX (Demo),,,,,None,,,,,None,,/?p=section&a=details&id=21898,,,['fa1acf830b74f14443eeb4d09e3d76b0fd71055f.bps'],['fa1acf830b74f14443eeb4d09e3d76b0fd71055f.json'],
,,09 Jan 2020,21901,Mura World 2,,,,,None,,,,,None,,/?p=section&a=details&id=21901,,,"['0f5d6fbcda3deafe926134122b25849754d81d7a.bps', '5c19473f64532819e8db3382ff54ca472c710927.bps']","['0f5d6fbcda3deafe926134122b25849754d81d7a.json', '5c19473f64532819e8db3382ff54ca472c710927.json']",
,,10 Jan 2020,21918,WAIFU$!!!,,,,,None,,,,,None,,/?p=section&a=details&id=21918,,,['43725a4f7f78559eaed5c4806e1393e925082d61.bps'],['43725a4f7f78559eaed5c4806e1393e925082d61.json'],
,,11 Jan 2020,21925,Super Beco World,,,,,None,,,,,None,,/?p=section&a=details&id=21925,,,['4241ad528c7c0de10f6fca594270630837f725d1.bps'],['4241ad528c7c0de10f6fca594270630837f725d1.json'],
,,11 Jan 2020,21926,Super Beco World,,,,,None,,,,,None,,/?p=section&a=details&id=21926,,,['4241ad528c7c0de10f6fca594270630837f725d1.bps'],['4241ad528c7c0de10f6fca594270630837f725d1.json'],
,,12 Jan 2020,21929,Meat's Quest: Super Mario World and the Bois!,,,,,None,,,,,None,,/?p=section&a=details&id=21929,,,['c2d722d7d35c66766fe9f347cd499e2359fc618b.bps'],['c2d722d7d35c66766fe9f347cd499e2359fc618b.json'],
,,12 Jan 2020,21932,WAIFU$!!!,,,,,None,,,,,None,,/?p=section&a=details&id=21932,,,['43725a4f7f78559eaed5c4806e1393e925082d61.bps'],['43725a4f7f78559eaed5c4806e1393e925082d61.json'],
,,13 Jan 2020,21942,SMW The Princess Rescue 2 - Luigi's Journey!,,,,,None,,,,,None,,/?p=section&a=details&id=21942,,,"['4713d4f9cc9533d0391356ec1ee0120ada3406f4.bps', '553f0b04b7e298fe137b2b7b1bfff4566c150afd.bps']","['4713d4f9cc9533d0391356ec1ee0120ada3406f4.json', '553f0b04b7e298fe137b2b7b1bfff4566c150afd.json']",
,,13 Jan 2020,21949,The Last Straw,,,,,None,,,,,None,,/?p=section&a=details&id=21949,,,['fc20590e1057915563cf55a306634f74b4e5453e.bps'],['fc20590e1057915563cf55a306634f74b4e5453e.json'],
,,16 Jan 2020,21960,Y-SH-'S H--NT-D W-RLD,,,,,None,,,,,None,,/?p=section&a=details&id=21960,,,['2ca2a943a508be7f2314f854de66c9fc8e051041.bps'],['2ca2a943a508be7f2314f854de66c9fc8e051041.json'],
,,21 Jan 2020,21995,Wrath of Bowser V1.1,,,,,None,,,,,None,,/?p=section&a=details&id=21995,,,['0bfa8b02536185d0716fecf1c46b63be0078a586.bps'],['0bfa8b02536185d0716fecf1c46b63be0078a586.json'],
,,23 Jan 2020,22008,Super Mario Another Retro,,,,,None,,,,,None,,/?p=section&a=details&id=22008,,,['a549cc1ba2e0695fcd0126f2caba8cd042ecef92.bps'],['a549cc1ba2e0695fcd0126f2caba8cd042ecef92.json'],
,,24 Jan 2020,22010,dumb,,,,,None,,,,,None,,/?p=section&a=details&id=22010,,,['01ee7ad525d832b5c7c60cb01dc981e60aa9dd77.bps'],['01ee7ad525d832b5c7c60cb01dc981e60aa9dd77.json'],
,,24 Jan 2020,22011,GARLIC,,,,,None,,,,,None,,/?p=section&a=details&id=22011,,,['a267289c381a4c7f6e90c93233ef69c681f92572.bps'],['a267289c381a4c7f6e90c93233ef69c681f92572.json'],
,,24 Jan 2020,22013,Dininho World,,,,,None,,,,,None,,/?p=section&a=details&id=22013,,,['e86c1fce5055874193e63f77feb8982cf98adcf1.bps'],['e86c1fce5055874193e63f77feb8982cf98adcf1.json'],
,,25 Jan 2020,22020,Dininho World,,,,,None,,,,,None,,/?p=section&a=details&id=22020,,,['d961045edfa906db0a1231a5e8b1e16bea129b86.bps'],['d961045edfa906db0a1231a5e8b1e16bea129b86.json'],
,,25 Jan 2020,22028,"Same Sprites, Different Levels",,,,,None,,,,,None,,/?p=section&a=details&id=22028,,,['996e017265116d807b9a497fc0c797426b6108b1.bps'],['996e017265116d807b9a497fc0c797426b6108b1.json'],
,,26 Jan 2020,22035,Super Scoopa Troopa World,,,,,None,,,,,None,,/?p=section&a=details&id=22035,,,['3e2e30dc87e6102eb9456ec39186504933e686b9.bps'],['3e2e30dc87e6102eb9456ec39186504933e686b9.json'],
,,28 Jan 2020,22043,Super Mario World But There Are More Power Ups,,,,,None,,,,,None,,/?p=section&a=details&id=22043,,,['9513d4ff76f6fbe494a1ee2794372ee855ca4e2d.bps'],['9513d4ff76f6fbe494a1ee2794372ee855ca4e2d.json'],
,,29 Jan 2020,22052,Super Swunsh World,,,,,None,,,,,None,,/?p=section&a=details&id=22052,,,['4558be8adb1c4b00c19c128ff80b01842a121860.bps'],['4558be8adb1c4b00c19c128ff80b01842a121860.json'],
,,30 Jan 2020,22058,Mario Mania,,,,,None,,,,,None,,/?p=section&a=details&id=22058,,,"['90923e6e027a05ccb8f238aa49c45c58a1a44cd0.bps', 'ef441d6684c4a325c6b410f86f4efb1cd718df41.bps']","['90923e6e027a05ccb8f238aa49c45c58a1a44cd0.json', 'ef441d6684c4a325c6b410f86f4efb1cd718df41.json']",
,,02 Feb 2020,22081,Super Mario /v/orld,,,,,None,,,,,None,,/?p=section&a=details&id=22081,,,['2c6a409a1bdb4635e3d63b7a31643cf473aa3646.bps'],['2c6a409a1bdb4635e3d63b7a31643cf473aa3646.json'],
,,05 Feb 2020,22093,Romhack Races - Season 4 Collaboration,,,,,None,,,,,None,,/?p=section&a=details&id=22093,,,['9923e8d6418d501581d26795b588ae745373194f.bps'],['9923e8d6418d501581d26795b588ae745373194f.json'],
,,05 Feb 2020,22095,DeClock Mario,,,,,None,,,,,None,,/?p=section&a=details&id=22095,,,['781e35ce8b1c8c50200f5dbd057cb67039787283.bps'],['781e35ce8b1c8c50200f5dbd057cb67039787283.json'],
,,06 Feb 2020,22097,ALPHA SPHERE: Director's Cut,,,,,None,,,,,None,,/?p=section&a=details&id=22097,,,['2cc923df258d6d1cd8c44d259e896160402debae.bps'],['2cc923df258d6d1cd8c44d259e896160402debae.json'],
,,08 Feb 2020,22113,Breaking Star,,,,,None,,,,,None,,/?p=section&a=details&id=22113,,,['0c4674e4d3a202531036f68967ef7a083fba6b30.bps'],['0c4674e4d3a202531036f68967ef7a083fba6b30.json'],
,,12 Feb 2020,22130,Super Mario World feat. Reimu Hakurei,,,,,None,,,,,None,,/?p=section&a=details&id=22130,,,['361dc43d59cb774c40d1011b160b2b53ad26254a.bps'],['361dc43d59cb774c40d1011b160b2b53ad26254a.json'],
,,13 Feb 2020,22142,Basic Mario Hack,,,,,None,,,,,None,,/?p=section&a=details&id=22142,,,['ff577f47057bccade1bdf67231fd558b2fe686c0.bps'],['ff577f47057bccade1bdf67231fd558b2fe686c0.json'],
,,16 Feb 2020,22169,Fast Mario World 1.0,,,,,None,,,,,None,,/?p=section&a=details&id=22169,,,['ab2f3239bcd808fecd9f370b267b98a05cc5e428.bps'],['ab2f3239bcd808fecd9f370b267b98a05cc5e428.json'],
,,17 Feb 2020,22188,Super Mario Bros. Advance,,,,,None,,,,,None,,/?p=section&a=details&id=22188,,,['231200cd554fa141bb1269175276e5ae64726941.bps'],['231200cd554fa141bb1269175276e5ae64726941.json'],
,,21 Feb 2020,22216,Prehistoric Mario,,,,,None,,,,,None,,/?p=section&a=details&id=22216,,,['94eada9ad22167191ebca3259a36525fd998c7a4.bps'],['94eada9ad22167191ebca3259a36525fd998c7a4.json'],
,,23 Feb 2020,22235,Bread World,,,,,None,,,,,None,,/?p=section&a=details&id=22235,,,['c3ec702c23832887bfbe159c8e3a73cadd4426cf.bps'],['c3ec702c23832887bfbe159c8e3a73cadd4426cf.json'],
,,24 Feb 2020,22243,RVXvt - Level: NightSwitch,,,,,None,,,,,None,,/?p=section&a=details&id=22243,,,['ed8ce8583167a61a0e34c748f1f47c12f9456f33.bps'],['ed8ce8583167a61a0e34c748f1f47c12f9456f33.json'],
,,26 Feb 2020,22264,Snoman's Land,,,,,None,,,,,None,,/?p=section&a=details&id=22264,,,['79c981e5e3ddb9ec3eed7575f1a600cfc4b9aadb.bps'],['79c981e5e3ddb9ec3eed7575f1a600cfc4b9aadb.json'],
,,27 Feb 2020,22269,Not So Super Maryo World,,,,,None,,,,,None,,/?p=section&a=details&id=22269,,,['13c46030c06970a65dbf3dd572022da557a28950.bps'],['13c46030c06970a65dbf3dd572022da557a28950.json'],
,,27 Feb 2020,22271,Mario World With Reimu,,,,,None,,,,,None,,/?p=section&a=details&id=22271,,,['4fa64fb75294aff370290500ad211b8fc99599a9.bps'],['4fa64fb75294aff370290500ad211b8fc99599a9.json'],
,,27 Feb 2020,22276,Super PKlepek World,,,,,None,,,,,None,,/?p=section&a=details&id=22276,,,['4b7810fd1b41571b2d16bca35e81b22e1f6a4253.bps'],['4b7810fd1b41571b2d16bca35e81b22e1f6a4253.json'],
,,28 Feb 2020,22277,Friday Mario World,,,,,None,,,,,None,,/?p=section&a=details&id=22277,,,['ff0891ee6eaa355d44d60013d339da060066979a.bps'],['ff0891ee6eaa355d44d60013d339da060066979a.json'],
,,28 Feb 2020,22280,Tricky Mario,,,,,None,,,,,None,,/?p=section&a=details&id=22280,,,['57fc4aa20e161480696b422af3583784767fa299.bps'],['57fc4aa20e161480696b422af3583784767fa299.json'],
,,29 Feb 2020,22291,WAIFU$!!!,,,,,None,,,,,None,,/?p=section&a=details&id=22291,,,['fea356c151128c5a49381fa96c2d453e5988b4a5.bps'],['fea356c151128c5a49381fa96c2d453e5988b4a5.json'],
,,02 Mar 2020,22306,Snoman's Land,,,,,None,,,,,None,,/?p=section&a=details&id=22306,,,['7a7b99f4dd1e0d245d59acdfc08fd56a59047366.bps'],['7a7b99f4dd1e0d245d59acdfc08fd56a59047366.json'],
,,06 Mar 2020,22349,Kawa Mario World,,,,,None,,,,,None,,/?p=section&a=details&id=22349,,,['575ab67b6cd824748ab940fbe77d8d19721395dc.bps'],['575ab67b6cd824748ab940fbe77d8d19721395dc.json'],
,,08 Mar 2020,22356,Big Boo's Revenge 2 Mario strikes back,,,,,None,,,,,None,,/?p=section&a=details&id=22356,,,['cdfc1b59c0356bc21c170f4f94d206e34914c1bd.bps'],['cdfc1b59c0356bc21c170f4f94d206e34914c1bd.json'],
,,10 Mar 2020,22365,Unnamed 2D Mario Game,,,,,None,,,,,None,,/?p=section&a=details&id=22365,,,['4e7e7a2eb902033a6898f2722571e998f5f67280.bps'],['4e7e7a2eb902033a6898f2722571e998f5f67280.json'],
,,10 Mar 2020,22367,The Mario Quest Update 2.0,,,,,None,,,,,None,,/?p=section&a=details&id=22367,,,['d105256e5d9b79aebe3aff2bcf35aa5700a5135c.bps'],['d105256e5d9b79aebe3aff2bcf35aa5700a5135c.json'],
,,12 Mar 2020,22380,Mario Vs. The Deadly Allience,,,,,None,,,,,None,,/?p=section&a=details&id=22380,,,['a91d5d06c0a6e172e1bf57839c8bd0dd0dfc0ca9.bps'],['a91d5d06c0a6e172e1bf57839c8bd0dd0dfc0ca9.json'],
,,12 Mar 2020,22381,The Wahn-Stew Race,,,,,None,,,,,None,,/?p=section&a=details&id=22381,,,['c56ded27c0879370466ee7a1a2cb2cf90e921b0c.bps'],['c56ded27c0879370466ee7a1a2cb2cf90e921b0c.json'],
,,15 Mar 2020,22395,Super Mario World - Mushroom revolution (Demo 1),,,,,None,,,,,None,,/?p=section&a=details&id=22395,,,['b1949d1def514a7b5ea3fcedba0403f2dc362ca7.bps'],['b1949d1def514a7b5ea3fcedba0403f2dc362ca7.json'],
,,15 Mar 2020,22396,Garbage Mario World,,,,,None,,,,,None,,/?p=section&a=details&id=22396,,,['6f6d090b72f6c8ec54a391ee4c9a7d1240cedbb7.bps'],['6f6d090b72f6c8ec54a391ee4c9a7d1240cedbb7.json'],
,,15 Mar 2020,22398,You Might Get Super Mad,,,,,None,,,,,None,,/?p=section&a=details&id=22398,,,['9c0b4bb6f903b3789f3775ffb4915c615981ffb2.bps'],['9c0b4bb6f903b3789f3775ffb4915c615981ffb2.json'],
,,16 Mar 2020,22399,Super Epic Mario World,,,,,None,,,,,None,,/?p=section&a=details&id=22399,,,['cd5bbf4ddf6dcfe3b94896998a7e64997c587cb4.bps'],['cd5bbf4ddf6dcfe3b94896998a7e64997c587cb4.json'],
,,16 Mar 2020,22408,Momoku Mario World,,,,,None,,,,,None,,/?p=section&a=details&id=22408,,,['78cc83c2b07e79a25afd472b634e3eea86e09fc9.bps'],['78cc83c2b07e79a25afd472b634e3eea86e09fc9.json'],
,,17 Mar 2020,22410,Super Mario World: A Hack That Takes A Few Minutes to beat...,,,,,None,,,,,None,,/?p=section&a=details&id=22410,,,['9df4ccc7983769f64815ee51cc970798925a0dc7.bps'],['9df4ccc7983769f64815ee51cc970798925a0dc7.json'],
,,17 Mar 2020,22415,mario is done with bowsers crap,,,,,None,,,,,None,,/?p=section&a=details&id=22415,,,['358ae3546ad1140f4936097065aac1ecc4b35cdd.bps'],['358ae3546ad1140f4936097065aac1ecc4b35cdd.json'],
,,18 Mar 2020,22422,Unnamed 2D Mario Game (FIXED - Beta 1.4),,,,,None,,,,,None,,/?p=section&a=details&id=22422,,,['c07d41b9cd2cab030b695ff4f114d8926242e8a9.bps'],['c07d41b9cd2cab030b695ff4f114d8926242e8a9.json'],
,,18 Mar 2020,22425,smw hakc,,,,,None,,,,,None,,/?p=section&a=details&id=22425,,,['d83322a706abdbfce490b0e6fb508ffd5c0cbd6c.bps'],['d83322a706abdbfce490b0e6fb508ffd5c0cbd6c.json'],
,,18 Mar 2020,22429,Super Mario World: Another Short Hack,,,,,None,,,,,None,,/?p=section&a=details&id=22429,,,['933b454ec2e4351e2dd1d28379e4658bad0af5b8.bps'],['933b454ec2e4351e2dd1d28379e4658bad0af5b8.json'],
,,19 Mar 2020,22438,Super Mario Endless World DEMO (restarted),,,,,None,,,,,None,,/?p=section&a=details&id=22438,,,['09210ab4a76cdde2bbad3a2fbb7f4647ade3240c.bps'],['09210ab4a76cdde2bbad3a2fbb7f4647ade3240c.json'],
,,20 Mar 2020,22440,Garbage Mario World,,,,,None,,,,,None,,/?p=section&a=details&id=22440,,,['550b4a9dfa9e8ec3c5789c9a437c80638d454052.bps'],['550b4a9dfa9e8ec3c5789c9a437c80638d454052.json'],
,,20 Mar 2020,22450,Total Mario World Delta X,,,,,None,,,,,None,,/?p=section&a=details&id=22450,,,['e799a72298bf1a5aa07e5f47adfe957a7971afc5.bps'],['e799a72298bf1a5aa07e5f47adfe957a7971afc5.json'],
,,20 Mar 2020,22454,Super PKlepek World,,,,,None,,,,,None,,/?p=section&a=details&id=22454,,,['c2cd58ecc6ec5bfbbc12ba04f8378915d9c5589b.bps'],['c2cd58ecc6ec5bfbbc12ba04f8378915d9c5589b.json'],
,,22 Mar 2020,22473,Bob's Time Traveling Machine,,,,,None,,,,,None,,/?p=section&a=details&id=22473,,,['66f5048b360961e9cf5d6af72c6b0195f3783629.bps'],['66f5048b360961e9cf5d6af72c6b0195f3783629.json'],
,,24 Mar 2020,22487,River Song,,,,,None,,,,,None,,/?p=section&a=details&id=22487,,,['ff1810034deb90461b080a1b825832185f192644.bps'],['ff1810034deb90461b080a1b825832185f192644.json'],
,,25 Mar 2020,22497,Total Mario World Delta X,,,,,None,,,,,None,,/?p=section&a=details&id=22497,,,['5fdd90c78baa951369d217048d99fe1be6440e34.bps'],['5fdd90c78baa951369d217048d99fe1be6440e34.json'],
,,25 Mar 2020,22500,9 LONG ADVENTURES II: The Mushroom Town Incident,,,,,None,,,,,None,,/?p=section&a=details&id=22500,,,['e4aa45834a32982c6905b5769e8fae589d9f204d.bps'],['e4aa45834a32982c6905b5769e8fae589d9f204d.json'],
,,25 Mar 2020,22501,Super Beast World,,,,,None,,,,,None,,/?p=section&a=details&id=22501,,,['9f4054902a82943ac993c67d399a8b30bb834022.bps'],['9f4054902a82943ac993c67d399a8b30bb834022.json'],
,,25 Mar 2020,22502,The Constellation,,,,,None,,,,,None,,/?p=section&a=details&id=22502,,,"['0c85ab8eb6fee10c363aa01b6812782bd8640882.bps', 'b12b5d44a6e3c8340c2aa55cfc672677828a8211.bps']","['0c85ab8eb6fee10c363aa01b6812782bd8640882.json', 'b12b5d44a6e3c8340c2aa55cfc672677828a8211.json']",
,,25 Mar 2020,22506,KawaMarioWorld,,,,,None,,,,,None,,/?p=section&a=details&id=22506,,,['a5c4f1e6095f1f0a38026b0a1e5cdde4311554a9.bps'],['a5c4f1e6095f1f0a38026b0a1e5cdde4311554a9.json'],
,,26 Mar 2020,22509,Super Mario Worlds Demo,,,,,None,,,,,None,,/?p=section&a=details&id=22509,,,['d05966e81585bbb3dddebd8a6ffc81e60c5fd6a8.bps'],['d05966e81585bbb3dddebd8a6ffc81e60c5fd6a8.json'],
,,26 Mar 2020,22512,Super bendy world,,,,,None,,,,,None,,/?p=section&a=details&id=22512,,,['6331146f3c142cd6410ba942cc701f9de4733bf8.bps'],['6331146f3c142cd6410ba942cc701f9de4733bf8.json'],
,,27 Mar 2020,22516,Super Beast World,,,,,None,,,,,None,,/?p=section&a=details&id=22516,,,['3aea65dfa7e595bc2db468385c241a52005ddc47.bps'],['3aea65dfa7e595bc2db468385c241a52005ddc47.json'],
,,27 Mar 2020,22521,SMW The Crown Tale,,,,,None,,,,,None,,/?p=section&a=details&id=22521,,,"['5987d79e571631649eab03b18e577f6847daf6d0.bps', 'b3e7e9090c92097ec85f6520d2d9fe2a726552f9.bps']","['5987d79e571631649eab03b18e577f6847daf6d0.json', 'b3e7e9090c92097ec85f6520d2d9fe2a726552f9.json']",
,,28 Mar 2020,22523,Tricky Mario,,,,,None,,,,,None,,/?p=section&a=details&id=22523,,,['064ebf48d60c3858f66c45176248f3537ded8dd1.bps'],['064ebf48d60c3858f66c45176248f3537ded8dd1.json'],
,,28 Mar 2020,22525,Take It Easy World,,,,,None,,,,,None,,/?p=section&a=details&id=22525,,,['db16ee77a7875f06322d310fb59c0222b7b8dca8.bps'],['db16ee77a7875f06322d310fb59c0222b7b8dca8.json'],
,,29 Mar 2020,22532,Take It Easy World,,,,,None,,,,,None,,/?p=section&a=details&id=22532,,,['9b4ca2895027a35caa31da3aacfc292efcc97691.bps'],['9b4ca2895027a35caa31da3aacfc292efcc97691.json'],
,,29 Mar 2020,22535,Mario and the Kaizo Trials,,,,,None,,,,,None,,/?p=section&a=details&id=22535,,,['365057720af3698b483721233ced22f0a1b44498.bps'],['365057720af3698b483721233ced22f0a1b44498.json'],
,,30 Mar 2020,22540,Hazuka World,,,,,None,,,,,None,,/?p=section&a=details&id=22540,,,['363762a2a07ddde867e9bd1f5b358e1513ed7036.bps'],['363762a2a07ddde867e9bd1f5b358e1513ed7036.json'],
,,30 Mar 2020,22542,Shells Delivery,,,,,None,,,,,None,,/?p=section&a=details&id=22542,,,['9e5fd2ee52ffe8adbdbe220748778dba8b69c103.bps'],['9e5fd2ee52ffe8adbdbe220748778dba8b69c103.json'],
,,31 Mar 2020,22555,Unnamed 2D Mario Game - April Fools,,,,,None,,,,,None,,/?p=section&a=details&id=22555,,,['a409ffe17f933b8e890150f4b952025328888d42.bps'],['a409ffe17f933b8e890150f4b952025328888d42.json'],
,,01 Apr 2020,22561,Unnamed 2D Mario Game - Fixed April Fools,,,,,None,,,,,None,,/?p=section&a=details&id=22561,,,[],[],
,,01 Apr 2020,22566,Mario VS The Coronavirus,,,,,None,,,,,None,,/?p=section&a=details&id=22566,,,['99e566523d82a989da4d3591d637ccc2decfaed1.bps'],['99e566523d82a989da4d3591d637ccc2decfaed1.json'],
,,01 Apr 2020,22567,Super Mario The Real Adventure,,,,,None,,,,,None,,/?p=section&a=details&id=22567,,,['b141e81fbc0f818439b7524f81d0cb94d9b13137.bps'],['b141e81fbc0f818439b7524f81d0cb94d9b13137.json'],
,,01 Apr 2020,22568,Tricky Mario,,,,,None,,,,,None,,/?p=section&a=details&id=22568,,,['e69af8f4042316eefe44400a659824e17f9c4382.bps'],['e69af8f4042316eefe44400a659824e17f9c4382.json'],
,,01 Apr 2020,22570,Super mario world mario and luigi Epic adventure,,,,,None,,,,,None,,/?p=section&a=details&id=22570,,,['0d79e73f3741c8522ef6ab29e8b405de0d67a327.bps'],['0d79e73f3741c8522ef6ab29e8b405de0d67a327.json'],
,,02 Apr 2020,22576,Super mario world mario and luigi Epic adventure,,,,,None,,,,,None,,/?p=section&a=details&id=22576,,,['0d79e73f3741c8522ef6ab29e8b405de0d67a327.bps'],['0d79e73f3741c8522ef6ab29e8b405de0d67a327.json'],
,,05 Apr 2020,22599,SMW The Princess Rescue 2 - Luigi's Journey!,,,,,None,,,,,None,,/?p=section&a=details&id=22599,,,"['3cdef10305cd60972c12193c462867fcbc1d2d25.bps', '52d991dc67583b8646aeb3efb994dc457dab003f.bps']","['3cdef10305cd60972c12193c462867fcbc1d2d25.json', '52d991dc67583b8646aeb3efb994dc457dab003f.json']",
,,05 Apr 2020,22610,It's Just A Normal Quest...,,,,,None,,,,,None,,/?p=section&a=details&id=22610,,,['f049497181cf91ee0f9064d442a5cedd6b877b3c.bps'],['f049497181cf91ee0f9064d442a5cedd6b877b3c.json'],
,,06 Apr 2020,22615,Bob's Time Traveling Machine,,,,,None,,,,,None,,/?p=section&a=details&id=22615,,,['5f2828588589f27d748cd632033a01a727ca43c2.bps'],['5f2828588589f27d748cd632033a01a727ca43c2.json'],
,,06 Apr 2020,22617,Lesbian Vampire Killer World 5000,,,,,None,,,,,None,,/?p=section&a=details&id=22617,,,['f7b9e74dc55230d90979535bd445162b66b4953b.bps'],['f7b9e74dc55230d90979535bd445162b66b4953b.json'],
,,06 Apr 2020,22618,Classic Mario World 3: The Finale,,,,,None,,,,,None,,/?p=section&a=details&id=22618,,,"['bc1525e43301d320e9dd2820e2674556e9a5c709.bps', '30768ca9e0af89b3cd4780a8935121d4c89c260f.bps']","['bc1525e43301d320e9dd2820e2674556e9a5c709.json', '30768ca9e0af89b3cd4780a8935121d4c89c260f.json']",
,,07 Apr 2020,22623,Super Monty World,,,,,None,,,,,None,,/?p=section&a=details&id=22623,,,['81ec15b3c7440148a474436b4222b5bb7bf193d9.bps'],['81ec15b3c7440148a474436b4222b5bb7bf193d9.json'],
,,08 Apr 2020,22629,DeClock Mario,,,,,None,,,,,None,,/?p=section&a=details&id=22629,,,['1acc58bf75e92e9d636b5efee87e92abebe3f768.bps'],['1acc58bf75e92e9d636b5efee87e92abebe3f768.json'],
,,09 Apr 2020,22635,Super Mario Hell,,,,,None,,,,,None,,/?p=section&a=details&id=22635,,,['4413f49ee34411b763200a24e56f6b6e551d4eec.bps'],['4413f49ee34411b763200a24e56f6b6e551d4eec.json'],
,,09 Apr 2020,22638,Classic Mario World 3: The Finale,,,,,None,,,,,None,,/?p=section&a=details&id=22638,,,"['337fec56f0d7051ae14da12d08a750762da0cdae.bps', '91184597bfb41522c6820db9b47d12307b635e83.bps']","['337fec56f0d7051ae14da12d08a750762da0cdae.json', '91184597bfb41522c6820db9b47d12307b635e83.json']",
,,11 Apr 2020,22650,Super N450 World (Demo 0.5),,,,,None,,,,,None,,/?p=section&a=details&id=22650,,,['82547d6310f515093327ea783bf666315f92a236.bps'],['82547d6310f515093327ea783bf666315f92a236.json'],
,,11 Apr 2020,22651,Mario Chocolate Hell,,,,,None,,,,,None,,/?p=section&a=details&id=22651,,,['2182a8a247ad63a8d076dc772fb0b148f7c84e75.bps'],['2182a8a247ad63a8d076dc772fb0b148f7c84e75.json'],
,,11 Apr 2020,22652,Super Toad World,,,,,None,,,,,None,,/?p=section&a=details&id=22652,,,['c95491db9ec95dd78cd899c7c3125de011bd2db8.bps'],['c95491db9ec95dd78cd899c7c3125de011bd2db8.json'],
,,11 Apr 2020,22655,Super N450 World (Demo 0.6),,,,,None,,,,,None,,/?p=section&a=details&id=22655,,,['05a713aa8e82144d018c65b3ab09b2b5f9fd9884.bps'],['05a713aa8e82144d018c65b3ab09b2b5f9fd9884.json'],
,,12 Apr 2020,22673,Super Nothing World,,,,,None,,,,,None,,/?p=section&a=details&id=22673,,,['5cce22bd8daff586165576b37cf00eebfe2c41b6.bps'],['5cce22bd8daff586165576b37cf00eebfe2c41b6.json'],
,,13 Apr 2020,22686,Untitled Mario Meme ROM Hack (Demo edition),,,,,None,,,,,None,,/?p=section&a=details&id=22686,,,['724e1b53471e943af7fc18beb5e53c92d30437a7.bps'],['724e1b53471e943af7fc18beb5e53c92d30437a7.json'],
,,14 Apr 2020,22691,Mario Blitzkrieg,,,,,None,,,,,None,,/?p=section&a=details&id=22691,,,['e96d7ea4b9ca68ba48705a65a757d7b0ace240d0.bps'],['e96d7ea4b9ca68ba48705a65a757d7b0ace240d0.json'],
,,14 Apr 2020,22692,Mario Blitzkrieg,,,,,None,,,,,None,,/?p=section&a=details&id=22692,,,['60b3e79400c740916e043f180c5cefdbb4bcf3d5.bps'],['60b3e79400c740916e043f180c5cefdbb4bcf3d5.json'],
,,14 Apr 2020,22693,Super Mario World : The Other Quest,,,,,None,,,,,None,,/?p=section&a=details&id=22693,,,"['b7eb038429ad6e6ef482cbff73595630fb60e127.bps', '6a73f0555ed4a9e07b78741b188e38d4f8e64daa.bps']","['b7eb038429ad6e6ef482cbff73595630fb60e127.json', '6a73f0555ed4a9e07b78741b188e38d4f8e64daa.json']",
,,14 Apr 2020,22694,Mario Game,,,,,None,,,,,None,,/?p=section&a=details&id=22694,,,['57f7d2cde1a87adfafed3d59d692f01f5ec46358.bps'],['57f7d2cde1a87adfafed3d59d692f01f5ec46358.json'],
,,14 Apr 2020,22696,Heavy Metal World Demo,,,,,None,,,,,None,,/?p=section&a=details&id=22696,,,['432edb540d71b68c524dfee42bff5b446787d286.bps'],['432edb540d71b68c524dfee42bff5b446787d286.json'],
,,15 Apr 2020,22700,ForgottenWorld,,,,,None,,,,,None,,/?p=section&a=details&id=22700,,,['c638b33be30692899c5307944926763c6a2d0073.bps'],['c638b33be30692899c5307944926763c6a2d0073.json'],
,,15 Apr 2020,22710,Super Mario World Redrawn,,,,,None,,,,,None,,/?p=section&a=details&id=22710,,,['ef14c7eb76b2004470461b79277dcc08a604c8aa.bps'],['ef14c7eb76b2004470461b79277dcc08a604c8aa.json'],
,,15 Apr 2020,22711,Super Mario World Redrawn,,,,,None,,,,,None,,/?p=section&a=details&id=22711,,,['ef14c7eb76b2004470461b79277dcc08a604c8aa.bps'],['ef14c7eb76b2004470461b79277dcc08a604c8aa.json'],
,,17 Apr 2020,22721,Super Isikoro Mario World,,,,,None,,,,,None,,/?p=section&a=details&id=22721,,,['9b36a14bbc418d860b6fb8c1e4fe2c06b3b6af0c.bps'],['9b36a14bbc418d860b6fb8c1e4fe2c06b3b6af0c.json'],
,,18 Apr 2020,22731,Super Ninji Land (DEMO),,,,,None,,,,,None,,/?p=section&a=details&id=22731,,,['c62e8d3c0b09767c3dccc254a45032cf14308fc3.bps'],['c62e8d3c0b09767c3dccc254a45032cf14308fc3.json'],
,,18 Apr 2020,22735,Super Mario Ultra World Demo,,,,,None,,,,,None,,/?p=section&a=details&id=22735,,,['6afb06031a640396457439a2af4b221d5472dbbc.bps'],['6afb06031a640396457439a2af4b221d5472dbbc.json'],
,,18 Apr 2020,22738,World of mario,,,,,None,,,,,None,,/?p=section&a=details&id=22738,,,['cb4dad2bb12fdec61a2b74cb8d5cb532a0971a99.bps'],['cb4dad2bb12fdec61a2b74cb8d5cb532a0971a99.json'],
,,19 Apr 2020,22743,Mario Juice Challenge,,,,,None,,,,,None,,/?p=section&a=details&id=22743,,,['57f6980dcac1dbcb688636058c75108a04648bb7.bps'],['57f6980dcac1dbcb688636058c75108a04648bb7.json'],
,,19 Apr 2020,22751,Super l337 World,,,,,None,,,,,None,,/?p=section&a=details&id=22751,,,['6fe720828e5e96def2a549bd89ee608db22ea1fa.bps'],['6fe720828e5e96def2a549bd89ee608db22ea1fa.json'],
,,21 Apr 2020,22765,Mario Blitzkrieg,,,,,None,,,,,None,,/?p=section&a=details&id=22765,,,['4c5d0425bee7c1f890d1a4216da4d28c73d10bf8.bps'],['4c5d0425bee7c1f890d1a4216da4d28c73d10bf8.json'],
,,22 Apr 2020,22772,Zap Lena World,,,,,None,,,,,None,,/?p=section&a=details&id=22772,,,['ee8bb385c8d9779769995828e84e32dcea3000fb.bps'],['ee8bb385c8d9779769995828e84e32dcea3000fb.json'],
,,23 Apr 2020,22776,mario luigi mario luigi Random celebration,,,,,None,,,,,None,,/?p=section&a=details&id=22776,,,['e2f7154f0cad247881dc439bdd176d119c618202.bps'],['e2f7154f0cad247881dc439bdd176d119c618202.json'],
,,24 Apr 2020,22783,Super Ninji Land (DEMO V2),,,,,None,,,,,None,,/?p=section&a=details&id=22783,,,['aa3609e6c69c4845765f533652440648add63c79.bps'],['aa3609e6c69c4845765f533652440648add63c79.json'],
,,24 Apr 2020,22784,Humans 2,,,,,None,,,,,None,,/?p=section&a=details&id=22784,,,['620fd464cac39db0b8b9b8f15b9fcf510d8ec69f.bps'],['620fd464cac39db0b8b9b8f15b9fcf510d8ec69f.json'],
,,24 Apr 2020,22785,Super Mario World: RGB,,,,,None,,,,,None,,/?p=section&a=details&id=22785,,,['019daede40f5b01188c9ff96dbca350009c6a4ea.bps'],['019daede40f5b01188c9ff96dbca350009c6a4ea.json'],
,,24 Apr 2020,22786,Hack Para Veterano Pequena,,,,,None,,,,,None,,/?p=section&a=details&id=22786,,,['92ce3e2f60fcb7fa016733abd6396d9be350f4fa.bps'],['92ce3e2f60fcb7fa016733abd6396d9be350f4fa.json'],
,,25 Apr 2020,22789,SMW The Untold Story,,,,,None,,,,,None,,/?p=section&a=details&id=22789,,,['765268d3355c95ee6cbd279634ffeb0c0c6a5fb8.bps'],['765268d3355c95ee6cbd279634ffeb0c0c6a5fb8.json'],
,,26 Apr 2020,22798,domenyX vs Coronavirus,,,,,None,,,,,None,,/?p=section&a=details&id=22798,,,"['53828948b11083b07ee0f1f09c512072890eb36b.bps', '4d5f9f0ff0baa7f7e3bb1eb6660143b0462b1f93.bps']","['53828948b11083b07ee0f1f09c512072890eb36b.json', '4d5f9f0ff0baa7f7e3bb1eb6660143b0462b1f93.json']",
,,27 Apr 2020,22803,Total Jotary World,,,,,None,,,,,None,,/?p=section&a=details&id=22803,,,['aad8ac4c17d714a60c8fb18c601da11af4de94cd.bps'],['aad8ac4c17d714a60c8fb18c601da11af4de94cd.json'],
,,27 Apr 2020,22808,Super Gondwana World,,,,,None,,,,,None,,/?p=section&a=details&id=22808,,,['9072eb87b5095664cb96c077eac6a66157cda6c0.bps'],['9072eb87b5095664cb96c077eac6a66157cda6c0.json'],
,,27 Apr 2020,22811,Sonic Big Trip Demo 1.0,,,,,None,,,,,None,,/?p=section&a=details&id=22811,,,['7347568bfcc702ee804754241bd223748067f72a.bps'],['7347568bfcc702ee804754241bd223748067f72a.json'],
,,27 Apr 2020,22812,The Misfortunes of Little Denise,,,,,None,,,,,None,,/?p=section&a=details&id=22812,,,"['65f81c652e78816b9b5c7947b04ff16c39c71e68.bps', '00312007f71ce14a6764c2780ef4e4bf63ba594e.bps']","['65f81c652e78816b9b5c7947b04ff16c39c71e68.json', '00312007f71ce14a6764c2780ef4e4bf63ba594e.json']",
,,28 Apr 2020,22819,Super Gondwana World,,,,,None,,,,,None,,/?p=section&a=details&id=22819,,,['df7effb78417e0b868ab1006aef6fb539b6d33bf.bps'],['df7effb78417e0b868ab1006aef6fb539b6d33bf.json'],
,,28 Apr 2020,22820,The Hungrymumbles Project,,,,,None,,,,,None,,/?p=section&a=details&id=22820,,,['35fa4bec98d30f531a9655d481c457b6e7b3dd47.bps'],['35fa4bec98d30f531a9655d481c457b6e7b3dd47.json'],
,,28 Apr 2020,22821,Sonic Big Trip Demo 1.0,,,,,None,,,,,None,,/?p=section&a=details&id=22821,,,['aa46d6037750a7c01e5af9179c830feea38c2343.bps'],['aa46d6037750a7c01e5af9179c830feea38c2343.json'],
,,29 Apr 2020,22834,The Misfortunes of Little Denise,,,,,None,,,,,None,,/?p=section&a=details&id=22834,,,"['7ea981100768366f4a6787e4899dc9545a20fd31.bps', '6b823359c675dd9e2c3b26fe8581eba67aedb3eb.bps']","['7ea981100768366f4a6787e4899dc9545a20fd31.json', '6b823359c675dd9e2c3b26fe8581eba67aedb3eb.json']",
,,29 Apr 2020,22835,SMW The Princess Rescue 2 - Luigi's Journey!,,,,,None,,,,,None,,/?p=section&a=details&id=22835,,,"['260d714b18ebe7f4b3d0fe62b87944d13c41214f.bps', '446d1e977740a86a09ab4e959ae3375412a2ed99.bps']","['260d714b18ebe7f4b3d0fe62b87944d13c41214f.json', '446d1e977740a86a09ab4e959ae3375412a2ed99.json']",
,,01 May 2020,22846,Toad Kaizo World,,,,,None,,,,,None,,/?p=section&a=details&id=22846,,,['26f665b6259d9402bd949befe3ccadb30ec92372.bps'],['26f665b6259d9402bd949befe3ccadb30ec92372.json'],
,,01 May 2020,22849,Ninja World 3,,,,,None,,,,,None,,/?p=section&a=details&id=22849,,,['4caba127e3bad10f01a1467002d9c79a7d3d58e6.bps'],['4caba127e3bad10f01a1467002d9c79a7d3d58e6.json'],
,,02 May 2020,22859,Ninja World 3,,,,,None,,,,,None,,/?p=section&a=details&id=22859,,,['acba19dfefb95b54590f41d85d152db0fb9596c0.bps'],['acba19dfefb95b54590f41d85d152db0fb9596c0.json'],
,,03 May 2020,22861,Door keys,,,,,None,,,,,None,,/?p=section&a=details&id=22861,,,['2299ffac4e8bffd612c31d6a4ca80ad032fc927b.bps'],['2299ffac4e8bffd612c31d6a4ca80ad032fc927b.json'],
,,03 May 2020,22864,Interesting Kaizo World,,,,,None,,,,,None,,/?p=section&a=details&id=22864,,,['08e856fbde724a46be615e3fe9a7e88a5118c9e8.bps'],['08e856fbde724a46be615e3fe9a7e88a5118c9e8.json'],
,,03 May 2020,22867,Zap Lena World,,,,,None,,,,,None,,/?p=section&a=details&id=22867,,,['5b89d9f457fd14e9d534ca81b9ec1f538148bdd7.bps'],['5b89d9f457fd14e9d534ca81b9ec1f538148bdd7.json'],
,,04 May 2020,22881,Mario's Quest,,,,,None,,,,,None,,/?p=section&a=details&id=22881,,,['e542c8bfd6f0000fe45bc49e3fe3130b20f8a6a6.bps'],['e542c8bfd6f0000fe45bc49e3fe3130b20f8a6a6.json'],
,,05 May 2020,22892,SMW The Untold Story,,,,,None,,,,,None,,/?p=section&a=details&id=22892,,,['d7cde8c533f8688ffc84c6dcc13765c597034c94.bps'],['d7cde8c533f8688ffc84c6dcc13765c597034c94.json'],
,,05 May 2020,22904,Classic Mario World 3: The Finale,,,,,None,,,,,None,,/?p=section&a=details&id=22904,,,"['a622c8e67c49b806efe9c662521a5df89457a99b.bps', '42ae7e54ff29b95d21edfc454f0430e99868708f.bps', '1cbcc3ffe4755142b5308c3a48c2d0620d3071d4.bps']","['a622c8e67c49b806efe9c662521a5df89457a99b.json', '42ae7e54ff29b95d21edfc454f0430e99868708f.json', '1cbcc3ffe4755142b5308c3a48c2d0620d3071d4.json']",
,,06 May 2020,22910,Midair Mastery,,,,,None,,,,,None,,/?p=section&a=details&id=22910,,,['62057de81f80a4ae69d62765af251d18f7409d05.bps'],['62057de81f80a4ae69d62765af251d18f7409d05.json'],
,,08 May 2020,22920,Super Snowy World,,,,,None,,,,,None,,/?p=section&a=details&id=22920,,,['888da1bf264d03dc02a9f19c694419c1009b1b99.bps'],['888da1bf264d03dc02a9f19c694419c1009b1b99.json'],
,,09 May 2020,22933,Super Isikoro Mario World,,,,,None,,,,,None,,/?p=section&a=details&id=22933,,,['7c3aee418a4dc96933409c6554f233102aec831a.bps'],['7c3aee418a4dc96933409c6554f233102aec831a.json'],
,,09 May 2020,22936,Lessness World,,,,,None,,,,,None,,/?p=section&a=details&id=22936,,,['b0320dd6f37ba3c8e126851cb26bf6474f702f9d.bps'],['b0320dd6f37ba3c8e126851cb26bf6474f702f9d.json'],
,,10 May 2020,22937,Suoer Mario 1 Word,,,,,None,,,,,None,,/?p=section&a=details&id=22937,,,['ceaf828cc69cc831a308c19b62ae7c3129467672.bps'],['ceaf828cc69cc831a308c19b62ae7c3129467672.json'],
,,10 May 2020,22941,Classic Mario World 3: The Finale,,,,,None,,,,,None,,/?p=section&a=details&id=22941,,,"['61725e55a976f8fb85083edbb77e8d5b573ff2cb.bps', '99d5a26b1c498275e88e961e6c0ba898aa83d8ea.bps']","['61725e55a976f8fb85083edbb77e8d5b573ff2cb.json', '99d5a26b1c498275e88e961e6c0ba898aa83d8ea.json']",
,,11 May 2020,22949,Mario World! ( Demo ),,,,,None,,,,,None,,/?p=section&a=details&id=22949,,,['a0896d8107503a94068806fb9166afcb641f47da.bps'],['a0896d8107503a94068806fb9166afcb641f47da.json'],
,,11 May 2020,22950,Super Mario Bros. Advance (Ver 3.9),,,,,None,,,,,None,,/?p=section&a=details&id=22950,,,['38de7b29c2a8fd9374db51c5898e4048fe5c2036.bps'],['38de7b29c2a8fd9374db51c5898e4048fe5c2036.json'],
,,12 May 2020,22957,The Darkside,,,,,None,,,,,None,,/?p=section&a=details&id=22957,,,['04ddb4be577b0b7d51aaae81741161a71b67fe9d.bps'],['04ddb4be577b0b7d51aaae81741161a71b67fe9d.json'],
,,13 May 2020,22971,Just a Normal Quest,,,,,None,,,,,None,,/?p=section&a=details&id=22971,,,['de3f83eb01797bbbe413329627bb22d451136f37.bps'],['de3f83eb01797bbbe413329627bb22d451136f37.json'],
,,13 May 2020,22976,Just a Normal Quest,,,,,None,,,,,None,,/?p=section&a=details&id=22976,,,['e606cce4b209f688484e4178291506487613c622.bps'],['e606cce4b209f688484e4178291506487613c622.json'],
,,13 May 2020,22977,Totally Unlegit Mario World,,,,,None,,,,,None,,/?p=section&a=details&id=22977,,,['3c7cc11d86132f1f95401b1607d8e1e932df3c35.bps'],['3c7cc11d86132f1f95401b1607d8e1e932df3c35.json'],
,,13 May 2020,22978,Untitled Hack,,,,,None,,,,,None,,/?p=section&a=details&id=22978,,,['9a18d1c51a986f3fb7a1ba72c8eda0bd22bd56e3.bps'],['9a18d1c51a986f3fb7a1ba72c8eda0bd22bd56e3.json'],
,,14 May 2020,22984,Just a Normal Quest (FIXED),,,,,None,,,,,None,,/?p=section&a=details&id=22984,,,['13c83e30f9be4437d39f11dc0f67557af1ebd455.bps'],['13c83e30f9be4437d39f11dc0f67557af1ebd455.json'],
,,15 May 2020,22992,"Same Sprites, Different Levels",,,,,None,,,,,None,,/?p=section&a=details&id=22992,,,['734e00e172d63bcbeffebbaa93fa04f4d660483b.bps'],['734e00e172d63bcbeffebbaa93fa04f4d660483b.json'],
,,16 May 2020,23000,Super Nothing World,,,,,None,,,,,None,,/?p=section&a=details&id=23000,,,['f6abb9fe2d908b03c3bcac67be79687c3fbbe6ca.bps'],['f6abb9fe2d908b03c3bcac67be79687c3fbbe6ca.json'],
,,16 May 2020,23001,Another Kaizo Hack?,,,,,None,,,,,None,,/?p=section&a=details&id=23001,,,['adf38f6405e7d507c0c4523120f938e1a6f7a6c1.bps'],['adf38f6405e7d507c0c4523120f938e1a6f7a6c1.json'],
,,17 May 2020,23010,Mario Soldier,,,,,None,,,,,None,,/?p=section&a=details&id=23010,,,['0c3651ae274d958497f87e99440f9780a258cd96.bps'],['0c3651ae274d958497f87e99440f9780a258cd96.json'],
,,18 May 2020,23013,Mario's bad four days,,,,,None,,,,,None,,/?p=section&a=details&id=23013,,,['5b019e07443d52fa2b0dfae4d7c53bfdce55f40d.bps'],['5b019e07443d52fa2b0dfae4d7c53bfdce55f40d.json'],
,,18 May 2020,23015,Mario's bad four days,,,,,None,,,,,None,,/?p=section&a=details&id=23015,,,['51008d851609f8b7b73742480619dbf44e63bfc4.bps'],['51008d851609f8b7b73742480619dbf44e63bfc4.json'],
,,18 May 2020,23016,A Lenda do Herói (Songs for a Hero),,,,,None,,,,,None,,/?p=section&a=details&id=23016,,,"['b0d14b9d22b06aed762b0c780d2354662a0ac2a0.bps', '2c5d0773a4cba393b3257e47d501e4e68ac10576.bps']","['b0d14b9d22b06aed762b0c780d2354662a0ac2a0.json', '2c5d0773a4cba393b3257e47d501e4e68ac10576.json']",
,,19 May 2020,23019,A Lenda do Herói (Songs for a Hero),,,,,None,,,,,None,,/?p=section&a=details&id=23019,,,"['27b7a5711df6e43831d7fc3fe3daa14d6e9369da.bps', '712e85f02dc576a5fd538f8e52cdfa9273eda8bf.bps']","['27b7a5711df6e43831d7fc3fe3daa14d6e9369da.json', '712e85f02dc576a5fd538f8e52cdfa9273eda8bf.json']",
,,19 May 2020,23024,Super Takuache World,,,,,None,,,,,None,,/?p=section&a=details&id=23024,,,['f3eb1b12dfdf6719b9fc5f853d814456c8e88521.bps'],['f3eb1b12dfdf6719b9fc5f853d814456c8e88521.json'],
,,19 May 2020,23026,The Darkside,,,,,None,,,,,None,,/?p=section&a=details&id=23026,,,['dedc100109099f1c69b9b27ad3d5cc0e7fb93fc0.bps'],['dedc100109099f1c69b9b27ad3d5cc0e7fb93fc0.json'],
,,19 May 2020,23030,SoupLande,,,,,None,,,,,None,,/?p=section&a=details&id=23030,,,['a1fca3280b984bb9a2e59681f501ac66e310060a.bps'],['a1fca3280b984bb9a2e59681f501ac66e310060a.json'],
,,20 May 2020,23038,Lesbian Vampire Killer World 5000,,,,,None,,,,,None,,/?p=section&a=details&id=23038,,,['471e420189b41314c04b864081b45f67719e9037.bps'],['471e420189b41314c04b864081b45f67719e9037.json'],
,,20 May 2020,23039,Super Wario World 2: The Four Castles,,,,,None,,,,,None,,/?p=section&a=details&id=23039,,,['b61dd95f1b95dbeccfa5d8d025c051815353844b.bps'],['b61dd95f1b95dbeccfa5d8d025c051815353844b.json'],
,,21 May 2020,23042,Super One Level Mario World,,,,,None,,,,,None,,/?p=section&a=details&id=23042,,,['e6168440063d53634d20cdaa797b70db4f67d0d2.bps'],['e6168440063d53634d20cdaa797b70db4f67d0d2.json'],
,,21 May 2020,23046,Mario's bad four days,,,,,None,,,,,None,,/?p=section&a=details&id=23046,,,['d1620ca06ded37e61467a01f9fb9f3a7c0e91a77.bps'],['d1620ca06ded37e61467a01f9fb9f3a7c0e91a77.json'],
,,21 May 2020,23047,Super Wario World 2: The Four Castles,,,,,None,,,,,None,,/?p=section&a=details&id=23047,,,['5389d4f4e62a24cdb05fa0726ed626087f72a4d8.bps'],['5389d4f4e62a24cdb05fa0726ed626087f72a4d8.json'],
,,21 May 2020,23050,Mario's bad four days,,,,,None,,,,,None,,/?p=section&a=details&id=23050,,,['d4f045df126110da2f2d9fbcd6de060f5e971890.bps'],['d4f045df126110da2f2d9fbcd6de060f5e971890.json'],
,,22 May 2020,23053,Terra,,,,,None,,,,,None,,/?p=section&a=details&id=23053,,,['da61df22f119238d221fe270d3120e829132cb5e.bps'],['da61df22f119238d221fe270d3120e829132cb5e.json'],
,,23 May 2020,23056,Super Melas World,,,,,None,,,,,None,,/?p=section&a=details&id=23056,,,['235fa3f0312b2ea24565ae83425ea6920a4ad732.bps'],['235fa3f0312b2ea24565ae83425ea6920a4ad732.json'],
,,23 May 2020,23060,Vanilla Kaizo World,,,,,None,,,,,None,,/?p=section&a=details&id=23060,,,['5eee8d63406548a70b1e6c976e84e7df91847b81.bps'],['5eee8d63406548a70b1e6c976e84e7df91847b81.json'],
,,23 May 2020,23064,Super Godly Worl,,,,,None,,,,,None,,/?p=section&a=details&id=23064,,,['2bf6773f3d15b21c24873ea58dbb0b2e0333d822.bps'],['2bf6773f3d15b21c24873ea58dbb0b2e0333d822.json'],
,,24 May 2020,23066,Super Mario Radish Kingdom Adventure,,,,,None,,,,,None,,/?p=section&a=details&id=23066,,,['a1d6b34d387355e6791a0476ad08e9c7f93f2c79.bps'],['a1d6b34d387355e6791a0476ad08e9c7f93f2c79.json'],
,,25 May 2020,23076,Super Melas World,,,,,None,,,,,None,,/?p=section&a=details&id=23076,,,['cb3706aeeb7599150e69d4b713ea4a5ecc8d64f6.bps'],['cb3706aeeb7599150e69d4b713ea4a5ecc8d64f6.json'],
,,25 May 2020,23084,Mario Soldier,,,,,None,,,,,None,,/?p=section&a=details&id=23084,,,['b5e80861958fd8e4a113e042df4d7a6d34b85e60.bps'],['b5e80861958fd8e4a113e042df4d7a6d34b85e60.json'],
,,25 May 2020,23097,Mario's Redemption Quest,,,,,None,,,,,None,,/?p=section&a=details&id=23097,,,['9469ae4d5b8b3b5b50a63c0837912d375069fba3.bps'],['9469ae4d5b8b3b5b50a63c0837912d375069fba3.json'],
,,28 May 2020,23123,Smw challenge - Speedy,,,,,None,,,,,None,,/?p=section&a=details&id=23123,,,['700d19bede3f8c3689b312fe5d9d21700185bdec.bps'],['700d19bede3f8c3689b312fe5d9d21700185bdec.json'],
,,28 May 2020,23127,Super Mario Ultra World Demo,,,,,None,,,,,None,,/?p=section&a=details&id=23127,,,['249337891dd2e91462c45866a44a2bdb9e594269.bps'],['249337891dd2e91462c45866a44a2bdb9e594269.json'],
,,29 May 2020,23144,Mario's bad four days,,,,,None,,,,,None,,/?p=section&a=details&id=23144,,,['03b0913ee574080bcce8fe37642e656e0c6c9903.bps'],['03b0913ee574080bcce8fe37642e656e0c6c9903.json'],
,,29 May 2020,23145,The Hungrymumbles Project,,,,,None,,,,,None,,/?p=section&a=details&id=23145,,,['35fa4bec98d30f531a9655d481c457b6e7b3dd47.bps'],['35fa4bec98d30f531a9655d481c457b6e7b3dd47.json'],
,,29 May 2020,23161,super mio world,,,,,None,,,,,None,,/?p=section&a=details&id=23161,,,['4d9c408d245c39f96f2650f78085b89dee4f72ae.bps'],['4d9c408d245c39f96f2650f78085b89dee4f72ae.json'],
,,30 May 2020,23166,Mario Saves South Padre Island,,,,,None,,,,,None,,/?p=section&a=details&id=23166,,,['f2a3f92e25d8ec17213bc0ad3ca53666d71631cb.bps'],['f2a3f92e25d8ec17213bc0ad3ca53666d71631cb.json'],
,,30 May 2020,23169,Super Sonic Word,,,,,None,,,,,None,,/?p=section&a=details&id=23169,,,['c6dd7caa2f4643d3085dfd0ff8ad404cad6b4b42.bps'],['c6dd7caa2f4643d3085dfd0ff8ad404cad6b4b42.json'],
,,30 May 2020,23174,Super Mario Endless World DEMO,,,,,None,,,,,None,,/?p=section&a=details&id=23174,,,['fafd123fd6555dff6dfc1329c2bd046fc29ae7f3.bps'],['fafd123fd6555dff6dfc1329c2bd046fc29ae7f3.json'],
,,30 May 2020,23177,2020 A Vision Quest,,,,,None,,,,,None,,/?p=section&a=details&id=23177,,,['b8322352b04ab495cbc6993225cdd2a425034a11.bps'],['b8322352b04ab495cbc6993225cdd2a425034a11.json'],
,,31 May 2020,23180,Mario Soldier,,,,,None,,,,,None,,/?p=section&a=details&id=23180,,,['4dad7371994381c93283e3b1371eedc655fa2281.bps'],['4dad7371994381c93283e3b1371eedc655fa2281.json'],
,,31 May 2020,23184,Super hard Mario World,,,,,None,,,,,None,,/?p=section&a=details&id=23184,,,['c79de26ad7e86bcb85ee6e72136395360b7140b0.bps'],['c79de26ad7e86bcb85ee6e72136395360b7140b0.json'],
,,31 May 2020,23189,Super EZ world,,,,,None,,,,,None,,/?p=section&a=details&id=23189,,,['38c0983d41b255aec5c87f8f0cf1dd272bd3f3c0.bps'],['38c0983d41b255aec5c87f8f0cf1dd272bd3f3c0.json'],
,,31 May 2020,23191,...,,,,,None,,,,,None,,/?p=section&a=details&id=23191,,,['45187386b406d3c85476b1897a166b56d0d4bc7c.bps'],['45187386b406d3c85476b1897a166b56d0d4bc7c.json'],
,,01 Jun 2020,23194,Vaffanculo Mario (Demo),,,,,None,,,,,None,,/?p=section&a=details&id=23194,,,['089817fc78e9ade35177436ea562cc61202b5c3e.bps'],['089817fc78e9ade35177436ea562cc61202b5c3e.json'],
,,01 Jun 2020,23195,Unnamed hack about collectin' coins,,,,,None,,,,,None,,/?p=section&a=details&id=23195,,,['fd144a351a3924acf52d0a1dcbc737b28887c920.bps'],['fd144a351a3924acf52d0a1dcbc737b28887c920.json'],
,,01 Jun 2020,23201,A Baby Yoshi Quest,,,,,None,,,,,None,,/?p=section&a=details&id=23201,,,['f8d575c26a3c34c6a5b4814db9b2c468b17b6918.bps'],['f8d575c26a3c34c6a5b4814db9b2c468b17b6918.json'],
,,02 Jun 2020,23219,A Baby Yoshi Quest,,,,,None,,,,,None,,/?p=section&a=details&id=23219,,,['2fdf4e7eff90fbe88324acbac9ee0d428ab712e7.bps'],['2fdf4e7eff90fbe88324acbac9ee0d428ab712e7.json'],
,,02 Jun 2020,23221,A Baby Yoshi Quest,,,,,None,,,,,None,,/?p=section&a=details&id=23221,,,['943692c9f746776caef72fa60425ca2d8d9dcbb8.bps'],['943692c9f746776caef72fa60425ca2d8d9dcbb8.json'],
,,02 Jun 2020,23223,Unnamed hack about collectin' coins,,,,,None,,,,,None,,/?p=section&a=details&id=23223,,,['dadb5975270b63306b825675aefe541bd0dca94f.bps'],['dadb5975270b63306b825675aefe541bd0dca94f.json'],
,,02 Jun 2020,23224,Super Mario Ultra World Demo,,,,,None,,,,,None,,/?p=section&a=details&id=23224,,,['7cc3cdb111a277aa0bc8789f2c54cbc2ffb47a34.bps'],['7cc3cdb111a277aa0bc8789f2c54cbc2ffb47a34.json'],
,,03 Jun 2020,23234,SUPER I LOVE DODE,,,,,None,,,,,None,,/?p=section&a=details&id=23234,,,['cbeb0010118df7d45392e8d3ba331b768d169b37.bps'],['cbeb0010118df7d45392e8d3ba331b768d169b37.json'],
,,03 Jun 2020,23239,A Baby Yoshi Quest,,,,,None,,,,,None,,/?p=section&a=details&id=23239,,,['943692c9f746776caef72fa60425ca2d8d9dcbb8.bps'],['943692c9f746776caef72fa60425ca2d8d9dcbb8.json'],
,,04 Jun 2020,23243,ForgottenWorld2,,,,,None,,,,,None,,/?p=section&a=details&id=23243,,,['92722973ac481f5bd7db3971597d6beaf7fb2bd7.bps'],['92722973ac481f5bd7db3971597d6beaf7fb2bd7.json'],
,,05 Jun 2020,23252,Snoman's Land,,,,,None,,,,,None,,/?p=section&a=details&id=23252,,,['b7f74efe20a55527e80317cca5be846a6cbb820f.bps'],['b7f74efe20a55527e80317cca5be846a6cbb820f.json'],
,,05 Jun 2020,23256,Super EZ World,,,,,None,,,,,None,,/?p=section&a=details&id=23256,,,['45bffb140ea69477d0dac6a0c46045a20ca7099d.bps'],['45bffb140ea69477d0dac6a0c46045a20ca7099d.json'],
,,06 Jun 2020,23261,Sonic perdido no reino cogumelo(DEMO).,,,,,None,,,,,None,,/?p=section&a=details&id=23261,,,['6da6bd0857e858aeb2026a06953198bc448fa447.bps'],['6da6bd0857e858aeb2026a06953198bc448fa447.json'],
,,06 Jun 2020,23263,A Baby Yoshi Quest,,,,,None,,,,,None,,/?p=section&a=details&id=23263,,,['80e70e759bea70a8a8e0704eff535c6a09c1f06d.bps'],['80e70e759bea70a8a8e0704eff535c6a09c1f06d.json'],
,,07 Jun 2020,23264,Swing you koopas!,,,,,None,,,,,None,,/?p=section&a=details&id=23264,,,['9c9fb47571eb8309815e37d21870d2989352f5c8.bps'],['9c9fb47571eb8309815e37d21870d2989352f5c8.json'],
,,07 Jun 2020,23269,SMW The Princess Rescue,,,,,None,,,,,None,,/?p=section&a=details&id=23269,,,"['bb469581d7956ab9ea0411aff61c707b926fe83b.bps', 'e3aaea36652ab9eca975973c660ce5973b94654d.bps']","['bb469581d7956ab9ea0411aff61c707b926fe83b.json', 'e3aaea36652ab9eca975973c660ce5973b94654d.json']",
,,07 Jun 2020,23270,SMW The Princess Rescue,,,,,None,,,,,None,,/?p=section&a=details&id=23270,,,"['bb469581d7956ab9ea0411aff61c707b926fe83b.bps', 'e3aaea36652ab9eca975973c660ce5973b94654d.bps']","['bb469581d7956ab9ea0411aff61c707b926fe83b.json', 'e3aaea36652ab9eca975973c660ce5973b94654d.json']",
,,07 Jun 2020,23271,A Baby Yoshi Quest,,,,,None,,,,,None,,/?p=section&a=details&id=23271,,,['b78b967a747a94045d5221db75059b5bef963a8b.bps'],['b78b967a747a94045d5221db75059b5bef963a8b.json'],
,,08 Jun 2020,23273,Super Ninji Land,,,,,None,,,,,None,,/?p=section&a=details&id=23273,,,['4a50b0c790993900a0cb7d106fe1849686794ee6.bps'],['4a50b0c790993900a0cb7d106fe1849686794ee6.json'],
,,08 Jun 2020,23274,Save Luigi,,,,,None,,,,,None,,/?p=section&a=details&id=23274,,,['53e129696ad5d5bd7966c776f8c13d431fc155e3.bps'],['53e129696ad5d5bd7966c776f8c13d431fc155e3.json'],
,,08 Jun 2020,23277,SMW The Princess Rescue,,,,,None,,,,,None,,/?p=section&a=details&id=23277,,,"['3dde031f37d1f58705a36266cacfca1128bb71c0.bps', '5e02372cb82913c04d71bb5a57ce389350ee8470.bps']","['3dde031f37d1f58705a36266cacfca1128bb71c0.json', '5e02372cb82913c04d71bb5a57ce389350ee8470.json']",
,,08 Jun 2020,23280,The Rock 'n' Roll Mario Show: Set 1,,,,,None,,,,,None,,/?p=section&a=details&id=23280,,,['ef1f3e40cdb22f501cbc49c6c7e6c3b3e34ae88c.bps'],['ef1f3e40cdb22f501cbc49c6c7e6c3b3e34ae88c.json'],
,,09 Jun 2020,23286,Super Ninji Land,,,,,None,,,,,None,,/?p=section&a=details&id=23286,,,['a91aaf6853e2fd363e6ce210b1dd6688ab8bac63.bps'],['a91aaf6853e2fd363e6ce210b1dd6688ab8bac63.json'],
,,09 Jun 2020,23289,Worl's World,,,,,None,,,,,None,,/?p=section&a=details&id=23289,,,['4bc9cdd28d49715c40cc9b39d1144cf9ef140274.bps'],['4bc9cdd28d49715c40cc9b39d1144cf9ef140274.json'],
,,11 Jun 2020,23320,Super Easy World,,,,,None,,,,,None,,/?p=section&a=details&id=23320,,,['fa00eed8bd4a926bdd148a49435eda355a8204a3.bps'],['fa00eed8bd4a926bdd148a49435eda355a8204a3.json'],
,,11 Jun 2020,23323,Very Odd First Hack,,,,,None,,,,,None,,/?p=section&a=details&id=23323,,,['76685edf86a40cafb8f88134cdd6c71acf73cb5f.bps'],['76685edf86a40cafb8f88134cdd6c71acf73cb5f.json'],
,,12 Jun 2020,23326,Justice for Mario,,,,,None,,,,,None,,/?p=section&a=details&id=23326,,,['0e919a19a28bf06eae13d7503ce2ddfa312f7bec.bps'],['0e919a19a28bf06eae13d7503ce2ddfa312f7bec.json'],
,,12 Jun 2020,23327,super mario world: Mega Quest,,,,,None,,,,,None,,/?p=section&a=details&id=23327,,,['bbe31cbf0990a13cc8f0228d05bb0f3266903370.bps'],['bbe31cbf0990a13cc8f0228d05bb0f3266903370.json'],
,,12 Jun 2020,23328,Novo/New Super Mario World,,,,,None,,,,,None,,/?p=section&a=details&id=23328,,,['9a8ceece66258be9f82828b723811b68306e2706.bps'],['9a8ceece66258be9f82828b723811b68306e2706.json'],
,,12 Jun 2020,23329,"Same Sprites, Different Levels",,,,,None,,,,,None,,/?p=section&a=details&id=23329,,,['ae561f5e87540f77023fe3db75f3b255d65bf947.bps'],['ae561f5e87540f77023fe3db75f3b255d65bf947.json'],
,,13 Jun 2020,23337,Super Traject World,,,,,None,,,,,None,,/?p=section&a=details&id=23337,,,['ce01be9224081bccf976ab488e5eecd4531ab1f5.bps'],['ce01be9224081bccf976ab488e5eecd4531ab1f5.json'],
,,13 Jun 2020,23338,Super Traject World Corrected,,,,,None,,,,,None,,/?p=section&a=details&id=23338,,,['ce01be9224081bccf976ab488e5eecd4531ab1f5.bps'],['ce01be9224081bccf976ab488e5eecd4531ab1f5.json'],
,,13 Jun 2020,23340,Super Mario World 2020,,,,,None,,,,,None,,/?p=section&a=details&id=23340,,,['653c266c1465ac0d741d64b2341d7a3410ec6c2f.bps'],['653c266c1465ac0d741d64b2341d7a3410ec6c2f.json'],
,,13 Jun 2020,23341,Super Mez World,,,,,None,,,,,None,,/?p=section&a=details&id=23341,,,['000f0c84691746856f2549280a44272450f84710.bps'],['000f0c84691746856f2549280a44272450f84710.json'],
,,14 Jun 2020,23350,Death valley,,,,,None,,,,,None,,/?p=section&a=details&id=23350,,,['5adce6067a693a2ef17ef1131cfa98b3f1b4d702.bps'],['5adce6067a693a2ef17ef1131cfa98b3f1b4d702.json'],
,,15 Jun 2020,23358,Super EZ World,,,,,None,,,,,None,,/?p=section&a=details&id=23358,,,['167fa7bb37263cdb942ba562a15d889cbee705ba.bps'],['167fa7bb37263cdb942ba562a15d889cbee705ba.json'],
,,15 Jun 2020,23361,New/Novo Super Mario World Pt Br,,,,,None,,,,,None,,/?p=section&a=details&id=23361,,,['4ef590d92d503b792de92af8fa10a38745db8c8f.bps'],['4ef590d92d503b792de92af8fa10a38745db8c8f.json'],
,,15 Jun 2020,23362,New/Novo Super Mario World English,,,,,None,,,,,None,,/?p=section&a=details&id=23362,,,['74d9c6ba82e128bc90332fa9900269d4ae6ce1e3.bps'],['74d9c6ba82e128bc90332fa9900269d4ae6ce1e3.json'],
,,15 Jun 2020,23366,New/Novo Super Mario World,,,,,None,,,,,None,,/?p=section&a=details&id=23366,,,"['74d9c6ba82e128bc90332fa9900269d4ae6ce1e3.bps', '4ef590d92d503b792de92af8fa10a38745db8c8f.bps']","['74d9c6ba82e128bc90332fa9900269d4ae6ce1e3.json', '4ef590d92d503b792de92af8fa10a38745db8c8f.json']",
,,17 Jun 2020,23375,Unnamed hack about collectin' coins,,,,,None,,,,,None,,/?p=section&a=details&id=23375,,,['546289e1740d587cfd1f7176db146d7112e53621.bps'],['546289e1740d587cfd1f7176db146d7112e53621.json'],
,,19 Jun 2020,23386,Konk World,,,,,None,,,,,None,,/?p=section&a=details&id=23386,,,['09a7744b61fd8097cdc3b69e86529fc875ae82c0.bps'],['09a7744b61fd8097cdc3b69e86529fc875ae82c0.json'],
,,20 Jun 2020,23391,Dang Lakitu World Final Edition,,,,,None,,,,,None,,/?p=section&a=details&id=23391,,,['1929da77b618a380df7400cfac1bb887a958b9c3.bps'],['1929da77b618a380df7400cfac1bb887a958b9c3.json'],
,,20 Jun 2020,23394,Mario E,,,,,None,,,,,None,,/?p=section&a=details&id=23394,,,['cf722ea7bb217a2e6df320ca017f0bc7510391d6.bps'],['cf722ea7bb217a2e6df320ca017f0bc7510391d6.json'],
,,20 Jun 2020,23397,Mario Super R,,,,,None,,,,,None,,/?p=section&a=details&id=23397,,,['762a634597db3c691e533328bf3971d784cde691.bps'],['762a634597db3c691e533328bf3971d784cde691.json'],
,,20 Jun 2020,23398,Justice for Mario,,,,,None,,,,,None,,/?p=section&a=details&id=23398,,,['a0ec4f7e5f597e2958ab9ac96803b31845b3b355.bps'],['a0ec4f7e5f597e2958ab9ac96803b31845b3b355.json'],
,,21 Jun 2020,23401,The reptilian bandit sprites,,,,,None,,,,,None,,/?p=section&a=details&id=23401,,,['68ecf4322a417d30dc48aff36f6009df2ea0db69.bps'],['68ecf4322a417d30dc48aff36f6009df2ea0db69.json'],
,,21 Jun 2020,23402,Tricky Mario 2,,,,,None,,,,,None,,/?p=section&a=details&id=23402,,,['0b50a7ee799dac683c560c7654080d6a387b65a2.bps'],['0b50a7ee799dac683c560c7654080d6a387b65a2.json'],
,,21 Jun 2020,23403,double trouble!,,,,,None,,,,,None,,/?p=section&a=details&id=23403,,,['315020a30927f7b83d39aba646904c5993fb10bf.bps'],['315020a30927f7b83d39aba646904c5993fb10bf.json'],
,,22 Jun 2020,23406,.EXE//Project (Executable Project) Demo,,,,,None,,,,,None,,/?p=section&a=details&id=23406,,,['9ed11009773c374b2edd6df4bdd06ded97d34511.bps'],['9ed11009773c374b2edd6df4bdd06ded97d34511.json'],
,,23 Jun 2020,23407,Mario in Mushroom Rix Land Demo,,,,,None,,,,,None,,/?p=section&a=details&id=23407,,,['b44d3fd4bdbac9f37332fcf26804ea11a798c2e2.bps'],['b44d3fd4bdbac9f37332fcf26804ea11a798c2e2.json'],
,,24 Jun 2020,23416,Kiavik's Rage Quit,,,,,None,,,,,None,,/?p=section&a=details&id=23416,,,['aa5b3e46918cd3035a8996ad17c1a13c2a1e4c07.bps'],['aa5b3e46918cd3035a8996ad17c1a13c2a1e4c07.json'],
,,24 Jun 2020,23426,Worl's World,,,,,None,,,,,None,,/?p=section&a=details&id=23426,,,['de58fdea385da939d3a799e8997cfb3b1339915e.bps'],['de58fdea385da939d3a799e8997cfb3b1339915e.json'],
,,24 Jun 2020,23427,Super Mario World - Island 8,,,,,None,,,,,None,,/?p=section&a=details&id=23427,,,"['d1fc1b5b71e00286a4cb196905cb4d36429b1cda.bps', '07c70df1fd828aa20f8d2a88d0f62a32a47a3d54.bps']","['d1fc1b5b71e00286a4cb196905cb4d36429b1cda.json', '07c70df1fd828aa20f8d2a88d0f62a32a47a3d54.json']",
,,25 Jun 2020,23435,Super Mario World - Neeberz's Hack,,,,,None,,,,,None,,/?p=section&a=details&id=23435,,,['531a472489b51d9a40794feeb1e6e9ab058fa147.bps'],['531a472489b51d9a40794feeb1e6e9ab058fa147.json'],
,,26 Jun 2020,23444,Comfort Zone,,,,,None,,,,,None,,/?p=section&a=details&id=23444,,,['0ba8b455f26beacc20aea864e46605cd89b32297.bps'],['0ba8b455f26beacc20aea864e46605cd89b32297.json'],
,,26 Jun 2020,23449,Super Mario World - Neeberz's Hack,,,,,None,,,,,None,,/?p=section&a=details&id=23449,,,['59241a5a07539b0e9aac92dd2278b3c0c8928dd8.bps'],['59241a5a07539b0e9aac92dd2278b3c0c8928dd8.json'],
,,28 Jun 2020,23468,Standard SMW ROM Hack,,,,,None,,,,,None,,/?p=section&a=details&id=23468,,,['63c87b1a993d9b03ddd45fe035c0ac3f05a9d7d1.bps'],['63c87b1a993d9b03ddd45fe035c0ac3f05a9d7d1.json'],
,,28 Jun 2020,23469,Standard SMW ROM Hack,,,,,None,,,,,None,,/?p=section&a=details&id=23469,,,['63c87b1a993d9b03ddd45fe035c0ac3f05a9d7d1.bps'],['63c87b1a993d9b03ddd45fe035c0ac3f05a9d7d1.json'],
,,28 Jun 2020,23470,The Darkside,,,,,None,,,,,None,,/?p=section&a=details&id=23470,,,['22bc81fce0009f516075c06dfa9018c0bc6d52c2.bps'],['22bc81fce0009f516075c06dfa9018c0bc6d52c2.json'],
,,28 Jun 2020,23471,Super Phobia World,,,,,None,,,,,None,,/?p=section&a=details&id=23471,,,['848a4a64e412452c17ab9780e2b6c3e486556b14.bps'],['848a4a64e412452c17ab9780e2b6c3e486556b14.json'],
,,28 Jun 2020,23474,Kaizo Parkour World,,,,,None,,,,,None,,/?p=section&a=details&id=23474,,,['67179cc160d62c1466f72a413febdb4694f06070.bps'],['67179cc160d62c1466f72a413febdb4694f06070.json'],
,,29 Jun 2020,23488,Mario and Luigi in an Unknown Island,,,,,None,,,,,None,,/?p=section&a=details&id=23488,,,['9bcf88b48e0aa785e8ced28824dd54deee16abb7.bps'],['9bcf88b48e0aa785e8ced28824dd54deee16abb7.json'],
,,30 Jun 2020,23497,Super Mario World - Neeberz's Hack,,,,,None,,,,,None,,/?p=section&a=details&id=23497,,,['0b11e97d1caf8032b361272055776d1ac6ba9ad0.bps'],['0b11e97d1caf8032b361272055776d1ac6ba9ad0.json'],
,,01 Jul 2020,23507,ShyGuy Kaizo Dream,,,,,None,,,,,None,,/?p=section&a=details&id=23507,,,"['c54b833a8d967fbe1ce5203872a73b3eab18fbce.bps', '6ec151456d8169e959225a1bf1e342e320d84923.bps']","['c54b833a8d967fbe1ce5203872a73b3eab18fbce.json', '6ec151456d8169e959225a1bf1e342e320d84923.json']",
,,01 Jul 2020,23508,Super Mario World - Mushroom revolution (Demo 2),,,,,None,,,,,None,,/?p=section&a=details&id=23508,,,['5b3eb074b0e80b5c39e219524954a6aa13d2bc49.bps'],['5b3eb074b0e80b5c39e219524954a6aa13d2bc49.json'],
,,02 Jul 2020,23509,Super Mario World - Mushroom revolution (Demo 2),,,,,None,,,,,None,,/?p=section&a=details&id=23509,,,['ebbad861bd12d295cb93711e2b77832f0c5d6b67.bps'],['ebbad861bd12d295cb93711e2b77832f0c5d6b67.json'],
,,02 Jul 2020,23516,The Constellation,,,,,None,,,,,None,,/?p=section&a=details&id=23516,,,"['7e75cf41ab97e02067070e7efe642fdbace64243.bps', 'd7dd1e1a4c38d872311f9c0e796b078c2d7bbb1f.bps']","['7e75cf41ab97e02067070e7efe642fdbace64243.json', 'd7dd1e1a4c38d872311f9c0e796b078c2d7bbb1f.json']",
,,03 Jul 2020,23519,Of Jumps and Platforms,,,,,None,,,,,None,,/?p=section&a=details&id=23519,,,['32c02b10478c7f7b0ee597e835008f44b70d8e11.bps'],['32c02b10478c7f7b0ee597e835008f44b70d8e11.json'],
,,03 Jul 2020,23525,minidumb,,,,,None,,,,,None,,/?p=section&a=details&id=23525,,,['f965a903517bbb3d66e9e21f63e11aa9f906658c.bps'],['f965a903517bbb3d66e9e21f63e11aa9f906658c.json'],
,,03 Jul 2020,23539,DeClock Mario World Remastered,,,,,None,,,,,None,,/?p=section&a=details&id=23539,,,['bbe12c81dd7ebf53b5b74dff43f553e9fb81c7f0.bps'],['bbe12c81dd7ebf53b5b74dff43f553e9fb81c7f0.json'],
,,03 Jul 2020,23556,U N O R I G I N A L (C3 2020 Demo),,,,,None,,,,,None,,/?p=section&a=details&id=23556,,,['a215f3cd276eae90e6bd11c91c0fae06c8259467.bps'],['a215f3cd276eae90e6bd11c91c0fae06c8259467.json'],
,,03 Jul 2020,23566,Quest for Corgi Butts,,,,,None,,,,,None,,/?p=section&a=details&id=23566,,,['0a6db2c3618769f52b766d4463aa389511bd2829.bps'],['0a6db2c3618769f52b766d4463aa389511bd2829.json'],
,,03 Jul 2020,23567,Luigi Stardust Adventure (Demo),,,,,None,,,,,None,,/?p=section&a=details&id=23567,,,['b159590cfb78d224f54bdaf2ecb7ddd2709ce038.bps'],['b159590cfb78d224f54bdaf2ecb7ddd2709ce038.json'],
,,04 Jul 2020,23604,Super Who Is Ldad Waifu´s revenge,,,,,None,,,,,None,,/?p=section&a=details&id=23604,,,['778a102e8fd64817ac20c7cca21c937f1378a1de.bps'],['778a102e8fd64817ac20c7cca21c937f1378a1de.json'],
,,04 Jul 2020,23605,Nitpicky Lulu,,,,,None,,,,,None,,/?p=section&a=details&id=23605,,,['f8ac327ac511b5a7791c4fed10f6e54a175c35e3.bps'],['f8ac327ac511b5a7791c4fed10f6e54a175c35e3.json'],
,,04 Jul 2020,23609,Mario - The Mysterious Gem,,,,,None,,,,,None,,/?p=section&a=details&id=23609,,,['59a68ec904831e82f3a04b78379f0b041dcce8ed.bps'],['59a68ec904831e82f3a04b78379f0b041dcce8ed.json'],
,,06 Jul 2020,23674,KID : Island of Illusion,,,,,None,,,,,None,,/?p=section&a=details&id=23674,,,['0d3fbcf55964e025f7f14de864eb8bb09b051500.bps'],['0d3fbcf55964e025f7f14de864eb8bb09b051500.json'],
,,06 Jul 2020,23692,A Rushed Project,,,,,None,,,,,None,,/?p=section&a=details&id=23692,,,['aee8d3652f11066343520eb262291b47ec0d3df1.bps'],['aee8d3652f11066343520eb262291b47ec0d3df1.json'],
,,06 Jul 2020,23697,Mario - The Mysterious Gem,,,,,None,,,,,None,,/?p=section&a=details&id=23697,,,['c751e5da3c2fa0fb54c5fd5ecd48803cb38c3bd0.bps'],['c751e5da3c2fa0fb54c5fd5ecd48803cb38c3bd0.json'],
,,09 Jul 2020,23757,Epic Quest For Beer,,,,,None,,,,,None,,/?p=section&a=details&id=23757,,,['5d8dde1662b1ba8b491d68d7f11b23b3e394c486.bps'],['5d8dde1662b1ba8b491d68d7f11b23b3e394c486.json'],
,,10 Jul 2020,23772,Super Mario World - Neeberz's Hack,,,,,None,,,,,None,,/?p=section&a=details&id=23772,,,['6d0431ccc4075e9a82ac5b602d0097473d09fa6c.bps'],['6d0431ccc4075e9a82ac5b602d0097473d09fa6c.json'],
,,10 Jul 2020,23775,Comfort Zone,,,,,None,,,,,None,,/?p=section&a=details&id=23775,,,['a7dd9cbc67404449047083080e327794987efb7f.bps'],['a7dd9cbc67404449047083080e327794987efb7f.json'],
,,11 Jul 2020,23793,Ultraviolet,,,,,None,,,,,None,,/?p=section&a=details&id=23793,,,['647fbd47b3c4d128f083a5addad7d5e63ae66b02.bps'],['647fbd47b3c4d128f083a5addad7d5e63ae66b02.json'],
,,12 Jul 2020,23805,Super Mario World And the 7 jars,,,,,None,,,,,None,,/?p=section&a=details&id=23805,,,['1320b3920b105f48f094ec730b9a4cfd9a102783.bps'],['1320b3920b105f48f094ec730b9a4cfd9a102783.json'],
,,12 Jul 2020,23813,SMW The Crown Tale,,,,,None,,,,,None,,/?p=section&a=details&id=23813,,,"['5539cb29a2d67e362d603ffd7d71f5d9fa3c8eed.bps', 'c85a1c30811fab64fecce8186825541e9d40ad6e.bps']","['5539cb29a2d67e362d603ffd7d71f5d9fa3c8eed.json', 'c85a1c30811fab64fecce8186825541e9d40ad6e.json']",
,,13 Jul 2020,23818,Super Mario World And the 8 jars,,,,,None,,,,,None,,/?p=section&a=details&id=23818,,,['9323e1120c89395d7d9476c360a80a434522f9dc.bps'],['9323e1120c89395d7d9476c360a80a434522f9dc.json'],
,,13 Jul 2020,23819,Super Mario World And the 8 jars,,,,,None,,,,,None,,/?p=section&a=details&id=23819,,,['31b57e009af422e37ed406cbb293b3b3e9b20c97.bps'],['31b57e009af422e37ed406cbb293b3b3e9b20c97.json'],
,,27 Sep 2020,24202,Super Mario World 2020 (R7.0),,,,,None,,,,,None,,/?p=section&a=details&id=24202,,,['b8e6e46fec52cf8771746043df085ef430c41a96.bps'],['b8e6e46fec52cf8771746043df085ef430c41a96.json'],
,,27 Sep 2020,24226,SMW2 - The Adventure Continues,,,,,None,,,,,None,,/?p=section&a=details&id=24226,,,['3ab4036072fc392eccd4cbfdb63255739a2d777d.bps'],['3ab4036072fc392eccd4cbfdb63255739a2d777d.json'],
,,27 Sep 2020,24408,Casio Mario World,,,,,None,,,,,None,,/?p=section&a=details&id=24408,,,['9dfa8c50926401886ac751e43f1f97337ad10591.bps'],['9dfa8c50926401886ac751e43f1f97337ad10591.json'],
,,27 Sep 2020,24441,Mario OC,,,,,None,,,,,None,,/?p=section&a=details&id=24441,,,['050e7831e05e86e140a151418bad293fc8e4d05b.bps'],['050e7831e05e86e140a151418bad293fc8e4d05b.json'],
,,27 Sep 2020,24587,Tebeo,,,,,None,,,,,None,,/?p=section&a=details&id=24587,,,['7730245b8d5c7db427f6335186235adca66519eb.bps'],['7730245b8d5c7db427f6335186235adca66519eb.json'],
,,27 Sep 2020,24628,Hyper Wizardry,,,,,None,,,,,None,,/?p=section&a=details&id=24628,,,['dca4f2416db18be48f10f8b01236e919551948fd.bps'],['dca4f2416db18be48f10f8b01236e919551948fd.json'],
,,27 Sep 2020,24647,SONIC ADVENTURES WORLD,,,,,None,,,,,None,,/?p=section&a=details&id=24647,,,['b593a06640cff9e5238663bd20a3084baa349779.bps'],['b593a06640cff9e5238663bd20a3084baa349779.json'],
,,27 Sep 2020,24650,Super Joe Bros.,,,,,None,,,,,None,,/?p=section&a=details&id=24650,,,['36bace1caa04ab5f13c0cc3e3f450ce3deec8287.bps'],['36bace1caa04ab5f13c0cc3e3f450ce3deec8287.json'],
,,27 Sep 2020,24661,Super Chill World,,,,,None,,,,,None,,/?p=section&a=details&id=24661,,,['18312f591f60dec5d0b9e33c5694b1f471db75e8.bps'],['18312f591f60dec5d0b9e33c5694b1f471db75e8.json'],
,,27 Sep 2020,24676,Diet Kaizo,,,,,None,,,,,None,,/?p=section&a=details&id=24676,,,['593e050c8c629e37d30ed83162c697fcef1e8617.bps'],['593e050c8c629e37d30ed83162c697fcef1e8617.json'],
,,27 Sep 2020,24681,Super Mario World - Neeberz's Hack,,,,,None,,,,,None,,/?p=section&a=details&id=24681,,,['e1794abc7c124616babb8aacc5327afa0b38011f.bps'],['e1794abc7c124616babb8aacc5327afa0b38011f.json'],
,,27 Sep 2020,24711,Simple Kaizo World,,,,,None,,,,,None,,/?p=section&a=details&id=24711,,,['3c1c9a84e2d2591a2e1f31d4017ceac3864b1325.bps'],['3c1c9a84e2d2591a2e1f31d4017ceac3864b1325.json'],
,,27 Sep 2020,24712,Unlit Candles,,,,,None,,,,,None,,/?p=section&a=details&id=24712,,,['90f2affc460a2b799e64bf0297af6313067d871b.bps'],['90f2affc460a2b799e64bf0297af6313067d871b.json'],
,,27 Sep 2020,24716,A Little Toad story,,,,,None,,,,,None,,/?p=section&a=details&id=24716,,,['98a19f36a727523a32852fedd8e93f9b1ca2f0e3.bps'],['98a19f36a727523a32852fedd8e93f9b1ca2f0e3.json'],
,,27 Sep 2020,24724,Garbage Mario World (Demo),,,,,None,,,,,None,,/?p=section&a=details&id=24724,,,['6daa2300032c5c45145bbda684e8cedf42ff37d5.bps'],['6daa2300032c5c45145bbda684e8cedf42ff37d5.json'],
,,28 Sep 2020,24729,SUPER CHOCS WORLD 2,,,,,None,,,,,None,,/?p=section&a=details&id=24729,,,['742e2bf2f1a4c0e083e7b582866c192dc96f5b51.bps'],['742e2bf2f1a4c0e083e7b582866c192dc96f5b51.json'],
,,29 Sep 2020,24738,Simple Kaizo World,,,,,None,,,,,None,,/?p=section&a=details&id=24738,,,['e3b625ae1e09bcaadcfc3ea411fed205a51175b8.bps'],['e3b625ae1e09bcaadcfc3ea411fed205a51175b8.json'],
,,29 Sep 2020,24742,Hack 1 2,,,,,None,,,,,None,,/?p=section&a=details&id=24742,,,['abe2f90182e5cd41a1350351652cecbcb609f73e.bps'],['abe2f90182e5cd41a1350351652cecbcb609f73e.json'],
,,30 Sep 2020,24750,Unlit Candles,,,,,None,,,,,None,,/?p=section&a=details&id=24750,,,['21ecbe58787a58fe95209ed526ae88b51808da59.bps'],['21ecbe58787a58fe95209ed526ae88b51808da59.json'],
,,30 Sep 2020,24752,Unlit Candles,,,,,None,,,,,None,,/?p=section&a=details&id=24752,,,['c3eb3ac725fdf8ddda74b66bc3f3cb642d32450b.bps'],['c3eb3ac725fdf8ddda74b66bc3f3cb642d32450b.json'],
,,30 Sep 2020,24754,Dancer to a Discordant System,,,,,None,,,,,None,,/?p=section&a=details&id=24754,,,['723bf3bf43de2037608e1bd700f4b9584ce0d3db.bps'],['723bf3bf43de2037608e1bd700f4b9584ce0d3db.json'],
,,01 Oct 2020,24757,Super Mario Radish Kingdom Adventure,,,,,None,,,,,None,,/?p=section&a=details&id=24757,,,['7b10b915c86c5e97e513ba8c752416a8f0f21e1b.bps'],['7b10b915c86c5e97e513ba8c752416a8f0f21e1b.json'],
,,03 Oct 2020,24771,Super Mario World 2020 Collection,,,,,None,,,,,None,,/?p=section&a=details&id=24771,,,"['af7edb97d9663ade98f70143c3119aa7df1d628f.bps', 'a47f6b75fcd134bca7af9489eb44b9a2eb4f29e3.bps', '9b08c7d9e096c2154526f972213c56286b9f2ad6.bps']","['af7edb97d9663ade98f70143c3119aa7df1d628f.json', 'a47f6b75fcd134bca7af9489eb44b9a2eb4f29e3.json', '9b08c7d9e096c2154526f972213c56286b9f2ad6.json']",
,,03 Oct 2020,24773,Justice for Mario,,,,,None,,,,,None,,/?p=section&a=details&id=24773,,,['e2f300a058822ed09fa3ea96b6be234343e9c45a.bps'],['e2f300a058822ed09fa3ea96b6be234343e9c45a.json'],
,,03 Oct 2020,24774,Justice for Mario,,,,,None,,,,,None,,/?p=section&a=details&id=24774,,,['e2f300a058822ed09fa3ea96b6be234343e9c45a.bps'],['e2f300a058822ed09fa3ea96b6be234343e9c45a.json'],
,,03 Oct 2020,24777,Super Mario Radish Kingdom Adventure,,,,,None,,,,,None,,/?p=section&a=details&id=24777,,,['994a2387f98aa0432da9c4c1f61bd6ee61040c83.bps'],['994a2387f98aa0432da9c4c1f61bd6ee61040c83.json'],
,,08 Oct 2020,24811,Super Chill World,,,,,MellowYouth,,,,,Kaizo: Light,,/?p=section&a=details&id=24811,,,['8af482ca24269cdca9fd759b8d9c728c72870116.bps'],['8af482ca24269cdca9fd759b8d9c728c72870116.json'],
,,10 Oct 2020,24815,torkiyello iki,,,,,OEO6,,,,,Kaizo: Light,,/?p=section&a=details&id=24815,,,['34d1eaff1b6e5e8c38662d6e696529b98a362a3e.bps'],['34d1eaff1b6e5e8c38662d6e696529b98a362a3e.json'],
,,10 Oct 2020,24817,Super Mario World 2020 Collection (R8.2),,,,,Leozoppi,,,,,Standard: Hard,,/?p=section&a=details&id=24817,,,"['f5449d041796b1cc2e1fe56603c5d589acae84f0.bps', '46f35d1fc300335c2719b7f41efc81e038c05f0e.bps', '499031136f3a0ee89958fb5e815d9e1574687a4d.bps']","['f5449d041796b1cc2e1fe56603c5d589acae84f0.json', '46f35d1fc300335c2719b7f41efc81e038c05f0e.json', '499031136f3a0ee89958fb5e815d9e1574687a4d.json']",
,,10 Oct 2020,24822,Hack 1 2 2,,,,,Golden Yoshi,,,,,Standard: Hard,,/?p=section&a=details&id=24822,,,['f7734cef5961644a7b8c5d08790ba6b2dc216027.bps'],['f7734cef5961644a7b8c5d08790ba6b2dc216027.json'],
,,12 Oct 2020,24835,Super Mario World - Neeberz's Hack,,,,,Neeberz,,,,,Standard: Easy,,/?p=section&a=details&id=24835,,,['565b3cd40b741a7a3484c1b9a49c29cf7b320ec3.bps'],['565b3cd40b741a7a3484c1b9a49c29cf7b320ec3.json'],
,,13 Oct 2020,24840,Desafio Do Zidan3,,,,,Zidan3,,,,,Kaizo: Light,,/?p=section&a=details&id=24840,,,['dcd3e32edca80d0ba7e300ec20961722bba43bb4.bps'],['dcd3e32edca80d0ba7e300ec20961722bba43bb4.json'],
,,13 Oct 2020,24844,Super Ninji Land 2: A Ninji's Journey,,,,,Idunno,,,,,Standard: Normal,,/?p=section&a=details&id=24844,,,['44f674d8067ac0f0ad97011a17bdadad5587dddc.bps'],['44f674d8067ac0f0ad97011a17bdadad5587dddc.json'],
,,14 Oct 2020,24848,Desafio Do Zidan3 2.0,,,,,Zidan3,,,,,Kaizo: Light,,/?p=section&a=details&id=24848,,,['7f0c88d80d7d3b4539d9117b6c9168165cf5e532.bps'],['7f0c88d80d7d3b4539d9117b6c9168165cf5e532.json'],
,,14 Oct 2020,24853,Cookie 2013,,,,,Ginyu AL,,,,,Standard: Normal,,/?p=section&a=details&id=24853,,,['77500c1506dc5db5952a8e27207ae914ab8b01f7.bps'],['77500c1506dc5db5952a8e27207ae914ab8b01f7.json'],
,,15 Oct 2020,24860,Mario OC,,,,,elieltonl,,,,,Kaizo: Hard,,/?p=section&a=details&id=24860,,,['a724643cdb27fbdf97bcab86008091d11cacff3a.bps'],['a724643cdb27fbdf97bcab86008091d11cacff3a.json'],
,,15 Oct 2020,24861,Operation KAN,,,,,"Zsonal, kaka128432, trihard inc, tubers93",,,,,Standard: Hard,,/?p=section&a=details&id=24861,,,['0b93fa12d8fc060ebded1f9f1445fc6f60643224.bps'],['0b93fa12d8fc060ebded1f9f1445fc6f60643224.json'],
,,16 Oct 2020,24864,Super Chill World,,,,,MellowYouth,,,,,Kaizo: Light,,/?p=section&a=details&id=24864,,,['a80fc341386e76d4c426d292f93f2eb6189af603.bps'],['a80fc341386e76d4c426d292f93f2eb6189af603.json'],
,,16 Oct 2020,24868,The Quest for the Candies,,,,,Green Jerry,,,,,Standard: Normal,,/?p=section&a=details&id=24868,,,['e1696fea543989ea95f9588b3c1c64afb4ab17ed.bps'],['e1696fea543989ea95f9588b3c1c64afb4ab17ed.json'],
,,16 Oct 2020,24869,GROOVY WORLD [beta,,,,,mixernock,,,,,Standard: Easy,,/?p=section&a=details&id=24869,,,['0cf279f89d88e08b2ce0c3dc903f3cc36ab2b1e0.bps'],['0cf279f89d88e08b2ce0c3dc903f3cc36ab2b1e0.json'],
,,16 Oct 2020,24873,Don't Panic,,,,,Nicoke42,,,,,Kaizo: Light,,/?p=section&a=details&id=24873,,,['e8d860c11b982baa711dd87b973ca62793ef4d11.bps'],['e8d860c11b982baa711dd87b973ca62793ef4d11.json'],
,,17 Oct 2020,24874,Mario VS The Police,,,,,nnj,,,,,Standard: Hard,,/?p=section&a=details&id=24874,,,['7d2778d40f1e58d8928a86859fc7542e10b41ace.bps'],['7d2778d40f1e58d8928a86859fc7542e10b41ace.json'],
,,17 Oct 2020,24889,Super Mario World - Neeberz's Hack,,,,,Neeberz,,,,,Standard: Easy,,/?p=section&a=details&id=24889,,,['9012d59cd264af2d7490319471bb84fe3fd04e0e.bps'],['9012d59cd264af2d7490319471bb84fe3fd04e0e.json'],
,,19 Oct 2020,24903,Simply Mario Shells 'n Bells Demo,,,,,Sping bot,,,,,Kaizo: Light,,/?p=section&a=details&id=24903,,,['1b5ad0159f1762b2ec3db1a511a6e925c57b32b8.bps'],['1b5ad0159f1762b2ec3db1a511a6e925c57b32b8.json'],
,,20 Oct 2020,24922,Don't Panic,,,,,Nicoke42,,,,,Kaizo: Light,,/?p=section&a=details&id=24922,,,['c624504590d96ffa2fe6c7d4393b33c9b0978e73.bps'],['c624504590d96ffa2fe6c7d4393b33c9b0978e73.json'],
,,21 Oct 2020,24924,torkiyello extra pack,,,,,OEO6,,,,,Kaizo: Light,,/?p=section&a=details&id=24924,,,['07af13736ce6e56c1af4b1f9575cc73a31e8eee4.bps'],['07af13736ce6e56c1af4b1f9575cc73a31e8eee4.json'],
,,21 Oct 2020,24928,Super Mario World Shattered World,,,,,Segment1Zone2,,,,,Standard: Hard,,/?p=section&a=details&id=24928,,,['a1055375d180d71e18e328de43e4e1fe6655df45.bps'],['a1055375d180d71e18e328de43e4e1fe6655df45.json'],
,,23 Oct 2020,24943,HYPERION,,,,,AmperSam,,,,,Kaizo: Light,,/?p=section&a=details&id=24943,,,['f4adaa5273d128457a7465f5c37353fedd768393.bps'],['f4adaa5273d128457a7465f5c37353fedd768393.json'],
,,25 Oct 2020,24962,Mario World- Midnight Chapter,,,,,Lady_Gagamel,,,,,Standard: Normal,,/?p=section&a=details&id=24962,,,['cb828db2a3324f357b1fb0e4c4ec7ca0a6fce7da.bps'],['cb828db2a3324f357b1fb0e4c4ec7ca0a6fce7da.json'],
,,27 Oct 2020,24987,HYPERION,,,,,AmperSam,,,,,Kaizo: Light,,/?p=section&a=details&id=24987,,,['6e3138915ef953df2b51cce3bdef2e950b8da081.bps'],['6e3138915ef953df2b51cce3bdef2e950b8da081.json'],
,,27 Oct 2020,24996,stickman words,,,,,timeleft,,,,,Kaizo: Light,,/?p=section&a=details&id=24996,,,['1800586f05414206ec38a89feca0656501294fda.bps'],['1800586f05414206ec38a89feca0656501294fda.json'],
,,28 Oct 2020,25009,Haunted Hill,,,,,Sleppy,,,,,Standard: Very Hard,,/?p=section&a=details&id=25009,,,['c665b3cb0ecc0c5ed9abe1ec20e1e78fa61fd2ac.bps'],['c665b3cb0ecc0c5ed9abe1ec20e1e78fa61fd2ac.json'],
,,31 Oct 2020,25034,Don't Panic,,,,,Nicoke42,,,,,Kaizo: Light,,/?p=section&a=details&id=25034,,,['1996d69739a1bfd23b503159d49170870793508a.bps'],['1996d69739a1bfd23b503159d49170870793508a.json'],
,,02 Nov 2020,25057,P-Abuse,,,,,"ideka13, mio",,,,,Kaizo: Hard,,/?p=section&a=details&id=25057,,,['ab63ff11c2604be1e50c13b2b18ed74c54f81831.bps'],['ab63ff11c2604be1e50c13b2b18ed74c54f81831.json'],
,,02 Nov 2020,25059,Hyper Wizardry,,,,,ageVerrly,,,,,Kaizo: Light,,/?p=section&a=details&id=25059,,,['f92a61ecf85d7b56b06a5a2bce6f34a32471987a.bps'],['f92a61ecf85d7b56b06a5a2bce6f34a32471987a.json'],
,,03 Nov 2020,25091,Super Mario World Coronavirus,,,,,Kauan Henrique Chaves da Costa,,,,,Standard: Hard,,/?p=section&a=details&id=25091,,,['197fa98f892e26ead9a6a36fccfd20c8f4d2c88a.bps'],['197fa98f892e26ead9a6a36fccfd20c8f4d2c88a.json'],
,,03 Nov 2020,25092,Super Mario World Coronavirus,,,,,Kauan Henrique Chaves da Costa,,,,,Standard: Hard,,/?p=section&a=details&id=25092,,,['197fa98f892e26ead9a6a36fccfd20c8f4d2c88a.bps'],['197fa98f892e26ead9a6a36fccfd20c8f4d2c88a.json'],
,,04 Nov 2020,25093,Super Mario World Coronavirus,,,,,Kauan Henrique Chaves da Costa,,,,,Standard: Hard,,/?p=section&a=details&id=25093,,,['bd1ea98364817fdfc86f7cfe93cecf92d7fe6160.bps'],['bd1ea98364817fdfc86f7cfe93cecf92d7fe6160.json'],
,,06 Nov 2020,25109,HYPERION,,,,,AmperSam,,,,,Kaizo: Light,,/?p=section&a=details&id=25109,,,['c50b3b2d24ceb9327ba4b64b1e9e6c307dd3cc12.bps'],['c50b3b2d24ceb9327ba4b64b1e9e6c307dd3cc12.json'],
,,06 Nov 2020,25113,Super Kekcroc World 3,,,,,"Kekcroc Team, Knucklesfan",,,,,Standard: Very Hard,,/?p=section&a=details&id=25113,,,['662becac3d5bc9ea90fd796690dbc529083cf057.bps'],['662becac3d5bc9ea90fd796690dbc529083cf057.json'],
,,06 Nov 2020,25116,Caveat Emptor 2,,,,,ElohssaYtrid,,,,,Kaizo: Light,,/?p=section&a=details&id=25116,,,['4f9491fa661677d983871424a26917bbcb71cd4d.bps'],['4f9491fa661677d983871424a26917bbcb71cd4d.json'],
,,08 Nov 2020,25127,Mario Game Fixed by Dio del Metal,,,,,DiodelMetal666,,,,,Standard: Very Hard,,/?p=section&a=details&id=25127,,,['232fc0da3c448f1329d68e511b76e4ebd319b89b.bps'],['232fc0da3c448f1329d68e511b76e4ebd319b89b.json'],
,,09 Nov 2020,25133,Mini Levels,,,,,mrpigeon468,,,,,Kaizo: Light,,/?p=section&a=details&id=25133,,,['fc89e4716927b8486afcbff469b1ec48ca44c843.bps'],['fc89e4716927b8486afcbff469b1ec48ca44c843.json'],
,,12 Nov 2020,25154,Super Princess Daisy - The Plumbers Rescue,,,,,OrangeBronzeDaisy,,,,,Standard: Hard,,/?p=section&a=details&id=25154,,,['5d19af192273d2834264de426c68093d10bcb81a.bps'],['5d19af192273d2834264de426c68093d10bcb81a.json'],
,,12 Nov 2020,25155,Mario travels around the World,,,,,Edphonse15,,,,,Standard: Normal,,/?p=section&a=details&id=25155,,,['4143398bdc2c033f51cada84568284f71354f87c.bps'],['4143398bdc2c033f51cada84568284f71354f87c.json'],
,,13 Nov 2020,25161,Super Ideka World,,,,,ideka13,,,,,Kaizo: Light,,/?p=section&a=details&id=25161,,,['cf3e86846f2ab7e21bde2eb79bd967bea030b796.bps'],['cf3e86846f2ab7e21bde2eb79bd967bea030b796.json'],
,,15 Nov 2020,25178,My First Romhack,,,,,SMWCustomizer,,,,,Standard: Normal,,/?p=section&a=details&id=25178,,,['aee77359151c4418d761ccfbe55ff5827d47ff79.bps'],['aee77359151c4418d761ccfbe55ff5827d47ff79.json'],
,,15 Nov 2020,25179,The Princess Was Kidnapped Again DEMO,,,,,Gabriel BR,,,,,Standard: Normal,,/?p=section&a=details&id=25179,,,['01ed4992e901020ff0dbdcc0ea009f3012d65248.bps'],['01ed4992e901020ff0dbdcc0ea009f3012d65248.json'],
,,15 Nov 2020,25185,Streak of Tigers,,,,,JonnyManjiro,,,,,Kaizo: Light,,/?p=section&a=details&id=25185,,,['0ccd754848f63d7eabe3c318b8d11c8025821bf5.bps'],['0ccd754848f63d7eabe3c318b8d11c8025821bf5.json'],
,,18 Nov 2020,25199,New Super Mario World,,,,,Elsayed Mukhtar,,,,,Standard: Normal,,/?p=section&a=details&id=25199,,,['4916b52113c65a03d5be8c1e79d1103aa8fc8ca5.bps'],['4916b52113c65a03d5be8c1e79d1103aa8fc8ca5.json'],
,,18 Nov 2020,25200,Super Mario Meme World Demo,,,,,Thunderbird98,,,,,Standard: Easy,,/?p=section&a=details&id=25200,,,['32993c226142b263d6d9874f459e396c5bd6eba3.bps'],['32993c226142b263d6d9874f459e396c5bd6eba3.json'],
,,21 Nov 2020,25213,Super Mario Bros. Advance 2 : Super Mario Bros. 3,,,,,King Mayro,,,,,Standard: Normal,,/?p=section&a=details&id=25213,,,"['be97b366c333524218a5d8df802b8d2d3a43d4ae.bps', '2b99a6315686f2c72c04f9c1b3942e38fc7bd39c.bps', 'd7c22d75e5c18bf72fd3df87145dba732eea7a4c.bps', '78861715fc27688f7e1ec2385c36ab499f204085.bps', 'af3876ec383fc6fcb6d2d56d2d57e44497667bb4.bps', '5798d438b9b00110c4572bde8a1df0fa7b651b28.bps']","['be97b366c333524218a5d8df802b8d2d3a43d4ae.json', '2b99a6315686f2c72c04f9c1b3942e38fc7bd39c.json', 'd7c22d75e5c18bf72fd3df87145dba732eea7a4c.json', '78861715fc27688f7e1ec2385c36ab499f204085.json', 'af3876ec383fc6fcb6d2d56d2d57e44497667bb4.json', '5798d438b9b00110c4572bde8a1df0fa7b651b28.json']",
,,21 Nov 2020,25214,Quest for Corgi Butts,,,,,TDWarrior,,,,,Kaizo: Light,,/?p=section&a=details&id=25214,,,['ee5df348eab0b2b35c3cc5d079b8ffa61a4c1f2b.bps'],['ee5df348eab0b2b35c3cc5d079b8ffa61a4c1f2b.json'],
,,21 Nov 2020,25219,Hack 6,,,,,Golden Yoshi,,,,,Standard: Hard,,/?p=section&a=details&id=25219,,,['221a78ad823903d5c467fe383e3cd3efa6d3717d.bps'],['221a78ad823903d5c467fe383e3cd3efa6d3717d.json'],
,,22 Nov 2020,25230,The Darkside REMASTERED,,,,,Insanit,,,,,Kaizo: Light,,/?p=section&a=details&id=25230,,,['01ff9437eb2bc86e2a8d7e94f93f9d7335763bb0.bps'],['01ff9437eb2bc86e2a8d7e94f93f9d7335763bb0.json'],
,,24 Nov 2020,25252,Super Swordi World,,,,,Sir_Danny_TM,,,,,Kaizo: Light,,/?p=section&a=details&id=25252,,,['1dc70ecb29bb78f287aca25ad1449f93bedc226a.bps'],['1dc70ecb29bb78f287aca25ad1449f93bedc226a.json'],
,,24 Nov 2020,25259,Bullymario's New Super Mario World,,,,,Bullymario,,,,,Standard: Normal,,/?p=section&a=details&id=25259,,,['cc9429054495e8be19d14194918c37289c3eb822.bps'],['cc9429054495e8be19d14194918c37289c3eb822.json'],
,,25 Nov 2020,25261,Mischievous Mouser,,,,,MagmaMouse,,,,,Kaizo: Light,,/?p=section&a=details&id=25261,,,['cd9ad4ce1b99f16a7d3996dfc03c3cd730f2d101.bps'],['cd9ad4ce1b99f16a7d3996dfc03c3cd730f2d101.json'],
,,25 Nov 2020,25262,Caveat Emptor 2,,,,,ElohssaYtrid,,,,,Kaizo: Light,,/?p=section&a=details&id=25262,,,['5cce2dff653816a868089a8e3c84a1d0c63a3882.bps'],['5cce2dff653816a868089a8e3c84a1d0c63a3882.json'],
,,26 Nov 2020,25272,35 Questions,,,,,random_box,,,,,Kaizo: Light,,/?p=section&a=details&id=25272,,,['5910561d314b36706b5d7fc9c45a34288ae5e8d8.bps'],['5910561d314b36706b5d7fc9c45a34288ae5e8d8.json'],
,,26 Nov 2020,25278,First Try,,,,,Anko,,,,,Standard: Hard,,/?p=section&a=details&id=25278,,,['f1bcf78d4047843a4467062f24e6af2fca6b4822.bps'],['f1bcf78d4047843a4467062f24e6af2fca6b4822.json'],
,,28 Nov 2020,25294,Super Mario World: Trouble At Yoshi's Island (Demo 1),,,,,Spads,,,,,Standard: Normal,,/?p=section&a=details&id=25294,,,['00c4f9aecab9554bb3b0da1d3a5e7deab52c0101.bps'],['00c4f9aecab9554bb3b0da1d3a5e7deab52c0101.json'],
,,29 Nov 2020,25314,35 Questions Deluxe,,,,,random_box,,,,,Kaizo: Light,,/?p=section&a=details&id=25314,,,['110d6da8cfc6004821781bf02c460c8ae55c1c0f.bps'],['110d6da8cfc6004821781bf02c460c8ae55c1c0f.json'],
,,30 Nov 2020,25331,Mischievous Mouser,,,,,MagmaMouse,,,,,Kaizo: Light,,/?p=section&a=details&id=25331,,,['83e9ddf124fc59dcc26278c21c373e04c7381aa5.bps'],['83e9ddf124fc59dcc26278c21c373e04c7381aa5.json'],
,,02 Dec 2020,25338,The Winter Island FULL GAME,,,,,Mario is the best,,,,,Standard: Normal,,/?p=section&a=details&id=25338,,,['a1fea86f0fcd0e8f732012ab71f7f7a6b473e645.bps'],['a1fea86f0fcd0e8f732012ab71f7f7a6b473e645.json'],
,,06 Dec 2020,25396,Boogie Wonderland,,,,,BabaYegha,,,,,Kaizo: Light,,/?p=section&a=details&id=25396,,,['b0082353dbd2905064a0a0f597ee2beb1c71a7dd.bps'],['b0082353dbd2905064a0a0f597ee2beb1c71a7dd.json'],
,,07 Dec 2020,25405,Super Mario World - Neeberz's Hack,,,,,Neeberz,,,,,Standard: Easy,,/?p=section&a=details&id=25405,,,['83a9ffe2dcfa5819b6ec72d467e36abff66693c8.bps'],['83a9ffe2dcfa5819b6ec72d467e36abff66693c8.json'],
,,08 Dec 2020,25411,God do Shell,,,,,Deivid Borba,,,,,Kaizo: Light,,/?p=section&a=details&id=25411,,,['1eecc60b3d9c4b7d61d4598d42ee2b15ce81a677.bps'],['1eecc60b3d9c4b7d61d4598d42ee2b15ce81a677.json'],
,,08 Dec 2020,25413,where is my wife,,,,,LEGOgucci,,,,,Standard: Very Hard,,/?p=section&a=details&id=25413,,,['39ff222d795f771ea1df7e48f4172421613ca18d.bps'],['39ff222d795f771ea1df7e48f4172421613ca18d.json'],
,,08 Dec 2020,25415,In A Random Adventure,,,,,Mr. MS,,,,,Standard: Hard,,/?p=section&a=details&id=25415,,,['3b0dad07b17de770c60db4a2f31c3dd068f3e7fc.bps'],['3b0dad07b17de770c60db4a2f31c3dd068f3e7fc.json'],
,,09 Dec 2020,25420,Super Mario Bros 5 Deluxe,,,,,MR. Gamer,,,,,Standard: Normal,,/?p=section&a=details&id=25420,,,['56c7152d30b4abc173d68fedb2d2f39f759affce.bps'],['56c7152d30b4abc173d68fedb2d2f39f759affce.json'],
,,09 Dec 2020,25422,Super Mario Bros 10,,,,,MR. Gamer,,,,,Standard: Normal,,/?p=section&a=details&id=25422,,,['f46c90a70f10eeca720a2e31485793f76e790af8.bps'],['f46c90a70f10eeca720a2e31485793f76e790af8.json'],
,,10 Dec 2020,25431,Mario Mini 2020,,,,,Elsayed Mukhtar,,,,,Standard: Easy,,/?p=section&a=details&id=25431,,,['75e2abe6f1f83d6eadacf317860e9f18f44fa5df.bps'],['75e2abe6f1f83d6eadacf317860e9f18f44fa5df.json'],
,,10 Dec 2020,25432,uper Mario Bros 5 Deluxe Adventure(New update),,,,,MR. Gamer,,,,,Standard: Normal,,/?p=section&a=details&id=25432,,,['7a469eb2c6d6000dbfdc4526451d3fa4c79c0928.bps'],['7a469eb2c6d6000dbfdc4526451d3fa4c79c0928.json'],
,,10 Dec 2020,25433,Mario and Luigi in search of the magic moons,,,,,Tommitalia,,,,,Standard: Hard,,/?p=section&a=details&id=25433,,,['844e4cf9ee201c51cdfe4eb3869fc90d15aa56bb.bps'],['844e4cf9ee201c51cdfe4eb3869fc90d15aa56bb.json'],
,,11 Dec 2020,25441,Super Mario World 3,,,,,Albert1234,,,,,Standard: Hard,,/?p=section&a=details&id=25441,,,['cf9ca91170f9e95d46492225de159e4d1f11d9d8.bps'],['cf9ca91170f9e95d46492225de159e4d1f11d9d8.json'],
,,16 Dec 2020,25473,God do Shell,,,,,Deivid Borba,,,,,Kaizo: Light,,/?p=section&a=details&id=25473,,,"['2ceddae1bf81f8bffc760be2e33822d4c816c74a.bps', '29de6debd9441c36dc2baf033859226ffeabdebe.bps']","['2ceddae1bf81f8bffc760be2e33822d4c816c74a.json', '29de6debd9441c36dc2baf033859226ffeabdebe.json']",
,,19 Dec 2020,25498,Super N450 World,,,,,N450,,,,,Standard: Normal,,/?p=section&a=details&id=25498,,,['6612e6afa8549102eba9bac68e845ba0c30518e8.bps'],['6612e6afa8549102eba9bac68e845ba0c30518e8.json'],
,,20 Dec 2020,25505,Super Mario The trip,,,,,Sig_AM,,,,,Standard: Normal,,/?p=section&a=details&id=25505,,,"['021f12cbc4e9c23681b19687ccd7391d2094f1fe.bps', '82ad1076f2f75619de1f1b3601efdf1f743bcfc6.bps']","['021f12cbc4e9c23681b19687ccd7391d2094f1fe.json', '82ad1076f2f75619de1f1b3601efdf1f743bcfc6.json']",
,,20 Dec 2020,25509,Super Mario Radish Kingdom Adventure,,,,,autisticsceptile1993,,,,,Standard: Very Hard,,/?p=section&a=details&id=25509,,,['60be9fb282c54927a6d2daafea693063da8fa38e.bps'],['60be9fb282c54927a6d2daafea693063da8fa38e.json'],
,,21 Dec 2020,25512,versuch zwei,,,,,Anko,,,,,Kaizo: Light,,/?p=section&a=details&id=25512,,,['436a960e1525bb106e8ab139115de260a0897860.bps'],['436a960e1525bb106e8ab139115de260a0897860.json'],
,,23 Dec 2020,25528,Super Mario Bros. Peach's Adventure,,,,,BWGLite,,,,,Standard: Normal,,/?p=section&a=details&id=25528,,,['e62a87febc670d2cd12832479371ab047640fef3.bps'],['e62a87febc670d2cd12832479371ab047640fef3.json'],
,,23 Dec 2020,25529,Super Troupe World,,,,,GRIMMKIN,,,,,Kaizo: Light,,/?p=section&a=details&id=25529,,,['551b817a1e60660990809dd854d564b3a9a22ebe.bps'],['551b817a1e60660990809dd854d564b3a9a22ebe.json'],
,,24 Dec 2020,25533,Mario Rescues Santa Claus,,,,,Green Jerry,,,,,Standard: Hard,,/?p=section&a=details&id=25533,,,['e8586df69c1bac92185b6f15096e52669a110905.bps'],['e8586df69c1bac92185b6f15096e52669a110905.json'],
,,25 Dec 2020,25547,Tiny Mario World Snow Summit Special,,,,,RetroDario,,,,,Standard: Hard,,/?p=section&a=details&id=25547,,,['8dabfce4947b74732653fa7f7284609c9d758f0c.bps'],['8dabfce4947b74732653fa7f7284609c9d758f0c.json'],
,,26 Dec 2020,25557,Super Mario World 2021 (PT-BR),,,,,edu_dyck,,,,,Standard: Normal,,/?p=section&a=details&id=25557,,,['745d94821e98e8a5094a108060a735ad1713036b.bps'],['745d94821e98e8a5094a108060a735ad1713036b.json'],
,,27 Dec 2020,25562,Justice for Mario,,,,,Centipede,,,,,Standard: Normal,,/?p=section&a=details&id=25562,,,['cfc12f941ad2f8d445b147d7df52fbd13c377d2a.bps'],['cfc12f941ad2f8d445b147d7df52fbd13c377d2a.json'],
,,28 Dec 2020,25566,Super Mario World Again,,,,,Mario is the best,,,,,Standard: Normal,,/?p=section&a=details&id=25566,,,['ba1a1e5fafdcefccc42bad1b3f20501dcbde6836.bps'],['ba1a1e5fafdcefccc42bad1b3f20501dcbde6836.json'],
,,31 Dec 2020,25584,Super Souls World,,,,,Phyll,,,,,Kaizo: Light,,/?p=section&a=details&id=25584,,,['5319315410cde7d698d61181f0ac5e9f9c38af08.bps'],['5319315410cde7d698d61181f0ac5e9f9c38af08.json'],
,,31 Dec 2020,25585,Mario's New Year Mini Quest,,,,,Green Jerry,,,,,Standard: Hard,,/?p=section&a=details&id=25585,,,['9e14a2c12824f022a346edbd054705d6d8ce6ddc.bps'],['9e14a2c12824f022a346edbd054705d6d8ce6ddc.json'],
,,01 Jan 2021,25590,Super Mario World Special,,,,,SuperDfar,,,,,Standard: Normal,,/?p=section&a=details&id=25590,,,['d7b3b2dd3bf5d7b69317b0964d5f3f57c5b56ab9.bps'],['d7b3b2dd3bf5d7b69317b0964d5f3f57c5b56ab9.json'],
,,02 Jan 2021,25601,Super Mario World Again,,,,,Mario is the best,,,,,Standard: Normal,,/?p=section&a=details&id=25601,,,['1a9af899e29faaf20d1c3d7938400a2ddfdf0e20.bps'],['1a9af899e29faaf20d1c3d7938400a2ddfdf0e20.json'],
,,03 Jan 2021,25609,Error (DEMO),,,,,Dimka,,,,,Standard: Hard,,/?p=section&a=details&id=25609,,,['69ee2382d306bb9016e275d55afab35ece6b657f.bps'],['69ee2382d306bb9016e275d55afab35ece6b657f.json'],
,,04 Jan 2021,25617,Super Swunsh World 2 DEMO,,,,,ChrizStylez,,,,,Kaizo: Light,,/?p=section&a=details&id=25617,,,['2b1dcc4096fa3edebaa2138e4bc87a502d9bd73c.bps'],['2b1dcc4096fa3edebaa2138e4bc87a502d9bd73c.json'],
,,06 Jan 2021,25645,3 Islands of Shells,,,,,Gulaschko,,,,,Kaizo: Light,,/?p=section&a=details&id=25645,,,['76e5d17d9861561675c88bfc03d2f9ff6bb0b6e3.bps'],['76e5d17d9861561675c88bfc03d2f9ff6bb0b6e3.json'],
,,07 Jan 2021,25650,Super Mario SS3 - PU,,,,,EmuGamer,,,,,Standard: Hard,,/?p=section&a=details&id=25650,,,['4f2cd9aa6765787443ec2e59f34826a8f1b9bc92.bps'],['4f2cd9aa6765787443ec2e59f34826a8f1b9bc92.json'],
,,07 Jan 2021,25652,Sweet Vanilla,,,,,Diego,,,,,Standard: Easy,,/?p=section&a=details&id=25652,,,['9d972f09efda768808e8f9f1d92402ec76a73536.bps'],['9d972f09efda768808e8f9f1d92402ec76a73536.json'],
,,07 Jan 2021,25653,3 Islands of Shells,,,,,Gulaschko,,,,,Kaizo: Light,,/?p=section&a=details&id=25653,,,['b2566bd591f9b70a273add1e8114438df60f3252.bps'],['b2566bd591f9b70a273add1e8114438df60f3252.json'],
,,07 Jan 2021,25654,Mario in the Klasky Opusc Island,,,,,jesus angel,,,,,Kaizo: Light,,/?p=section&a=details&id=25654,,,['00d45e119a12715dee6afe341071b79f06c9597f.bps'],['00d45e119a12715dee6afe341071b79f06c9597f.json'],
,,08 Jan 2021,25658,Mario's Pipe Parcour,,,,,Crazyclay,,,,,Standard: Hard,,/?p=section&a=details&id=25658,,,['07fe48333e913c82726892de3a6911d7b33d3aab.bps'],['07fe48333e913c82726892de3a6911d7b33d3aab.json'],
,,08 Jan 2021,25660,Super Ninji Land 2: A Ninji's Journey,,,,,Idunno,,,,,Standard: Normal,,/?p=section&a=details&id=25660,,,['4f11049e5727a3acdd3682de5f24cc50c17998cd.bps'],['4f11049e5727a3acdd3682de5f24cc50c17998cd.json'],
,,08 Jan 2021,25689,Super Souls World,,,,,Phyll,,,,,Kaizo: Light,,/?p=section&a=details&id=25689,,,['d4fdf3f92d9e7da6d58d07278bdbc83f6eaa9c96.bps'],['d4fdf3f92d9e7da6d58d07278bdbc83f6eaa9c96.json'],
,,08 Jan 2021,25713,Yuki's Adventure,,,,,A-l-e-x-99,,,,,Standard: Hard,,/?p=section&a=details&id=25713,,,['c8740dd6f799c6886634bc95e46c52af4dad4416.bps'],['c8740dd6f799c6886634bc95e46c52af4dad4416.json'],
,,09 Jan 2021,25732,Total Jotary World,,,,,Narcologer,,,,,Standard: Normal,,/?p=section&a=details&id=25732,,,['abda30edf14f0fe30bb1c6bad360eee74fd0560c.bps'],['abda30edf14f0fe30bb1c6bad360eee74fd0560c.json'],
,,09 Jan 2021,25739,where is my wife remastered,,,,,LEGOgucci,,,,,Kaizo: Light,,/?p=section&a=details&id=25739,,,['dcf09dee47688551eff2bed960e9b3a21760f32c.bps'],['dcf09dee47688551eff2bed960e9b3a21760f32c.json'],
,,09 Jan 2021,25745,Mario Vs. The Deadly Allience,,,,,SpoodahBro,,,,,Standard: Hard,,/?p=section&a=details&id=25745,,,['fac5150e1e2277b422c52fa19470f51ec5a21acd.bps'],['fac5150e1e2277b422c52fa19470f51ec5a21acd.json'],
,,10 Jan 2021,25767,Cangrejo Kaizo Land,,,,,cangrejo,,,,,Kaizo: Light,,/?p=section&a=details&id=25767,,,['adb9f9df2b9f34aee0d46798586bffae09e3ea40.bps'],['adb9f9df2b9f34aee0d46798586bffae09e3ea40.json'],
,,11 Jan 2021,25841,R-ACK,,,,,"Daizo Dee Von, Team JANK",,,,,Standard: Very Hard,,/?p=section&a=details&id=25841,,,['38893c70cb5760e630c7119cff2345b14ae2b69e.bps'],['38893c70cb5760e630c7119cff2345b14ae2b69e.json'],
,,12 Jan 2021,25848,Super Mario World: A Super Mario Adventure 2,,,,,KaidenThelens,,,,,Standard: Hard,,/?p=section&a=details&id=25848,,,['2a40be667a7e09437248fb70056e1b4d50309669.bps'],['2a40be667a7e09437248fb70056e1b4d50309669.json'],
,,12 Jan 2021,25850,Luigi's Super Adventure - C3 Demo 2,,,,,Dispace,,,,,Standard: Normal,,/?p=section&a=details&id=25850,,,['eadd254837d1838b6aa56063b45a0e42deb08568.bps'],['eadd254837d1838b6aa56063b45a0e42deb08568.json'],
,,12 Jan 2021,25851,Deluxe Mario Adventure,,,,,Dispace,,,,,Standard: Normal,,/?p=section&a=details&id=25851,,,['9bd1b81aa7c7cb3915741124b912580f8f780e66.bps'],['9bd1b81aa7c7cb3915741124b912580f8f780e66.json'],
,,12 Jan 2021,25852,Bowser's Hideout 2,,,,,Core,,,,,Standard: Hard,,/?p=section&a=details&id=25852,,,['d812137d40329903b5824fc061b8c524ede4a5d1.bps'],['d812137d40329903b5824fc061b8c524ede4a5d1.json'],
,,12 Jan 2021,25860,Cangrejo Kaizo Land,,,,,cangrejo,,,,,Kaizo: Light,,/?p=section&a=details&id=25860,,,['c63a0c3890829159004911fe812ba4be489a2e05.bps'],['c63a0c3890829159004911fe812ba4be489a2e05.json'],
,,12 Jan 2021,25861,Shell is Cool,,,,,Deivid Borba,,,,,Kaizo: Light,,/?p=section&a=details&id=25861,,,"['13d0a64f7bfcdf31eaf6cef6adcd32b1f384cec4.bps', '8280001bc9021c83ad640fa85bbcf7443b1d6f1d.bps']","['13d0a64f7bfcdf31eaf6cef6adcd32b1f384cec4.json', '8280001bc9021c83ad640fa85bbcf7443b1d6f1d.json']",
,,12 Jan 2021,25871,SUPER MARIO WORLD LEGACY,,,,,Samuel 300,,,,,Standard: Normal,,/?p=section&a=details&id=25871,,,['65cedfa7c9b4ab883be045cc4f21e4b901121047.bps'],['65cedfa7c9b4ab883be045cc4f21e4b901121047.json'],
,,12 Jan 2021,25879,NH World,,,,,l337f00l,,,,,Kaizo: Light,,/?p=section&a=details&id=25879,,,['d9dd0152703e4976bc0f0abe7c0b285e9f09dd53.bps'],['d9dd0152703e4976bc0f0abe7c0b285e9f09dd53.json'],
,,14 Jan 2021,25904,Super Souls World,,,,,Phyll,,,,,Kaizo: Light,,/?p=section&a=details&id=25904,,,['7c84de6e032496f3de8aba8dd046ff8ac7977b34.bps'],['7c84de6e032496f3de8aba8dd046ff8ac7977b34.json'],
,,15 Jan 2021,25914,Cangrejo Kaizo Land,,,,,cangrejo,,,,,Kaizo: Light,,/?p=section&a=details&id=25914,,,['ac39bd6e01fd984923880fdffd981ee696478e2e.bps'],['ac39bd6e01fd984923880fdffd981ee696478e2e.json'],
,,16 Jan 2021,25928,Insomnia1.0,,,,,Drippz85,,,,,Kaizo: Light,,/?p=section&a=details&id=25928,,,['1e00d86504293c78f25a3165e53abf0f4fb6aef1.bps'],['1e00d86504293c78f25a3165e53abf0f4fb6aef1.json'],
,,16 Jan 2021,25932,Luigi's New Quest,,,,,Mr. MS,,,,,Standard: Hard,,/?p=section&a=details&id=25932,,,['e23d3c6570fc63f27cb82a935ccd1f505d49807d.bps'],['e23d3c6570fc63f27cb82a935ccd1f505d49807d.json'],
,,18 Jan 2021,25965,Nothing Crazy,,,,,callmeCMDR,,,,,Standard: Very Hard,,/?p=section&a=details&id=25965,,,['c4f839f0442ba62b80d9def7ff5b8c1f52d4f13f.bps'],['c4f839f0442ba62b80d9def7ff5b8c1f52d4f13f.json'],
,,18 Jan 2021,25967,NH World,,,,,l337f00l,,,,,Kaizo: Light,,/?p=section&a=details&id=25967,,,['861b908d84d392505c9dfef04528c60fc514e04f.bps'],['861b908d84d392505c9dfef04528c60fc514e04f.json'],
,,21 Jan 2021,26008,Ultra Mario. Magic Adventure,,,,,"MR. Gamer, Sr Ramon",,,,,Standard: Normal,,/?p=section&a=details&id=26008,,,['9b4fc7fbfef67e31e84ef361e7270b7e93e70a0a.bps'],['9b4fc7fbfef67e31e84ef361e7270b7e93e70a0a.json'],
,,21 Jan 2021,26013,Super Mario World The Blue Island,,,,,jesus angel,,,,,Kaizo: Light,,/?p=section&a=details&id=26013,,,['8bf3e3ddeb78e7ca8502406bad324330c6df8019.bps'],['8bf3e3ddeb78e7ca8502406bad324330c6df8019.json'],
,,23 Jan 2021,26027,Insomnia,,,,,Dr.Moe,,,,,Kaizo: Light,,/?p=section&a=details&id=26027,,,['ffd05289be5306efa7a4f7f39cb2c46820e91e76.bps'],['ffd05289be5306efa7a4f7f39cb2c46820e91e76.json'],
,,24 Jan 2021,26038,Insomnia,,,,,Dr.Moe,,,,,Kaizo: Light,,/?p=section&a=details&id=26038,,,['085dd0b1c3b0452ed1e382354f27599ddb99a112.bps'],['085dd0b1c3b0452ed1e382354f27599ddb99a112.json'],
,,26 Jan 2021,26065,The Darkside REMASTERED,,,,,Insanit,,,,,Kaizo: Light,,/?p=section&a=details&id=26065,,,['70337bdbc12fe8005231567c3fe822b5d034b44a.bps'],['70337bdbc12fe8005231567c3fe822b5d034b44a.json'],
,,28 Jan 2021,26076,Think Fast,,,,,Desert,,,,,Kaizo: Light,,/?p=section&a=details&id=26076,,,['c57a6b0eadbe61ddc646cc861d835af05f1de5cf.bps'],['c57a6b0eadbe61ddc646cc861d835af05f1de5cf.json'],
,,29 Jan 2021,26077,Milo's Misadventures,,,,,MidniteMilo82,,,,,Kaizo: Light,,/?p=section&a=details&id=26077,,,['e09920d69decadaa90a1cda52d1e757cf3a7abb2.bps'],['e09920d69decadaa90a1cda52d1e757cf3a7abb2.json'],
,,30 Jan 2021,26092,Ninji Story,,,,,Lush_50,,,,,Kaizo: Light,,/?p=section&a=details&id=26092,,,['e015a7ac81ec8f64fd9a336db9b7daf9edbe251c.bps'],['e015a7ac81ec8f64fd9a336db9b7daf9edbe251c.json'],
,,30 Jan 2021,26098,BooSide,,,,,CousinCatnip,,,,,Standard: Hard,,/?p=section&a=details&id=26098,,,['878f35298104c7835597dc8357614d1f1e615807.bps'],['878f35298104c7835597dc8357614d1f1e615807.json'],
,,31 Jan 2021,26102,Super Ninji Land 2: A Ninji's Journey,,,,,Idunno,,,,,Standard: Normal,,/?p=section&a=details&id=26102,,,['33ad56485c7b60e0a864c100e49f193b606e1eec.bps'],['33ad56485c7b60e0a864c100e49f193b606e1eec.json'],
,,03 Feb 2021,26123,The Legend of Zelda - The Mini Quest,,,,,MaxwelHacks,,,,,Standard: Hard,,/?p=section&a=details&id=26123,,,['145493d6dbf87221d875d86b7d4cb498ad9feb71.bps'],['145493d6dbf87221d875d86b7d4cb498ad9feb71.json'],
,,03 Feb 2021,26125,lil peep land,,,,,LEGOgucci,,,,,Standard: Hard,,/?p=section&a=details&id=26125,,,['58a48e7cf8e433a54a4a8b6e8989363793506af4.bps'],['58a48e7cf8e433a54a4a8b6e8989363793506af4.json'],
,,04 Feb 2021,26133,Luigi's New Quest,,,,,Mr. MS,,,,,Standard: Hard,,/?p=section&a=details&id=26133,,,['e054c2d2f49b8eab884da4c0b9dfed34090c6a3a.bps'],['e054c2d2f49b8eab884da4c0b9dfed34090c6a3a.json'],
,,04 Feb 2021,26134,Super SGES Races,,,,,RedKitsune,,,,,Kaizo: Light,,/?p=section&a=details&id=26134,,,"['95aa7dc06b38045ee4b73bee81ed34df6e03d692.bps', '5f840e0780257d73c7e444b4fd06eea07ac6209d.bps']","['95aa7dc06b38045ee4b73bee81ed34df6e03d692.json', '5f840e0780257d73c7e444b4fd06eea07ac6209d.json']",
,,05 Feb 2021,26139,MINERVA,,,,,Sariel,,,,,Kaizo: Light,,/?p=section&a=details&id=26139,,,['44891031580214c44c3a8150b584afc78c77d548.bps'],['44891031580214c44c3a8150b584afc78c77d548.json'],
,,05 Feb 2021,26140,Sweet Vanilla,,,,,Diego,,,,,Standard: Easy,,/?p=section&a=details&id=26140,,,['4d71b74fe63dc72b14aee748d4c2912dd9fdcc51.bps'],['4d71b74fe63dc72b14aee748d4c2912dd9fdcc51.json'],
,,05 Feb 2021,26144,Akogare 2,,,,,Mega,,,,,Kaizo: Light,,/?p=section&a=details&id=26144,,,['79ed6bc4c1217720ed586b1fe217eaaba4fa6951.bps'],['79ed6bc4c1217720ed586b1fe217eaaba4fa6951.json'],
,,06 Feb 2021,26151,Super Mario World The Blue Island,,,,,jesus angel,,,,,Kaizo: Light,,/?p=section&a=details&id=26151,,,['bcaa17209934ff9da5657d81129c35e292b5d914.bps'],['bcaa17209934ff9da5657d81129c35e292b5d914.json'],
,,07 Feb 2021,26154,Super Joe Bros. 2,,,,,Wolfguy423,,,,,Kaizo: Light,,/?p=section&a=details&id=26154,,,['594a0c5b546dbb76bd460967a15e7a827804378f.bps'],['594a0c5b546dbb76bd460967a15e7a827804378f.json'],
,,07 Feb 2021,26159,Justice for Mario,,,,,Centipede,,,,,Standard: Normal,,/?p=section&a=details&id=26159,,,['51fda9ac8b3fa61bf14cbedc26c12b1d3b6adce0.bps'],['51fda9ac8b3fa61bf14cbedc26c12b1d3b6adce0.json'],
,,08 Feb 2021,26163,4 YUMPs For Yoshi,,,,,AmazingChest,,,,,Kaizo: Light,,/?p=section&a=details&id=26163,,,['1f4bc2150f7861f9e56e6da1675d5bee1fe09727.bps'],['1f4bc2150f7861f9e56e6da1675d5bee1fe09727.json'],
,,08 Feb 2021,26166,Mario World for Pros,,,,,Nara Sherko,,,,,Standard: Very Hard,,/?p=section&a=details&id=26166,,,['e35574b286e754bc4a92bef1c8b3a13d87e7525e.bps'],['e35574b286e754bc4a92bef1c8b3a13d87e7525e.json'],
,,11 Feb 2021,26176,Super Mario World - Menace In The Mushroom Kingdom,,,,,HeavyMetalRocker1988,,,,,Standard: Hard,,/?p=section&a=details&id=26176,,,"['4c413e860eaa640b954c900fd568a77f7a5e4199.bps', '4a1bdb28ae3c1defe538205fe6656462658aca76.bps']","['4c413e860eaa640b954c900fd568a77f7a5e4199.json', '4a1bdb28ae3c1defe538205fe6656462658aca76.json']",
,,11 Feb 2021,26177,lilpeepland (feat KANYE WEST LİL PUMP XXXTENTACİON),,,,,LEGOgucci,,,,,Standard: Hard,,/?p=section&a=details&id=26177,,,['18b0cba2d94d57de784f75d0e876fe868ddca293.bps'],['18b0cba2d94d57de784f75d0e876fe868ddca293.json'],
,,11 Feb 2021,26178,Kill Luigi,,,,,Overcomon7,,,,,Kaizo: Light,,/?p=section&a=details&id=26178,,,['0b393917564e3c6262c624551da5b14ae985f116.bps'],['0b393917564e3c6262c624551da5b14ae985f116.json'],
,,12 Feb 2021,26180,4 YUMPs For Yoshi,,,,,AmazingChest,,,,,Kaizo: Light,,/?p=section&a=details&id=26180,,,['3a7cc6287a5e417c75e68c3ce3b2cf6dcb51b10f.bps'],['3a7cc6287a5e417c75e68c3ce3b2cf6dcb51b10f.json'],
,,13 Feb 2021,26185,Super Mario World - Menace In The Mushroom Kingdom,,,,,HeavyMetalRocker1988,,,,,Standard: Hard,,/?p=section&a=details&id=26185,,,"['7a161556812b7f4701e925d496e07f7a126cc436.bps', '4601c2fd464947b1feae71d31565acfffa30adef.bps']","['7a161556812b7f4701e925d496e07f7a126cc436.json', '4601c2fd464947b1feae71d31565acfffa30adef.json']",
,,13 Feb 2021,26188,Hack 1 2 3,,,,,Golden Yoshi,,,,,Standard: Hard,,/?p=section&a=details&id=26188,,,['36d563b6763bb486d5f31bff95bcc0420bf22b8b.bps'],['36d563b6763bb486d5f31bff95bcc0420bf22b8b.json'],
,,13 Feb 2021,26189,Ninji Story,,,,,Lush_50,,,,,Kaizo: Light,,/?p=section&a=details&id=26189,,,['d6a96bb0941875e23ee4ac1f966a4458976fc216.bps'],['d6a96bb0941875e23ee4ac1f966a4458976fc216.json'],
,,13 Feb 2021,26191,Super Cindy World,,,,,The_Uber_Camper,,,,,Kaizo: Light,,/?p=section&a=details&id=26191,,,"['8aca175a82c13835fb6064ee3e3f1faaaa8f4754.bps', 'a00e0df22da4e444246198e5ba21e1ca2d721c7b.bps']","['8aca175a82c13835fb6064ee3e3f1faaaa8f4754.json', 'a00e0df22da4e444246198e5ba21e1ca2d721c7b.json']",
,,13 Feb 2021,26192,Mario World for Pros,,,,,Nara Sherko,,,,,Standard: Hard,,/?p=section&a=details&id=26192,,,['9062b278ce40f8b65f620dd20ad0a20c910c953c.bps'],['9062b278ce40f8b65f620dd20ad0a20c910c953c.json'],
,,14 Feb 2021,26196,SUDP,,,,,ninj,,,,,Standard: Very Hard,,/?p=section&a=details&id=26196,,,['e99927d7840008d1c0480f29ffaa13eae5403067.bps'],['e99927d7840008d1c0480f29ffaa13eae5403067.json'],
,,15 Feb 2021,26203,Super Mario World - Menace In The Mushroom Kingdom,,,,,HeavyMetalRocker1988,,,,,Standard: Hard,,/?p=section&a=details&id=26203,,,"['7f10742f4251203fc8f88f40ac3bc4df7a09020a.bps', '6668517fe590d2fb9db288550e3b00e56dbb8388.bps']","['7f10742f4251203fc8f88f40ac3bc4df7a09020a.json', '6668517fe590d2fb9db288550e3b00e56dbb8388.json']",
,,15 Feb 2021,26205,Worl's World 2: The Rebellion,,,,,Worl,,,,,Kaizo: Light,,/?p=section&a=details&id=26205,,,['3dbe73905ea3e6f4ed1b3191ecf903218b6da3a8.bps'],['3dbe73905ea3e6f4ed1b3191ecf903218b6da3a8.json'],
,,15 Feb 2021,26206,Think Fast,,,,,Desert,,,,,Kaizo: Light,,/?p=section&a=details&id=26206,,,['520d61c7885eb3b1d0e814e35d88f4acb3467848.bps'],['520d61c7885eb3b1d0e814e35d88f4acb3467848.json'],
,,16 Feb 2021,26210,Worl's World 2: The Rebellion,,,,,Worl,,,,,Kaizo: Light,,/?p=section&a=details&id=26210,,,['d6796431eb670e5b67a111d21070dd9e0cf67ee6.bps'],['d6796431eb670e5b67a111d21070dd9e0cf67ee6.json'],
,,17 Feb 2021,26211,Mario World for Pros,,,,,Nara Sherko,,,,,Standard: Very Hard,,/?p=section&a=details&id=26211,,,['9be036a3ac35d8f1e512357dae69d4cf60131de2.bps'],['9be036a3ac35d8f1e512357dae69d4cf60131de2.json'],
,,18 Feb 2021,26219,Super Notto World Level 1 Demo,,,,,Notto,,,,,Standard: Normal,,/?p=section&a=details&id=26219,,,['eb5354b960a4731a5bab956883b93683993bfb32.bps'],['eb5354b960a4731a5bab956883b93683993bfb32.json'],
,,19 Feb 2021,26229,Soupy Soup World,,,,,LiamBLOL,,,,,Standard: Very Hard,,/?p=section&a=details&id=26229,,,['8aeb95976a860b95d9c3c833ea47ca49b55c189e.bps'],['8aeb95976a860b95d9c3c833ea47ca49b55c189e.json'],
,,20 Feb 2021,26232,Luigi's Super Adventure - C3 Demo 2,,,,,Dispace,,,,,Standard: Normal,,/?p=section&a=details&id=26232,,,['8479bdb7a69a8d29757843e4d9ad59cfb7d80854.bps'],['8479bdb7a69a8d29757843e4d9ad59cfb7d80854.json'],
,,20 Feb 2021,26238,Mario VS The Police 2,,,,,nnj,,,,,Standard: Hard,,/?p=section&a=details&id=26238,,,['0798d7e54472c189c29fae6cc104f56713c68ec6.bps'],['0798d7e54472c189c29fae6cc104f56713c68ec6.json'],
,,21 Feb 2021,26251,The great circus mystery: Pete's revenge!,,,,,7granddad-copyied,,,,,Standard: Easy,,/?p=section&a=details&id=26251,,,['4b08af29263b0c9367157a1da35178dca8c2f9d0.bps'],['4b08af29263b0c9367157a1da35178dca8c2f9d0.json'],
,,21 Feb 2021,26254,SMW The Crown Tale,,,,,bandicoot,,,,,Standard: Hard,,/?p=section&a=details&id=26254,,,"['812f92bcad791f1ce98a18de37384401fc805a7a.bps', '66bacc8cc8d585078260d2ffbd8d01566b05bfe9.bps']","['812f92bcad791f1ce98a18de37384401fc805a7a.json', '66bacc8cc8d585078260d2ffbd8d01566b05bfe9.json']",
,,22 Feb 2021,26261,Think Fast,,,,,Desert,,,,,Kaizo: Light,,/?p=section&a=details&id=26261,,,['e248a74818e58727dc969cb8fabb3c8e1864b96c.bps'],['e248a74818e58727dc969cb8fabb3c8e1864b96c.json'],
,,24 Feb 2021,26270,Smithereens!,,,,,Miscalc,,,,,Kaizo: Light,,/?p=section&a=details&id=26270,,,['a4a7ba0700eaa1f5a368152929c70e0cbcf4dcf4.bps'],['a4a7ba0700eaa1f5a368152929c70e0cbcf4dcf4.json'],
,,26 Feb 2021,26274,Smithereens,,,,,Miscalc,,,,,Kaizo: Light,,/?p=section&a=details&id=26274,,,['fc2b05b843466162b7193bec2efec9a903a82390.bps'],['fc2b05b843466162b7193bec2efec9a903a82390.json'],
,,27 Feb 2021,26279,Polyphony,,,,,TomatoPhalanges,,,,,Kaizo: Light,,/?p=section&a=details&id=26279,,,['9b575e41ca67e3c427f07a9fb914211744e04b08.bps'],['9b575e41ca67e3c427f07a9fb914211744e04b08.json'],
,,28 Feb 2021,26297,Newbie Kaizo World,,,,,Azula16,,,,,Kaizo: Light,,/?p=section&a=details&id=26297,,,['f0e2af33bb98fd1a7745e5b265437b85062ea56f.bps'],['f0e2af33bb98fd1a7745e5b265437b85062ea56f.json'],
,,01 Mar 2021,26299,Super mario world fantastic trip (Demo),,,,,Jeosberry,,,,,Standard: Normal,,/?p=section&a=details&id=26299,,,['c03c2b3977277692d7cbc63a8ea9141194f349c2.bps'],['c03c2b3977277692d7cbc63a8ea9141194f349c2.json'],
,,01 Mar 2021,26302,Dumb World 2,,,,,cangrejo,,,,,Kaizo: Light,,/?p=section&a=details&id=26302,,,['c434d3b862d9f78148a6f69aed86c2e6a50c6091.bps'],['c434d3b862d9f78148a6f69aed86c2e6a50c6091.json'],
,,01 Mar 2021,26306,Dumb World 2,,,,,cangrejo,,,,,Kaizo: Light,,/?p=section&a=details&id=26306,,,['e3fe67e2a7b88e6f3a086ccdf18d634051fb43cc.bps'],['e3fe67e2a7b88e6f3a086ccdf18d634051fb43cc.json'],
,,02 Mar 2021,26310,Chomp's Coin Hunt,,,,,Matt,,,,,Standard: Normal,,/?p=section&a=details&id=26310,,,['fbde708c2458058d129a581f5d2cf10d5905a6ed.bps'],['fbde708c2458058d129a581f5d2cf10d5905a6ed.json'],
,,02 Mar 2021,26316,Dumb World 2,,,,,cangrejo,,,,,Kaizo: Light,,/?p=section&a=details&id=26316,,,['bb19722b2cf74646426c1addbab9d2b3d2284cfa.bps'],['bb19722b2cf74646426c1addbab9d2b3d2284cfa.json'],
,,03 Mar 2021,26318,Dumb World 2,,,,,cangrejo,,,,,Kaizo: Light,,/?p=section&a=details&id=26318,,,['8410493a19c6099d68b989f5e22eb7526448a21c.bps'],['8410493a19c6099d68b989f5e22eb7526448a21c.json'],
,,03 Mar 2021,26332,Super Mario World De Volta ao Jogo,,,,,Darkwoon,,,,,Standard: Hard,,/?p=section&a=details&id=26332,,,['fcc9d718e28dda9194105ee1cf7cd935857b1eea.bps'],['fcc9d718e28dda9194105ee1cf7cd935857b1eea.json'],
,,04 Mar 2021,26337,Midnight Lightning,,,,,MassPunishment,,,,,Kaizo: Light,,/?p=section&a=details&id=26337,,,['c327249b18df3b2c042215168bb9618fdaa0b7f7.bps'],['c327249b18df3b2c042215168bb9618fdaa0b7f7.json'],
,,05 Mar 2021,26356,Bullymario's New Super Mario World,,,,,Bullymario,,,,,Standard: Hard,,/?p=section&a=details&id=26356,,,['764cea7cc49c046370b8564ae01acaede4a894b6.bps'],['764cea7cc49c046370b8564ae01acaede4a894b6.json'],
,,06 Mar 2021,26382,Speed Shell,,,,,Prestinator13,,,,,Kaizo: Light,,/?p=section&a=details&id=26382,,,['c2990310fe5868121c7952eea96c1fe8929708c6.bps'],['c2990310fe5868121c7952eea96c1fe8929708c6.json'],
,,08 Mar 2021,26393,Titan Mario,,,,,orka-bln,,,,,Kaizo: Light,,/?p=section&a=details&id=26393,,,['399ccc6652faa2f185d168d0c8211589188eda88.bps'],['399ccc6652faa2f185d168d0c8211589188eda88.json'],
,,09 Mar 2021,26409,SMW The Crown Tale,,,,,bandicoot,,,,,Standard: Hard,,/?p=section&a=details&id=26409,,,"['01b6366c9a3f17634cd1c1824e2be4e4421a123e.bps', 'bd9f1579df7b9fa48a3c3b4957283a6194f4740b.bps']","['01b6366c9a3f17634cd1c1824e2be4e4421a123e.json', 'bd9f1579df7b9fa48a3c3b4957283a6194f4740b.json']",
,,10 Mar 2021,26412,Super Big Super Shy World,,,,,TaddyMason74,,,,,Kaizo: Light,,/?p=section&a=details&id=26412,,,['8bc9a553be4db3817478933b8a9e5353e90c959f.bps'],['8bc9a553be4db3817478933b8a9e5353e90c959f.json'],
,,10 Mar 2021,26414,Kaizo Pipes,,,,,Blueperry,,,,,Kaizo: Light,,/?p=section&a=details&id=26414,,,['7efa80fb46e854824863a9473a255cf12a3beb91.bps'],['7efa80fb46e854824863a9473a255cf12a3beb91.json'],
,,11 Mar 2021,26421,Kaizo Pipes2.0,,,,,Blueperry,,,,,Kaizo: Light,,/?p=section&a=details&id=26421,,,['8eb0707760c4acece48bf8a82ad7bad8bb0715d6.bps'],['8eb0707760c4acece48bf8a82ad7bad8bb0715d6.json'],
,,12 Mar 2021,26432,El Dorado,,,,,mmBeefStew,,,,,Kaizo: Light,,/?p=section&a=details&id=26432,,,['843416e119983b443b2c89f1efdefd8b887fdb20.bps'],['843416e119983b443b2c89f1efdefd8b887fdb20.json'],
,,12 Mar 2021,26434,SPW Hard times,,,,,Blueperry,,,,,Kaizo: Light,,/?p=section&a=details&id=26434,,,['f4ad8353ade0c841be1e525af4e0143017a8a9d5.bps'],['f4ad8353ade0c841be1e525af4e0143017a8a9d5.json'],
,,13 Mar 2021,26440,YoHo,,,,,Neidave,,,,,Kaizo: Hard,,/?p=section&a=details&id=26440,,,['36756145723a161596ca056f1d3f9635ce3abb43.bps'],['36756145723a161596ca056f1d3f9635ce3abb43.json'],
,,13 Mar 2021,26446,Cangrejo Kaizo Land,,,,,cangrejo,,,,,Kaizo: Light,,/?p=section&a=details&id=26446,,,['69fc29bd9e222ea8115c41dc7045115611d37956.bps'],['69fc29bd9e222ea8115c41dc7045115611d37956.json'],
,,14 Mar 2021,26448,Sleepy World Demo,,,,,Schlafkopf,,,,,Kaizo: Light,,/?p=section&a=details&id=26448,,,['284c2c9cd9c9f282f048022db99fd77e3517532f.bps'],['284c2c9cd9c9f282f048022db99fd77e3517532f.json'],
,,14 Mar 2021,26453,Newbie Kaizo World,,,,,Azula16,,,,,Kaizo: Light,,/?p=section&a=details&id=26453,,,['7aceebce7c73beac2cf75ead20809d92f4cd951e.bps'],['7aceebce7c73beac2cf75ead20809d92f4cd951e.json'],
,,15 Mar 2021,26460,Another Easy One Screen Puzzle,,,,,Magikey,,,,,Kaizo: Pit,,/?p=section&a=details&id=26460,,,['69c0870f735b6d0f0ce36d4a72ca28e2e7eccfeb.bps'],['69c0870f735b6d0f0ce36d4a72ca28e2e7eccfeb.json'],
,,17 Mar 2021,26471,Super Big Super Shy World,,,,,TaddyMason74,,,,,Kaizo: Light,,/?p=section&a=details&id=26471,,,['2d766c4eb7fc4c0dc0d381d9b2ef91378e3367ab.bps'],['2d766c4eb7fc4c0dc0d381d9b2ef91378e3367ab.json'],
,,18 Mar 2021,26486,Ides of March,,,,,shaoshao,,,,,Kaizo: Light,,/?p=section&a=details&id=26486,,,['4e5b4dd9cf5340b4200fba972897aae9797ae468.bps'],['4e5b4dd9cf5340b4200fba972897aae9797ae468.json'],
,,20 Mar 2021,26504,Super Big Super Shy World,,,,,TaddyMason74,,,,,Kaizo: Light,,/?p=section&a=details&id=26504,,,['fc00563049c4c7aca19923a2a00c25615b9f91c5.bps'],['fc00563049c4c7aca19923a2a00c25615b9f91c5.json'],
,,24 Mar 2021,26544,Abuse and Die The Lost World,,,,,AbuseFreakHacker,,,,,Kaizo: Hard,,/?p=section&a=details&id=26544,,,['ab9cc0cd664b24ec465cbef2a6516f08cf6b6ed2.bps'],['ab9cc0cd664b24ec465cbef2a6516f08cf6b6ed2.json'],
,,24 Mar 2021,26546,Fedora,,,,,AbuseFreakHacker,,,,,Kaizo: Light,,/?p=section&a=details&id=26546,,,['cfaafb1a854ac662ae6d1c50e42916eb25e86cd8.bps'],['cfaafb1a854ac662ae6d1c50e42916eb25e86cd8.json'],
,,24 Mar 2021,26552,Tower of Shells,,,,,Insanit,,,,,Kaizo: Light,,/?p=section&a=details&id=26552,,,['cf2749087d2832012b620b8d57c8fb23d57c5f2a.bps'],['cf2749087d2832012b620b8d57c8fb23d57c5f2a.json'],
,,25 Mar 2021,26564,Super Notto World Demo #2!,,,,,Notto,,,,,Standard: Normal,,/?p=section&a=details&id=26564,,,['04e1f7c3db5c76a69080c972f56b62851fe937f3.bps'],['04e1f7c3db5c76a69080c972f56b62851fe937f3.json'],
,,26 Mar 2021,26566,Sleepy World Demo v1.1,,,,,Schlafkopf,,,,,Kaizo: Light,,/?p=section&a=details&id=26566,,,['21fe7def673d781aac686ff54b797296b366db00.bps'],['21fe7def673d781aac686ff54b797296b366db00.json'],
,,26 Mar 2021,26577,Tower of Shells,,,,,Insanit,,,,,Kaizo: Light,,/?p=section&a=details&id=26577,,,['dcc16a666569fccf103e05667d7d94ed96c4bcef.bps'],['dcc16a666569fccf103e05667d7d94ed96c4bcef.json'],
,,29 Mar 2021,26607,Crescendo,,,,,Darkguii,,,,,Kaizo: Light,,/?p=section&a=details&id=26607,,,['878fe201fb6ec1565421db348d8c49e7ac8ab02c.bps'],['878fe201fb6ec1565421db348d8c49e7ac8ab02c.json'],
,,29 Mar 2021,26608,Super Mario Gaia Demo Version 1.3,,,,,grisu,,,,,Kaizo: Light,,/?p=section&a=details&id=26608,,,['7923087c43b9460d979ae2c1fda49e96e365180d.bps'],['7923087c43b9460d979ae2c1fda49e96e365180d.json'],
,,29 Mar 2021,26615,Mario - The Mysterious Gem,,,,,Mr. MS,,,,,Standard: Normal,,/?p=section&a=details&id=26615,,,['b7c7d18cc3541b20d5d9b2fde614d1484cda8d49.bps'],['b7c7d18cc3541b20d5d9b2fde614d1484cda8d49.json'],
,,01 Apr 2021,26630,Intrigue of Kittens,,,,,JonnyManjiro,,,,,Kaizo: Light,,/?p=section&a=details&id=26630,,,['04f4531dc70a2cbd14c6d439d363dae0a8489a4f.bps'],['04f4531dc70a2cbd14c6d439d363dae0a8489a4f.json'],
,,01 Apr 2021,26633,super world,,,,,LEGOgucci,,,,,Misc.: Troll,,/?p=section&a=details&id=26633,,,['6321a603cf8502dcf16a26bfd9c3e288f92da9aa.bps'],['6321a603cf8502dcf16a26bfd9c3e288f92da9aa.json'],
,,04 Apr 2021,26658,Super Mario Bros: Vanilla Islands,,,,,Gamma V,,,,,Standard: Normal,,/?p=section&a=details&id=26658,,,['5e6e82734aea9e9ba34b7bbfef09259b1d8912bb.bps'],['5e6e82734aea9e9ba34b7bbfef09259b1d8912bb.json'],
,,05 Apr 2021,26676,Super Mario World: A Super Mario Adventure 2,,,,,KaidenThelens,,,,,Standard: Hard,,/?p=section&a=details&id=26676,,,['26cea459a4e3404bfb550bcdd9f5b56b889c0e27.bps'],['26cea459a4e3404bfb550bcdd9f5b56b889c0e27.json'],
,,05 Apr 2021,26681,Mario Vs. The Deadly Alliance (FIXED),,,,,SpoodahBro,,,,,Standard: Hard,,/?p=section&a=details&id=26681,,,['b8a6ef66559903fef6d2d680e8ff136bfa1164e7.bps'],['b8a6ef66559903fef6d2d680e8ff136bfa1164e7.json'],
,,05 Apr 2021,26684,Super Mario The Trip,,,,,Sig_AM,,,,,Standard: Normal,,/?p=section&a=details&id=26684,,,"['67c74825b4e29eb429db9bcf4dff1b949f074dc1.bps', '11b52ca919fa60b919987a1c9960f94e5143c101.bps']","['67c74825b4e29eb429db9bcf4dff1b949f074dc1.json', '11b52ca919fa60b919987a1c9960f94e5143c101.json']",
,,06 Apr 2021,26689,Super Mario: The Five Castle's Challenge,,,,,RicardoDeMelo,,,,,Kaizo: Light,,/?p=section&a=details&id=26689,,,['a824bba98100b16185f80d1ff17c4f2c0dd496a5.bps'],['a824bba98100b16185f80d1ff17c4f2c0dd496a5.json'],
,,07 Apr 2021,26694,Super SGES Races (season 2),,,,,RedKitsune,,,,,Kaizo: Light,,/?p=section&a=details&id=26694,,,"['8cc911ac00ac3e3f36466a59a675b22853f8f483.bps', '0850b985048f0bc30feef95f4bd5ada12ea102ea.bps']","['8cc911ac00ac3e3f36466a59a675b22853f8f483.json', '0850b985048f0bc30feef95f4bd5ada12ea102ea.json']",
,,07 Apr 2021,26698,Karashta's Keyboard World,,,,,BuckeyeB_06,,,,,Standard: Hard,,/?p=section&a=details&id=26698,,,['49eb846c7e91a68f1bb1fbc48a4be219f4318ead.bps'],['49eb846c7e91a68f1bb1fbc48a4be219f4318ead.json'],
,,09 Apr 2021,26714,Super Amancio World,,,,,drearysteak8105ds8105,,,,,Standard: Normal,,/?p=section&a=details&id=26714,,,['8c963e808e45b61d0db3df40104f5e438079c44b.bps'],['8c963e808e45b61d0db3df40104f5e438079c44b.json'],
,,13 Apr 2021,26741,Lost Places Demo,,,,,Schlafkopf,,,,,Kaizo: Light,,/?p=section&a=details&id=26741,,,['ae25ffe4291730b0affc6363b6da8b18091d3d65.bps'],['ae25ffe4291730b0affc6363b6da8b18091d3d65.json'],
,,13 Apr 2021,26743,ITS EEZ WORLD,,,,,Yagami,,,,,Kaizo: Light,,/?p=section&a=details&id=26743,,,['79f4d33c2e3ca960309e1b1482a8f727037c3762.bps'],['79f4d33c2e3ca960309e1b1482a8f727037c3762.json'],
,,14 Apr 2021,26746,Lost Places Demo,,,,,Schlafkopf,,,,,Kaizo: Light,,/?p=section&a=details&id=26746,,,['2b2a4b4a95935bf7bf02ca1b973907b0eaf76f94.bps'],['2b2a4b4a95935bf7bf02ca1b973907b0eaf76f94.json'],
,,15 Apr 2021,26763,The Princess Was Kidnapped Again DEMO,,,,,Gabriel BR,,,,,Standard: Normal,,/?p=section&a=details&id=26763,,,['5b837afafe8b623c8886fc91063a90951d66dec5.bps'],['5b837afafe8b623c8886fc91063a90951d66dec5.json'],
,,16 Apr 2021,26770,Cube´s Kaizo World,,,,,Cube,,,,,Kaizo: Light,,/?p=section&a=details&id=26770,,,['073fb200a102948a18bfaa1339fe5085f64038ad.bps'],['073fb200a102948a18bfaa1339fe5085f64038ad.json'],
,,18 Apr 2021,26793,Reject This Hack,,,,,Gabriel BR,,,,,Standard: Normal,,/?p=section&a=details&id=26793,,,['5b837afafe8b623c8886fc91063a90951d66dec5.bps'],['5b837afafe8b623c8886fc91063a90951d66dec5.json'],
,,18 Apr 2021,26796,Super Joe Bros. 2,,,,,Wolfguy423,,,,,Kaizo: Light,,/?p=section&a=details&id=26796,,,['96be356392ebdae2d5f06b97b92e95ff1d8cf934.bps'],['96be356392ebdae2d5f06b97b92e95ff1d8cf934.json'],
,,20 Apr 2021,26812,Papaya Mountain,,,,,VLSkoot,,,,,Kaizo: Light,,/?p=section&a=details&id=26812,,,['14486d362e754b34bc2a6664fd960fb272528ed6.bps'],['14486d362e754b34bc2a6664fd960fb272528ed6.json'],
,,21 Apr 2021,26818,Super Mario World Bros.,,,,,jonloveslegos,,,,,Standard: Normal,,/?p=section&a=details&id=26818,,,['016a85360c52987181ba2cba8c074a4380a65751.bps'],['016a85360c52987181ba2cba8c074a4380a65751.json'],
,,22 Apr 2021,26832,A Very Super Mario World,,,,,SchwerMuta,,,,,Standard: Hard,,/?p=section&a=details&id=26832,,,['f509fa37e60aaeb6fa6efcdbca566d3efdc3ef38.bps'],['f509fa37e60aaeb6fa6efcdbca566d3efdc3ef38.json'],
,,23 Apr 2021,26840,Super Ninji Land 2: A Ninji's Journey,,,,,Idunno,,,,,Standard: Hard,,/?p=section&a=details&id=26840,,,['69b5645c5e6c4598efe61ddd9035c1c4113ff132.bps'],['69b5645c5e6c4598efe61ddd9035c1c4113ff132.json'],
,,24 Apr 2021,26848,Crescendo,,,,,Darkguii,,,,,Kaizo: Light,,/?p=section&a=details&id=26848,,,['438e5adc7cb66b3d4c4aa33ca4e7107f71821768.bps'],['438e5adc7cb66b3d4c4aa33ca4e7107f71821768.json'],
,,24 Apr 2021,26853,Shellax,,,,,Fryinb,,,,,Kaizo: Light,,/?p=section&a=details&id=26853,,,['3fb69da24a15694db0c187be8fbb221b51512c8f.bps'],['3fb69da24a15694db0c187be8fbb221b51512c8f.json'],
,,25 Apr 2021,26864,Mario Gives Up 2,,,,,cyphermur9t,,,,,Standard: Hard,,/?p=section&a=details&id=26864,,,['46ed98552070cd1ed548e12e4cb43d31c08770a4.bps'],['46ed98552070cd1ed548e12e4cb43d31c08770a4.json'],
,,26 Apr 2021,26870,Super Joe Bros,,,,,Wolfguy423,,,,,Kaizo: Light,,/?p=section&a=details&id=26870,,,['96bd61109def7392d45a3a7a8daa818c43b5ed75.bps'],['96bd61109def7392d45a3a7a8daa818c43b5ed75.json'],
,,26 Apr 2021,26871,Mario's Island,,,,,iamweegee,,,,,Standard: Easy,,/?p=section&a=details&id=26871,,,['d0726fcccdef253e2ab8c3196e674b3b7b88e1d2.bps'],['d0726fcccdef253e2ab8c3196e674b3b7b88e1d2.json'],
,,26 Apr 2021,26874,Shellax,,,,,Fryinb,,,,,Kaizo: Light,,/?p=section&a=details&id=26874,,,['3fb69da24a15694db0c187be8fbb221b51512c8f.bps'],['3fb69da24a15694db0c187be8fbb221b51512c8f.json'],
,,26 Apr 2021,26875,Shellax,,,,,Fryinb,,,,,Kaizo: Light,,/?p=section&a=details&id=26875,,,['baff9362d3280980aca694e2d9238b6220e5b0f4.bps'],['baff9362d3280980aca694e2d9238b6220e5b0f4.json'],
,,27 Apr 2021,26880,A Goblin's Quest to Leave Her House and Get a Gyro For Lunch Because She Was Hungry,,,,,Lizstar,,,,,Kaizo: Light,,/?p=section&a=details&id=26880,,,['16d6a48aa09534ad1f49492e5eda2616c27cc29d.bps'],['16d6a48aa09534ad1f49492e5eda2616c27cc29d.json'],
,,29 Apr 2021,26889,Ides of March,,,,,shaoshao,,,,,Kaizo: Light,,/?p=section&a=details&id=26889,,,['db74222802dbdeb4a1f0e9b9e886a1205d36ad1e.bps'],['db74222802dbdeb4a1f0e9b9e886a1205d36ad1e.json'],
,,29 Apr 2021,26894,Sweet Vanilla,,,,,Diego,,,,,Standard: Easy,,/?p=section&a=details&id=26894,,,['b0a25b1ed1a7e18995a1a9b8749cef4b44b6dd95.bps'],['b0a25b1ed1a7e18995a1a9b8749cef4b44b6dd95.json'],
,,29 Apr 2021,26895,Papaya Mountain,,,,,VLSkoot,,,,,Kaizo: Light,,/?p=section&a=details&id=26895,,,['692c9144a06b75dbca085aea8e03dfc33c725c6d.bps'],['692c9144a06b75dbca085aea8e03dfc33c725c6d.json'],
,,29 Apr 2021,26896,Stardust,,,,,Kinkerton,,,,,Kaizo: Light,,/?p=section&a=details&id=26896,,,['d099094525d48348c97e0e6e4918e0028170cc6c.bps'],['d099094525d48348c97e0e6e4918e0028170cc6c.json'],
,,01 May 2021,26901,Super Mona World,,,,,Wolfguy423,,,,,Kaizo: Light,,/?p=section&a=details&id=26901,,,['f9f89caaf013f2644807c087fc5fe881c571a038.bps'],['f9f89caaf013f2644807c087fc5fe881c571a038.json'],
,,01 May 2021,26911,Super NemMeViu World,,,,,"OhMuramatsu, P1JDS",,,,,Standard: Hard,,/?p=section&a=details&id=26911,,,"['a100a15366ef57d262b1d1519ac465f23663ef21.bps', '9c23ad78ea4a016f37bb7eed23cf928a3171a048.bps']","['a100a15366ef57d262b1d1519ac465f23663ef21.json', '9c23ad78ea4a016f37bb7eed23cf928a3171a048.json']",
,,01 May 2021,26915,Orcus,,,,,Jordan,,,,,Kaizo: Light,,/?p=section&a=details&id=26915,,,['7076c6698c7a9e5224190d83bfd7ad71d3d3058f.bps'],['7076c6698c7a9e5224190d83bfd7ad71d3d3058f.json'],
,,02 May 2021,26918,Punchy Kaizo World,,,,,cherrybombr,,,,,Kaizo: Light,,/?p=section&a=details&id=26918,,,['1019b37a6d2b1309ad23afc6f00ef27b087772f8.bps'],['1019b37a6d2b1309ad23afc6f00ef27b087772f8.json'],
,,04 May 2021,26939,Mario's Grand Adventure,,,,,AppleBoy54321,,,,,Standard: Easy,,/?p=section&a=details&id=26939,,,['a8b5c178dc0e377e70a0837838faa6482d80f0ad.bps'],['a8b5c178dc0e377e70a0837838faa6482d80f0ad.json'],
,,05 May 2021,26946,Super Mario Bros: Vanilla Islands,,,,,Gamma V,,,,,Standard: Normal,,/?p=section&a=details&id=26946,,,['c26a2757da4fd9e32cb21c578684f949e2fed876.bps'],['c26a2757da4fd9e32cb21c578684f949e2fed876.json'],
,,07 May 2021,26961,Crossfire,,,,,NeptuneNeon,,,,,Kaizo: Light,,/?p=section&a=details&id=26961,,,['43fb88a94c65b4e45d98a2e1767d0c5988cc8565.bps'],['43fb88a94c65b4e45d98a2e1767d0c5988cc8565.json'],
,,08 May 2021,26967,Mario is always crouching !!!,,,,,L1UP,,,,,Standard: Normal,,/?p=section&a=details&id=26967,,,['07adf7f556ea894afe772e700ad3abe73dc639d3.bps'],['07adf7f556ea894afe772e700ad3abe73dc639d3.json'],
,,10 May 2021,26984,Nightmare cafe,,,,,Lush_50,,,,,Kaizo: Light,,/?p=section&a=details&id=26984,,,['6ebf83d365b3ea5ca8d53c1458cedfa19da80227.bps'],['6ebf83d365b3ea5ca8d53c1458cedfa19da80227.json'],
,,10 May 2021,26987,Simple Cheese,,,,,badrapppername,,,,,Standard: Very Hard,,/?p=section&a=details&id=26987,,,['0d9fe704f243d45f3b7e557e3a05d34d89f87d78.bps'],['0d9fe704f243d45f3b7e557e3a05d34d89f87d78.json'],
,,11 May 2021,26991,Don't Spare the Horses,,,,,Morsel,,,,,Kaizo: Light,,/?p=section&a=details&id=26991,,,['33e43d9458bc8c7fdff9d6040c230891a9cd4b5f.bps'],['33e43d9458bc8c7fdff9d6040c230891a9cd4b5f.json'],
,,11 May 2021,26992,Nightmare cafe,,,,,Lush_50,,,,,Kaizo: Light,,/?p=section&a=details&id=26992,,,['1cc7bac5aa56af156afe10488e88be432b485699.bps'],['1cc7bac5aa56af156afe10488e88be432b485699.json'],
,,12 May 2021,27000,Mura World,,,,,OhMuramatsu,,,,,Kaizo: Light,,/?p=section&a=details&id=27000,,,['9689d94b27109659ad5f0eaaec1093ed2a1bfc48.bps'],['9689d94b27109659ad5f0eaaec1093ed2a1bfc48.json'],
,,12 May 2021,27003,Waluigi's road to glory: Horlogic will go on,,,,,Roberto zampari,,,,,Standard: Hard,,/?p=section&a=details&id=27003,,,['502f3e81aea6f97fc7bc7dd3d69e003503a9b135.bps'],['502f3e81aea6f97fc7bc7dd3d69e003503a9b135.json'],
,,13 May 2021,27015,Super Mario World - Bowser Madness,,,,,Mr. Starman,,,,,Standard: Hard,,/?p=section&a=details&id=27015,,,['e3830e3b2724d0a64e79fd9d284463cd4efeb227.bps'],['e3830e3b2724d0a64e79fd9d284463cd4efeb227.json'],
,,14 May 2021,27020,Mura World,,,,,OhMuramatsu,,,,,Kaizo: Light,,/?p=section&a=details&id=27020,,,['20177d33ac504e40c9c0926eb461b428c49cb197.bps'],['20177d33ac504e40c9c0926eb461b428c49cb197.json'],
,,14 May 2021,27021,Mura World,,,,,OhMuramatsu,,,,,Kaizo: Light,,/?p=section&a=details&id=27021,,,['8b875d00105de5bed6f740b7d7b9ae7c3e1f9984.bps'],['8b875d00105de5bed6f740b7d7b9ae7c3e1f9984.json'],
,,16 May 2021,27036,G-FazO,,,,,Kazefbr,,,,,Kaizo: Light,,/?p=section&a=details&id=27036,,,['ca2f1ed179a850db4754875fbfbcc4d75480d031.bps'],['ca2f1ed179a850db4754875fbfbcc4d75480d031.json'],
,,17 May 2021,27045,Mario's Insane Adventure,,,,,iamweegee,,,,,Standard: Hard,,/?p=section&a=details&id=27045,,,['6b4acad6a6d99672a17ab9f3bd4931c61eeccd1c.bps'],['6b4acad6a6d99672a17ab9f3bd4931c61eeccd1c.json'],
,,18 May 2021,27055,Arcane Mario World,,,,,Mithrillionaire,,,,,Kaizo: Light,,/?p=section&a=details&id=27055,,,['9bb69e2f108fb14d12a6c4967f5117c4a6c0dd1c.bps'],['9bb69e2f108fb14d12a6c4967f5117c4a6c0dd1c.json'],
,,19 May 2021,27062,SMW Finnish translation,,,,,JP32,,,,,Standard: Normal,,/?p=section&a=details&id=27062,,,['f24d21c936594ed913447cc4a274198ee93cc00f.bps'],['f24d21c936594ed913447cc4a274198ee93cc00f.json'],
,,19 May 2021,27066,Romp of Otters,,,,,JonnyManjiro,,,,,Kaizo: Light,,/?p=section&a=details&id=27066,,,['295b5e6191046d43f1426da1b76975b230ba0a4e.bps'],['295b5e6191046d43f1426da1b76975b230ba0a4e.json'],
,,20 May 2021,27070,Nightmare cafe II,,,,,Lush_50,,,,,Kaizo: Light,,/?p=section&a=details&id=27070,,,['5e129e1cbcdcde9427f5e1f0f315677eff555b97.bps'],['5e129e1cbcdcde9427f5e1f0f315677eff555b97.json'],
,,20 May 2021,27072,Nightmare cafe II,,,,,Lush_50,,,,,Kaizo: Light,,/?p=section&a=details&id=27072,,,['7fd2fc6ee2ece2404d0b3f618f587f4fff552fec.bps'],['7fd2fc6ee2ece2404d0b3f618f587f4fff552fec.json'],
,,20 May 2021,27078,Death of a Plumber,,,,,cur,,,,,Kaizo: Light,,/?p=section&a=details&id=27078,,,['fee3c69396c8bea514b13e18a7b24cfd6e30948f.bps'],['fee3c69396c8bea514b13e18a7b24cfd6e30948f.json'],
,,23 May 2021,27102,Silencio,,,,,Saela,,,,,Kaizo: Light,,/?p=section&a=details&id=27102,,,['5bb839fafd5a2c314fd289de57ba5a4f7584500f.bps'],['5bb839fafd5a2c314fd289de57ba5a4f7584500f.json'],
,,23 May 2021,27105,FOR SCIENCE!!!,,,,,AdamOSretro,,,,,Standard: Hard,,/?p=section&a=details&id=27105,,,['043a06d132cf7a2945b4680dfeacb4b27483a086.bps'],['043a06d132cf7a2945b4680dfeacb4b27483a086.json'],
,,24 May 2021,27115,The United States of Mario,,,,,marathonx,,,,,Kaizo: Light,,/?p=section&a=details&id=27115,,,['fb136ab4fb79eaf0e4d3e0ff63b9969661215cf0.bps'],['fb136ab4fb79eaf0e4d3e0ff63b9969661215cf0.json'],
,,25 May 2021,27117,Coolguy's bd,,,,,Ok_scratch10,,,,,Standard: Easy,,/?p=section&a=details&id=27117,,,['15df6ef488e93afe93d0abc1ff3ddb9a208ced36.bps'],['15df6ef488e93afe93d0abc1ff3ddb9a208ced36.json'],
,,26 May 2021,27126,Some Hack Inspired By Yump 2 But Mario Got Fired And Tries To Die.,,,,,badrapppername,,,,,Standard: Normal,,/?p=section&a=details&id=27126,,,['fe9726d97d6b893a8733e449b93ce5f63deea115.bps'],['fe9726d97d6b893a8733e449b93ce5f63deea115.json'],
,,26 May 2021,27130,Some Hack Inspired By Yump 2 But Mario Got Fired And Tries To Die.,,,,,badrapppername,,,,,Standard: Normal,,/?p=section&a=details&id=27130,,,['031e04d39070dbb2b5e1ce1382549ee4c31ce995.bps'],['031e04d39070dbb2b5e1ce1382549ee4c31ce995.json'],
,,27 May 2021,27134,Doodlebob's Revenge,,,,,Boosius,,,,,Standard: Hard,,/?p=section&a=details&id=27134,,,['1b0f84ae43e3b97eeed9b16727b48e8e401f41ea.bps'],['1b0f84ae43e3b97eeed9b16727b48e8e401f41ea.json'],
,,27 May 2021,27136,Nightmare cafe III,,,,,Lush_50,,,,,Kaizo: Light,,/?p=section&a=details&id=27136,,,['90b07ff634fd84d2e4dc191f7bf45566c8186eda.bps'],['90b07ff634fd84d2e4dc191f7bf45566c8186eda.json'],
,,27 May 2021,27138,Super Mario World Master Quest Reborn DEMO 1.0,,,,,Alex No,,,,,Standard: Normal,,/?p=section&a=details&id=27138,,,['2f41972093e187298e6b84ab193fdd486dbb6c8e.bps'],['2f41972093e187298e6b84ab193fdd486dbb6c8e.json'],
,,28 May 2021,27145,Super Mario A Vanilla New Journey,,,,,Light Jak,,,,,Standard: Normal,,/?p=section&a=details&id=27145,,,"['c1e0b459dde7511fd9765fe1d0707b518bb320fc.bps', 'e3b6ac09537ea84ce9b0ca370301f870db07b454.bps']","['c1e0b459dde7511fd9765fe1d0707b518bb320fc.json', 'e3b6ac09537ea84ce9b0ca370301f870db07b454.json']",
,,29 May 2021,27147,Just a few levels,,,,,tuino83,,,,,Standard: Hard,,/?p=section&a=details&id=27147,,,['76cdb84f5de556c70b9bd60ae55c5d61e61cbc3f.bps'],['76cdb84f5de556c70b9bd60ae55c5d61e61cbc3f.json'],
,,29 May 2021,27149,Mario's Grand Adventure,,,,,AppleBoy54321,,,,,Standard: Normal,,/?p=section&a=details&id=27149,,,['59707b798e06f69043b18a343fe4fa5a4c99f71c.bps'],['59707b798e06f69043b18a343fe4fa5a4c99f71c.json'],
,,31 May 2021,27161,Sleepy World,,,,,Schlafkopf,,,,,Kaizo: Light,,/?p=section&a=details&id=27161,,,['c6af16148d7a0b7b51bd73ae737b6d7c09a23167.bps'],['c6af16148d7a0b7b51bd73ae737b6d7c09a23167.json'],
,,01 Jun 2021,27177,Nightmare cafe IV,,,,,Lush_50,,,,,Kaizo: Light,,/?p=section&a=details&id=27177,,,['53e029977765719ae34ec42097de41de7dc4ed45.bps'],['53e029977765719ae34ec42097de41de7dc4ed45.json'],
,,02 Jun 2021,27184,Nightmare cafe IV,,,,,Lush_50,,,,,Kaizo: Light,,/?p=section&a=details&id=27184,,,['75c067acd40fc8f180127f542cdfed6b02302795.bps'],['75c067acd40fc8f180127f542cdfed6b02302795.json'],
,,03 Jun 2021,27190,Short and Sweet,,,,,cangrejo,,,,,Kaizo: Light,,/?p=section&a=details&id=27190,,,['230d153ecef505d973ffb971db0ed5e553a6cfb3.bps'],['230d153ecef505d973ffb971db0ed5e553a6cfb3.json'],
,,03 Jun 2021,27194,Short and Sweet,,,,,cangrejo,,,,,Kaizo: Light,,/?p=section&a=details&id=27194,,,['0ac16f1d6a5ee2b8e25af547db7c2a1e7098a50e.bps'],['0ac16f1d6a5ee2b8e25af547db7c2a1e7098a50e.json'],
,,03 Jun 2021,27195,#DGR,,,,,Desert,,,,,Standard: Hard,,/?p=section&a=details&id=27195,,,['e98024e03c2cd8238faf0f35ab45ee4b4a15a738.bps'],['e98024e03c2cd8238faf0f35ab45ee4b4a15a738.json'],
,,03 Jun 2021,27197,Nightmare café V,,,,,"Anorakun, DJLocks, Darkguii, KevinM, Magmatic, MarkAlarm, MassPunishment, Runic_Rain, Selicre, StayAtHomeStegosaurus, SusGodGaming, Sweetdude, le4che, quietmason",,,,,Kaizo: Light,,/?p=section&a=details&id=27197,,,['b81fbd73f0998407e158f7fdfbe1ea71f2cc4974.bps'],['b81fbd73f0998407e158f7fdfbe1ea71f2cc4974.json'],
,,05 Jun 2021,27207,Time Out!!,,,,,GlitchyR-01,,,,,Standard: Normal,,/?p=section&a=details&id=27207,,,['7d170957b7ffe5813b648441eebf22aacd4eeedb.bps'],['7d170957b7ffe5813b648441eebf22aacd4eeedb.json'],
,,07 Jun 2021,27215,Just Another Bad Kaizo Hack,,,,,Phobic,,,,,Kaizo: Light,,/?p=section&a=details&id=27215,,,['f1e687aa7cd46ca4fb4b32362fd9d9499cae870f.bps'],['f1e687aa7cd46ca4fb4b32362fd9d9499cae870f.json'],
,,07 Jun 2021,27216,Super Mario World but Mario has a Gun,,,,,AppleBoy54321,,,,,Misc.: Troll,,/?p=section&a=details&id=27216,,,['8ce4a8de0bcb4a4f087fb0bb02d32e13c9e5c63d.bps'],['8ce4a8de0bcb4a4f087fb0bb02d32e13c9e5c63d.json'],
,,12 Jun 2021,27262,Bearded Comedy World,,,,,Coockie1173,,,,,Kaizo: Light,,/?p=section&a=details&id=27262,,,['55ddfaf1eb0342bbe0c0d9f6453c70b72beca3b0.bps'],['55ddfaf1eb0342bbe0c0d9f6453c70b72beca3b0.json'],
,,13 Jun 2021,27277,Mario's Grand Adventure,,,,,AppleBoy54321,,,,,Standard: Normal,,/?p=section&a=details&id=27277,,,['686f6cb036dbbd9496580ccacab9ad2139ab7938.bps'],['686f6cb036dbbd9496580ccacab9ad2139ab7938.json'],
,,14 Jun 2021,27280,Sleepy World 1.1,,,,,Schlafkopf,,,,,Kaizo: Light,,/?p=section&a=details&id=27280,,,['85bf5480c187b1be2ce5284f237a7d378ad41fe7.bps'],['85bf5480c187b1be2ce5284f237a7d378ad41fe7.json'],
,,15 Jun 2021,27296,Nightmare cafe V,,,,,Lush_50,,,,,Kaizo: Light,,/?p=section&a=details&id=27296,,,['6fb0abdb9a3b34e0b2458804557913c010282e53.bps'],['6fb0abdb9a3b34e0b2458804557913c010282e53.json'],
,,16 Jun 2021,27297,Just Another Bad Kaizo Hack,,,,,Phobic,,,,,Kaizo: Light,,/?p=section&a=details&id=27297,,,['34982c0f7db28baec05624cd2379ffb72fb161e3.bps'],['34982c0f7db28baec05624cd2379ffb72fb161e3.json'],
,,16 Jun 2021,27299,Sorrow And Misery Demo,,,,,JokerGamerOk,,,,,Kaizo: Light,,/?p=section&a=details&id=27299,,,['0b9d0a030d54fd84b424218be1651e7822c44768.bps'],['0b9d0a030d54fd84b424218be1651e7822c44768.json'],
,,16 Jun 2021,27301,Mario's Grand Adventure,,,,,AppleBoy54321,,,,,Standard: Normal,,/?p=section&a=details&id=27301,,,['93d362d12501140c8f07eff7c2e094830ee6f705.bps'],['93d362d12501140c8f07eff7c2e094830ee6f705.json'],
,,17 Jun 2021,27305,Bearded Comedy World 1.1,,,,,Coockie1173,,,,,Kaizo: Light,,/?p=section&a=details&id=27305,,,"['ed0d8bf56fe18aa0acd231b420c50d4ac0d4fe0b.bps', '9525290ed346647258ab403495e7383dd9ed7cf6.bps']","['ed0d8bf56fe18aa0acd231b420c50d4ac0d4fe0b.json', '9525290ed346647258ab403495e7383dd9ed7cf6.json']",
,,21 Jun 2021,27335,Sophies Crown,,,,,ScatmanJones49,,,,,Kaizo: Light,,/?p=section&a=details&id=27335,,,['082fdafaa4e648532da5bd7aadbaf93267add08e.bps'],['082fdafaa4e648532da5bd7aadbaf93267add08e.json'],
,,23 Jun 2021,27351,Shell jump practice demo,,,,,awesomedude3000100,,,,,Kaizo: Light,,/?p=section&a=details&id=27351,,,['83a32af7c0defe77020fe6d3c14edaf7c2f2e1ed.bps'],['83a32af7c0defe77020fe6d3c14edaf7c2f2e1ed.json'],
,,25 Jun 2021,27356,Purgatory,,,,,FYRE150,,,,,Kaizo: Light,,/?p=section&a=details&id=27356,,,['8656b3433927d5e9573d08ebb230b9a6b45310cd.bps'],['8656b3433927d5e9573d08ebb230b9a6b45310cd.json'],
,,27 Jun 2021,27373,Sonic's Adventure in Mushroom Kingdom,,,,,MidniteMilo82,,,,,Kaizo: Light,,/?p=section&a=details&id=27373,,,['3f6da44fb791f71a9d947d2cb2162f6ce87ed88f.bps'],['3f6da44fb791f71a9d947d2cb2162f6ce87ed88f.json'],
,,30 Jun 2021,27389,Run!,,,,,AllexGG,,,,,Kaizo: Light,,/?p=section&a=details&id=27389,,,['b1e9686893b5f3d674923efbfe714f925245a0fb.bps'],['b1e9686893b5f3d674923efbfe714f925245a0fb.json'],
,,30 Jun 2021,27390,Full Bloom,,,,,Chondontore,,,,,Kaizo: Light,,/?p=section&a=details&id=27390,,,['e674b8bd4cdac9120b5a365e139d3b41a141814d.bps'],['e674b8bd4cdac9120b5a365e139d3b41a141814d.json'],
,,01 Jul 2021,27391,Polyphony,,,,,TomatoPhalanges,,,,,Kaizo: Light,,/?p=section&a=details&id=27391,,,"['9b575e41ca67e3c427f07a9fb914211744e04b08.bps', 'b197c1542300cad833e19146bbbf9f65036919d6.bps']","['9b575e41ca67e3c427f07a9fb914211744e04b08.json', 'b197c1542300cad833e19146bbbf9f65036919d6.json']",
,,01 Jul 2021,27396,Super Mario World The Beautifull Evening,,,,,jesus angel,,,,,Kaizo: Light,,/?p=section&a=details&id=27396,,,"['221d5143e7655380590f49ec0d398c3914701fbe.bps', '8374cc5994c7686e1ac941a532c6c8fd8dd6c715.bps']","['221d5143e7655380590f49ec0d398c3914701fbe.json', '8374cc5994c7686e1ac941a532c6c8fd8dd6c715.json']",
,,02 Jul 2021,27399,Karashta's Keyboard World,,,,,BuckeyeB_06,,,,,Kaizo: Light,,/?p=section&a=details&id=27399,,,['0b4611aef54b2f4163cdc8cb3587ebee75b16d2a.bps'],['0b4611aef54b2f4163cdc8cb3587ebee75b16d2a.json'],
,,02 Jul 2021,27424,Sprites Are 1derful (DEMO),,,,,NewPointless,,,,,Kaizo: Light,,/?p=section&a=details&id=27424,,,['5163efde098e02fab1975504e1c99d1bbc8d805a.bps'],['5163efde098e02fab1975504e1c99d1bbc8d805a.json'],
,,02 Jul 2021,27427,O'Ghim!,,,,,microwave_brother,,,,,Kaizo: Light,,/?p=section&a=details&id=27427,,,['d6e7c6c42026233f5fc07cf69aba26c1ccee5c61.bps'],['d6e7c6c42026233f5fc07cf69aba26c1ccee5c61.json'],
,,03 Jul 2021,27466,Super Mario World Master Quest Reborn C3 Special Demo,,,,,Alex No,,,,,Standard: Normal,,/?p=section&a=details&id=27466,,,['b6ad46dcebb3692b037ad5c063bf20a8eeca68d0.bps'],['b6ad46dcebb3692b037ad5c063bf20a8eeca68d0.json'],
,,03 Jul 2021,27472,A Plumber For All Seasons,,,,,WhiteYoshiEgg,,,,,Standard: Normal,,/?p=section&a=details&id=27472,,,['62d2532dd2274b8ef6396bfb594f17d0fa67e8b7.bps'],['62d2532dd2274b8ef6396bfb594f17d0fa67e8b7.json'],
,,03 Jul 2021,27473,SMW The Great Adventure,,,,,bandicoot,,,,,Standard: Hard,,/?p=section&a=details&id=27473,,,['11800004c5f75f5205d32dc8e4eb8e360276cdb5.bps'],['11800004c5f75f5205d32dc8e4eb8e360276cdb5.json'],
,,04 Jul 2021,27480,Nightmare cafe VI,,,,,Lush_50,,,,,Kaizo: Light,,/?p=section&a=details&id=27480,,,['e9a1bcfff63050b0d8b1d1184dab5afc2c8798b7.bps'],['e9a1bcfff63050b0d8b1d1184dab5afc2c8798b7.json'],
,,04 Jul 2021,27481,Nightmare cafe VII,,,,,Lush_50,,,,,Kaizo: Light,,/?p=section&a=details&id=27481,,,['6decad2c37ad290b49386e20fae77b891a65d65f.bps'],['6decad2c37ad290b49386e20fae77b891a65d65f.json'],
,,04 Jul 2021,27482,Nightmare cafe VIII,,,,,Lush_50,,,,,Kaizo: Light,,/?p=section&a=details&id=27482,,,['949a42656a7dc2cac0dc690030d25c7ab278658b.bps'],['949a42656a7dc2cac0dc690030d25c7ab278658b.json'],
,,04 Jul 2021,27530,Mario's Grand Adventure v1.2,,,,,AppleBoy54321,,,,,Standard: Normal,,/?p=section&a=details&id=27530,,,['2266473203c2bc1fd1577355996771d8ff28c8eb.bps'],['2266473203c2bc1fd1577355996771d8ff28c8eb.json'],
,,04 Jul 2021,27546,Darkside 2,,,,,Insanit,,,,,Kaizo: Light,,/?p=section&a=details&id=27546,,,['8a68293e3c0d787b008da8f688f50f338d1a6ec4.bps'],['8a68293e3c0d787b008da8f688f50f338d1a6ec4.json'],
,,05 Jul 2021,27550,Aeron's Golden Cookie Quest,,,,,Anorakun,,,,,Standard: Very Hard,,/?p=section&a=details&id=27550,,,['712bdf8c065f0e8d4bb3af5ff35b554e220484b2.bps'],['712bdf8c065f0e8d4bb3af5ff35b554e220484b2.json'],
,,05 Jul 2021,27551,The 3 Little Princesses,,,,,"Batata Douce, OrangeBronzeDaisy",,,,,Standard: Hard,,/?p=section&a=details&id=27551,,,['74b1cdf1e5819519a80f4f39900761c82139b2b9.bps'],['74b1cdf1e5819519a80f4f39900761c82139b2b9.json'],
,,05 Jul 2021,27559,The 3 Little Princesses,,,,,"Batata Douce, OrangeBronzeDaisy",,,,,Standard: Hard,,/?p=section&a=details&id=27559,,,['74b1cdf1e5819519a80f4f39900761c82139b2b9.bps'],['74b1cdf1e5819519a80f4f39900761c82139b2b9.json'],
,,05 Jul 2021,27566,Shell Shop,,,,,TomCube,,,,,Kaizo: Hard,,/?p=section&a=details&id=27566,,,['121a419dd25645a0a12ee82d4037ed7c1ed23557.bps'],['121a419dd25645a0a12ee82d4037ed7c1ed23557.json'],
,,06 Jul 2021,27568,Dreams,,,,,Panicdream1,,,,,Kaizo: Light,,/?p=section&a=details&id=27568,,,['4b4c5b3a1a5ddc498997e6edf73fdb56586cbee3.bps'],['4b4c5b3a1a5ddc498997e6edf73fdb56586cbee3.json'],
,,06 Jul 2021,27575,Kaizo Kidz Demo,,,,,"HACK, Kaizo, Light, wulv257",,,,,Kaizo: Light,,/?p=section&a=details&id=27575,,,['baa6d62f504ea3af9844f340e0ce3ddbdeec94fb.bps'],['baa6d62f504ea3af9844f340e0ce3ddbdeec94fb.json'],
,,06 Jul 2021,27584,Super Mario the two ways 5,,,,,vonitrix,,,,,Standard: Normal,,/?p=section&a=details&id=27584,,,['9d4c26427d16573fda538131dc55c775b37d93e6.bps'],['9d4c26427d16573fda538131dc55c775b37d93e6.json'],
,,07 Jul 2021,27594,The 3 Little Princesses,,,,,"Batata Douce, OrangeBronzeDaisy",,,,,Standard: Hard,,/?p=section&a=details&id=27594,,,['c2c36079cae1ad0e247602dfe9965ea1c7a9bed6.bps'],['c2c36079cae1ad0e247602dfe9965ea1c7a9bed6.json'],
,,07 Jul 2021,27598,O'Ghim!,,,,,microwave_brother,,,,,Kaizo: Light,,/?p=section&a=details&id=27598,,,['f73d6dc06086936ee1891e9aa432fd0648fd60b1.bps'],['f73d6dc06086936ee1891e9aa432fd0648fd60b1.json'],
,,08 Jul 2021,27606,Kaizo Kidz,,,,,wulv257,,,,,Kaizo: Light,,/?p=section&a=details&id=27606,,,['aad1c89340f20e7b174f5e1ee807ee7889ed529b.bps'],['aad1c89340f20e7b174f5e1ee807ee7889ed529b.json'],
,,09 Jul 2021,27620,Mario story : Return to sweet n' sour land,,,,,Lush_50,,,,,Standard: Hard,,/?p=section&a=details&id=27620,,,['eb15292d7f94e15293470a18a354cbb53885a4db.bps'],['eb15292d7f94e15293470a18a354cbb53885a4db.json'],
,,12 Jul 2021,27642,Mario con el Chiquito Travieso,,,,,"El Cabra Grande, gratianne",,,,,Standard: Hard,,/?p=section&a=details&id=27642,,,['5052dd3b9dc5a52c737e595ed90a1582ae86c948.bps'],['5052dd3b9dc5a52c737e595ed90a1582ae86c948.json'],
,,14 Jul 2021,27657,Fast Food Kaizo,,,,,gui,,,,,Kaizo: Light,,/?p=section&a=details&id=27657,,,['46afe03141e3e233ffaf7db33632f1cdb0ef7bc3.bps'],['46afe03141e3e233ffaf7db33632f1cdb0ef7bc3.json'],
,,16 Jul 2021,27669,Super Mario World - Bowser's Rage,,,,,Red2009,,,,,Standard: Normal,,/?p=section&a=details&id=27669,,,['1b06811f0975e163a2bb5b124d6aa347d113d371.bps'],['1b06811f0975e163a2bb5b124d6aa347d113d371.json'],
,,17 Jul 2021,27715,super mario world please help me edition,,,,,pou3321,,,,,Misc.: Troll,,/?p=section&a=details&id=27715,,,['384413c0d4e7e4f9db3d81757622c0b41188b3ca.bps'],['384413c0d4e7e4f9db3d81757622c0b41188b3ca.json'],
,,19 Jul 2021,27769,Our Wonderful Planet,,,,,ChrisTheAussie,,,,,Kaizo: Light,,/?p=section&a=details&id=27769,,,['d8ceb5df0ad09242ace656f379a8ece965f16c0a.bps'],['d8ceb5df0ad09242ace656f379a8ece965f16c0a.json'],
,,19 Jul 2021,27772,Darkside 2,,,,,Insanit,,,,,Kaizo: Light,,/?p=section&a=details&id=27772,,,['ac9ef67753b651402e18e88895e28bbc627fae8b.bps'],['ac9ef67753b651402e18e88895e28bbc627fae8b.json'],
,,20 Jul 2021,27780,The 3 Little Princesses,,,,,"Batata Douce, OrangeBronzeDaisy",,,,,Standard: Hard,,/?p=section&a=details&id=27780,,,['8e589795aae0eb3134c57d425cb84e85249c7570.bps'],['8e589795aae0eb3134c57d425cb84e85249c7570.json'],
,,23 Jul 2021,27806,Super Mario The Trip,,,,,Sig_AM,,,,,Standard: Hard,,/?p=section&a=details&id=27806,,,"['643b0bf6c3f8d4660d9af9d8b29320e506ab4a91.bps', 'f6140c7b769b3e0dd2bcf6b55389caa68ae29107.bps']","['643b0bf6c3f8d4660d9af9d8b29320e506ab4a91.json', 'f6140c7b769b3e0dd2bcf6b55389caa68ae29107.json']",
,,25 Jul 2021,27824,Super Mario World - Uma Nova Aventura (Lite Version),,,,,Leozoppi,,,,,Standard: Hard,,/?p=section&a=details&id=27824,,,['97dedcdb91d988bfc4ef502a61087cf5c381f204.bps'],['97dedcdb91d988bfc4ef502a61087cf5c381f204.json'],
,,29 Jul 2021,27853,Weekend at Luigi's,,,,,"AmazingChest, PinkDad",,,,,Kaizo: Light,,/?p=section&a=details&id=27853,,,['cfabaed3630fca580b4916561c54400e3eadea24.bps'],['cfabaed3630fca580b4916561c54400e3eadea24.json'],
,,30 Jul 2021,27856,Shallow Pits,,,,,AmperSam,,,,,Kaizo: Light,,/?p=section&a=details&id=27856,,,['d30c51e07669fc66821f90f971f87fd679b62fc5.bps'],['d30c51e07669fc66821f90f971f87fd679b62fc5.json'],
,,30 Jul 2021,27861,Kaizo Kidz,,,,,wulv257,,,,,Kaizo: Light,,/?p=section&a=details&id=27861,,,['a845b890bc79ca99ecd2d5263cab15d01b6200d6.bps'],['a845b890bc79ca99ecd2d5263cab15d01b6200d6.json'],
,,02 Aug 2021,27888,Tricky Mario 2,,,,,tomato jonson,,,,,Kaizo: Light,,/?p=section&a=details&id=27888,,,['b0348a4f6758448e322912b9b0f9a518d861033d.bps'],['b0348a4f6758448e322912b9b0f9a518d861033d.json'],
,,03 Aug 2021,27901,Super Mario World Encore (DEMO),,,,,Cally Cobble,,,,,Standard: Normal,,/?p=section&a=details&id=27901,,,['38a378b19b04bfe75b7f724d53ac1295d3800217.bps'],['38a378b19b04bfe75b7f724d53ac1295d3800217.json'],
,,05 Aug 2021,27926,Super Yeet World,,,,,KennyJ,,,,,Kaizo: Light,,/?p=section&a=details&id=27926,,,['a0efea3d723e88a63452f9c8461bc33f882d63ae.bps'],['a0efea3d723e88a63452f9c8461bc33f882d63ae.json'],
,,06 Aug 2021,27929,Time Out!,,,,,GlitchyR-01,,,,,Standard: Normal,,/?p=section&a=details&id=27929,,,['bfabbccc56efbb6312f7a74e78ce6551a7824ef3.bps'],['bfabbccc56efbb6312f7a74e78ce6551a7824ef3.json'],
,,07 Aug 2021,27934,Mario World but Google Translate,,,,,dougeff,,,,,Standard: Normal,,/?p=section&a=details&id=27934,,,['0530a063ac65c3560abd3caa0a58b93916f116f4.bps'],['0530a063ac65c3560abd3caa0a58b93916f116f4.json'],
,,07 Aug 2021,27935,Hami64,,,,,Hamilton64,,,,,Standard: Normal,,/?p=section&a=details&id=27935,,,['ef0bd8e7b55fde001394036577b5e065dce14950.bps'],['ef0bd8e7b55fde001394036577b5e065dce14950.json'],
,,07 Aug 2021,27936,Super Mario World Yoshi World,,,,,Hamilton64,,,,,Standard: Normal,,/?p=section&a=details&id=27936,,,['ef0bd8e7b55fde001394036577b5e065dce14950.bps'],['ef0bd8e7b55fde001394036577b5e065dce14950.json'],
,,08 Aug 2021,27948,8;40,,,,,Irondill,,,,,Kaizo: Light,,/?p=section&a=details&id=27948,,,['73d7b29d2f37884546f509f295418284d8f77ae7.bps'],['73d7b29d2f37884546f509f295418284d8f77ae7.json'],
,,10 Aug 2021,27964,Super Mario World The Beautifull Evening,,,,,jesus angel,,,,,Kaizo: Light,,/?p=section&a=details&id=27964,,,['d4b7d2cfc401d428dd8a367ca2b9db3fcf0e07cc.bps'],['d4b7d2cfc401d428dd8a367ca2b9db3fcf0e07cc.json'],
,,10 Aug 2021,27967,Super Mario - Uma Nova Aventura (Lite Version),,,,,Leozoppi,,,,,Standard: Hard,,/?p=section&a=details&id=27967,,,['a938ffb365281bf02efc9d98c4ddd1caf9d450d0.bps'],['a938ffb365281bf02efc9d98c4ddd1caf9d450d0.json'],
,,15 Aug 2021,28022,Box of Shadows,,,,,ShadowBoxer_Sandshrew,,,,,Kaizo: Light,,/?p=section&a=details&id=28022,,,['6037a9407cc713cbcf3d9b313d4c47d386dc716b.bps'],['6037a9407cc713cbcf3d9b313d4c47d386dc716b.json'],
,,16 Aug 2021,28043,Cape is Good,,,,,Insanit,,,,,Kaizo: Light,,/?p=section&a=details&id=28043,,,['1c26a7cf843985bf39599269cd916bbff118745c.bps'],['1c26a7cf843985bf39599269cd916bbff118745c.json'],
,,17 Aug 2021,28045,Drkrdnk World,,,,,Desert,,,,,Kaizo: Light,,/?p=section&a=details&id=28045,,,['e06ddf286f8c4295e6d1d53f5111ac8b006d85b8.bps'],['e06ddf286f8c4295e6d1d53f5111ac8b006d85b8.json'],
,,21 Aug 2021,28080,Intershellar,,,,,Dolph1n,,,,,Kaizo: Light,,/?p=section&a=details&id=28080,,,['22f15fd0bc02275e0d7426b3c34c5c0046c2ba22.bps'],['22f15fd0bc02275e0d7426b3c34c5c0046c2ba22.json'],
,,21 Aug 2021,28083,Super Mario World: The Lost Land!,,,,,Starman97,,,,,Standard: Normal,,/?p=section&a=details&id=28083,,,['fd90ef932022d04c348acaa09881b4164635b6ac.bps'],['fd90ef932022d04c348acaa09881b4164635b6ac.json'],
,,21 Aug 2021,28085,Intershellar,,,,,Dolph1n,,,,,Kaizo: Light,,/?p=section&a=details&id=28085,,,['126250bb364f24b5c459d57cb213d780d9359935.bps'],['126250bb364f24b5c459d57cb213d780d9359935.json'],
,,21 Aug 2021,28087,Super Mario Bros. 4 - Super Mario World | Mario and Luigi's Return to The Plains,,,,,MomentBruh,,,,,Standard: Normal,,/?p=section&a=details&id=28087,,,['10275d9c01d9c56ad42c288f8f3db5ba7466d7ed.bps'],['10275d9c01d9c56ad42c288f8f3db5ba7466d7ed.json'],
,,23 Aug 2021,28098,SMW The Crown Tale,,,,,bandicoot,,,,,Standard: Hard,,/?p=section&a=details&id=28098,,,"['13a3c38c0b34002a9eee8b614818b8e4280a7a91.bps', '57fbf71fb57af27c16c56e0e76a92ce95646d1e6.bps']","['13a3c38c0b34002a9eee8b614818b8e4280a7a91.json', '57fbf71fb57af27c16c56e0e76a92ce95646d1e6.json']",
,,26 Aug 2021,28123,Intershellar,,,,,Dolph1n,,,,,Kaizo: Light,,/?p=section&a=details&id=28123,,,['e16be2f0445a9955a9302285da12d1b3bc24d92a.bps'],['e16be2f0445a9955a9302285da12d1b3bc24d92a.json'],
,,28 Aug 2021,28134,New Super Mario World 2: Luigi's Quest,,,,,Bullymario,,,,,Standard: Normal,,/?p=section&a=details&id=28134,,,['1a2d94b7dcd5a66b94c2a87524dcaabd0308a6da.bps'],['1a2d94b7dcd5a66b94c2a87524dcaabd0308a6da.json'],
,,28 Aug 2021,28137,SMW Quest for Gaming,,,,,bandicoot,,,,,Standard: Hard,,/?p=section&a=details&id=28137,,,['fd9ae876ce080f720c71fc5d3eb898001020d31f.bps'],['fd9ae876ce080f720c71fc5d3eb898001020d31f.json'],
,,29 Aug 2021,28147,SA-1: Special Adventure - 1,,,,,Hayashi Neru,,,,,Standard: Hard,,/?p=section&a=details&id=28147,,,['29f71c0120cef1cce7f43bd375c3d87d15b21625.bps'],['29f71c0120cef1cce7f43bd375c3d87d15b21625.json'],
,,31 Aug 2021,28159,Heavenly host II : Master class,,,,,Lush_50,,,,,Kaizo: Light,,/?p=section&a=details&id=28159,,,['8391ea25ca33bd7d581db3dca03110c5abbac790.bps'],['8391ea25ca33bd7d581db3dca03110c5abbac790.json'],
,,31 Aug 2021,28165,Colors,,,,,simplyawful,,,,,Kaizo: Light,,/?p=section&a=details&id=28165,,,['b0329010d2ad3eace65cb827fdc9f1d2bd50c90e.bps'],['b0329010d2ad3eace65cb827fdc9f1d2bd50c90e.json'],
,,01 Sep 2021,28173,Kaizo Kidz,,,,,wulv257,,,,,Kaizo: Light,,/?p=section&a=details&id=28173,,,['2261b0982ff6efa8fb0137d0d852c9a024d1e8a7.bps'],['2261b0982ff6efa8fb0137d0d852c9a024d1e8a7.json'],
,,02 Sep 2021,28190,A story about an island,,,,,Coockie1173,,,,,Kaizo: Light,,/?p=section&a=details&id=28190,,,['78458bfc0178c4791445fa4fa04c2c2028729f9c.bps'],['78458bfc0178c4791445fa4fa04c2c2028729f9c.json'],
,,03 Sep 2021,28208,A Plumber For All Seasons,,,,,WhiteYoshiEgg,,,,,Standard: Normal,,/?p=section&a=details&id=28208,,,['bf1ed77febbab64290d131972ce88d6335493cbb.bps'],['bf1ed77febbab64290d131972ce88d6335493cbb.json'],
,,03 Sep 2021,28215,Very Remade SMW Beta,,,,,Mariokid,,,,,Standard: Normal,,/?p=section&a=details&id=28215,,,['de342242d27c3519642309b3e3e3b9888dc367e3.bps'],['de342242d27c3519642309b3e3e3b9888dc367e3.json'],
,,03 Sep 2021,28216,Super Mario The Trip,,,,,Sig_AM,,,,,Standard: Hard,,/?p=section&a=details&id=28216,,,"['031e1f73b2c478682909f4edac494261ac951591.bps', '1a68dc823ffd952adf655629da52b204fd1a2c7d.bps']","['031e1f73b2c478682909f4edac494261ac951591.json', '1a68dc823ffd952adf655629da52b204fd1a2c7d.json']",
,,03 Sep 2021,28217,Super Waluigi World Thwompz Fortress,,,,,Thwompz,,,,,Kaizo: Light,,/?p=section&a=details&id=28217,,,['7c392b1c5d90af20871653e9f935ed0cb2d10db7.bps'],['7c392b1c5d90af20871653e9f935ed0cb2d10db7.json'],
,,04 Sep 2021,28227,Mario Saves Princess Peach,,,,,Fermín Acosta Jr.,,,,,Standard: Hard,,/?p=section&a=details&id=28227,,,['c3c64f40a481008469f582ad435451ddf53bbb30.bps'],['c3c64f40a481008469f582ad435451ddf53bbb30.json'],
,,05 Sep 2021,28228,Super Mario Bros. SNES Version.,,,,,Mariokid,,,,,Standard: Normal,,/?p=section&a=details&id=28228,,,['2ba37b5768c88027e7cfc9706596eae464964ccb.bps'],['2ba37b5768c88027e7cfc9706596eae464964ccb.json'],
,,05 Sep 2021,28231,Super Mario Bros. SNES Version.,,,,,Mariokid,,,,,Standard: Normal,,/?p=section&a=details&id=28231,,,['2ba37b5768c88027e7cfc9706596eae464964ccb.bps'],['2ba37b5768c88027e7cfc9706596eae464964ccb.json'],
,,05 Sep 2021,28234,Super Mario Bros. 4: Super Mario World | Mario and Luigi's Return to The Plains,,,,,MomentBruh,,,,,Standard: Normal,,/?p=section&a=details&id=28234,,,['89d2b5c4fbf281dd62664ddcadd7ea382da74f40.bps'],['89d2b5c4fbf281dd62664ddcadd7ea382da74f40.json'],
,,06 Sep 2021,28237,Kaizo Kidz,,,,,wulv257,,,,,Kaizo: Light,,/?p=section&a=details&id=28237,,,['7a5ffe19ef49565ec25e857ab0d6d3cc17669c7a.bps'],['7a5ffe19ef49565ec25e857ab0d6d3cc17669c7a.json'],
,,06 Sep 2021,28240,The Last Journey,,,,,OhMuramatsu,,,,,Kaizo: Light,,/?p=section&a=details&id=28240,,,['958c252b32c42af4b97f8c648693f384fdd68e80.bps'],['958c252b32c42af4b97f8c648693f384fdd68e80.json'],
,,11 Sep 2021,28281,Chocolate Sunday,,,,,snomangaming,,,,,Kaizo: Light,,/?p=section&a=details&id=28281,,,['5759dcc19a729a2b1b29fc7055b02aaa25047703.bps'],['5759dcc19a729a2b1b29fc7055b02aaa25047703.json'],
,,12 Sep 2021,28288,Super Mario World Yoshi World 1.2,,,,,Hamilton64,,,,,Standard: Easy,,/?p=section&a=details&id=28288,,,['1943eda21e9ed6bc53e7cf539774e8fb61636b44.bps'],['1943eda21e9ed6bc53e7cf539774e8fb61636b44.json'],
,,12 Sep 2021,28290,Super Mario World Yoshi World 1.2,,,,,Hamilton64,,,,,Standard: Easy,,/?p=section&a=details&id=28290,,,['c9ead6f3c9f954de0d4d030b18fbb42d77fbd7ae.bps'],['c9ead6f3c9f954de0d4d030b18fbb42d77fbd7ae.json'],
,,13 Sep 2021,28298,Shattered Land,,,,,random_box,,,,,Kaizo: Light,,/?p=section&a=details&id=28298,,,['e6f1650db48d70ea349b4bd8eeaa8791599a6e33.bps'],['e6f1650db48d70ea349b4bd8eeaa8791599a6e33.json'],
,,13 Sep 2021,28299,Super Mario World Yoshi World 1.2,,,,,Hamilton64,,,,,Standard: Easy,,/?p=section&a=details&id=28299,,,['c9ead6f3c9f954de0d4d030b18fbb42d77fbd7ae.bps'],['c9ead6f3c9f954de0d4d030b18fbb42d77fbd7ae.json'],
,,13 Sep 2021,28303,Super Mario World Yoshi World 1.2,,,,,Hamilton64,,,,,Standard: Easy,,/?p=section&a=details&id=28303,,,['c9ead6f3c9f954de0d4d030b18fbb42d77fbd7ae.bps'],['c9ead6f3c9f954de0d4d030b18fbb42d77fbd7ae.json'],
,,14 Sep 2021,28313,Super Mario World: Prototype Edition,,,,,"Jonathan Retrogamer, Professor Parabeetle",,,,,Standard: Normal,,/?p=section&a=details&id=28313,,,['e2ee4485a9fa2e2fa1ee5f08000a803b9995e469.bps'],['e2ee4485a9fa2e2fa1ee5f08000a803b9995e469.json'],
,,16 Sep 2021,28335,INCEPTION,,,,,Dr.Moe,,,,,Kaizo: Light,,/?p=section&a=details&id=28335,,,['73d72cd4ea44ee53d3ff681a8526d0bd9a03ca4b.bps'],['73d72cd4ea44ee53d3ff681a8526d0bd9a03ca4b.json'],
,,17 Sep 2021,28344,Mario the reality of kaizo demo v0.1,,,,,WSG The master,,,,,Kaizo: Light,,/?p=section&a=details&id=28344,,,['deb9ee776baabc9ad122e578dbce6bbdf4909ab3.bps'],['deb9ee776baabc9ad122e578dbce6bbdf4909ab3.json'],
,,17 Sep 2021,28346,Dynasty's Choconilla Seasons HAck,,,,,DynastyLobster,,,,,Standard: Normal,,/?p=section&a=details&id=28346,,,['73ef3b6dd704afd32c2b982672a2a84f94c57050.bps'],['73ef3b6dd704afd32c2b982672a2a84f94c57050.json'],
,,18 Sep 2021,28355,Daemon Land Midway Version,,,,,Daemontom,,,,,Kaizo: Light,,/?p=section&a=details&id=28355,,,['17dc26dcfb931075dde1f1cdb0ff7118b90cbbbe.bps'],['17dc26dcfb931075dde1f1cdb0ff7118b90cbbbe.json'],
,,19 Sep 2021,28360,KANAT World,,,,,"Bathrobe_Dwane, ChevyBoiiGaming, Dale The Grinder, TCRGhost, YouFoundJ0hn, s_charmer",,,,,Standard: Very Hard,,/?p=section&a=details&id=28360,,,['cf08830ef02522b914b112ddfb776d93c421eda5.bps'],['cf08830ef02522b914b112ddfb776d93c421eda5.json'],
,,19 Sep 2021,28362,Unforgiving Tower,,,,,Easy Difficulty,,,,,Standard: Hard,,/?p=section&a=details&id=28362,,,['2df758f3ad5fe2d374620feeb90a7f0bdfabbfc6.bps'],['2df758f3ad5fe2d374620feeb90a7f0bdfabbfc6.json'],
,,19 Sep 2021,28364,Unforgiving Tower,,,,,Easy Difficulty,,,,,Standard: Hard,,/?p=section&a=details&id=28364,,,['d8d5ebc735e6254969d691a408984ff55265547b.bps'],['d8d5ebc735e6254969d691a408984ff55265547b.json'],
,,20 Sep 2021,28365,Unforgiving Tower,,,,,Easy Difficulty,,,,,Standard: Hard,,/?p=section&a=details&id=28365,,,['9741364d35ea306234960a8a264bd6292084539b.bps'],['9741364d35ea306234960a8a264bd6292084539b.json'],
,,20 Sep 2021,28373,New Super Mario World 2: Luigi's Quest,,,,,Bullymario,,,,,Standard: Normal,,/?p=section&a=details&id=28373,,,['a86c1ebd438d3235a6c2318e89d73b93e3eefe33.bps'],['a86c1ebd438d3235a6c2318e89d73b93e3eefe33.json'],
,,20 Sep 2021,28375,SMW Hard Mode,,,,,Nolose,,,,,Standard: Very Hard,,/?p=section&a=details&id=28375,,,['1e387482ce765debf25db08086df4d505c45b1ca.bps'],['1e387482ce765debf25db08086df4d505c45b1ca.json'],
,,22 Sep 2021,28382,Heavenly host 3 : Forever faithful,,,,,Lush_50,,,,,Kaizo: Light,,/?p=section&a=details&id=28382,,,['1e0f1e8189728f2e3904f20234896640340e3bb2.bps'],['1e0f1e8189728f2e3904f20234896640340e3bb2.json'],
,,24 Sep 2021,28411,Quickie World: With a Vengeance,,,,,Valdio,,,,,Kaizo: Light,,/?p=section&a=details&id=28411,,,['21a6e79305c5f3efbb564bbb355c0beb67196e27.bps'],['21a6e79305c5f3efbb564bbb355c0beb67196e27.json'],
,,24 Sep 2021,28413,Shattered Land,,,,,random_box,,,,,Kaizo: Light,,/?p=section&a=details&id=28413,,,['408424bcf4c250dc8851de1c0dad69d7b55919d7.bps'],['408424bcf4c250dc8851de1c0dad69d7b55919d7.json'],
,,25 Sep 2021,28425,INCEPTION,,,,,Dr.Moe,,,,,Kaizo: Light,,/?p=section&a=details&id=28425,,,['5410694fea29886e4e6c5561fe5251ba22589587.bps'],['5410694fea29886e4e6c5561fe5251ba22589587.json'],
,,25 Sep 2021,28427,Super Mario World Challenges,,,,,Daizo Dee Von,,,,,Standard: Very Hard,,/?p=section&a=details&id=28427,,,['8eb4ebb0de0efcfde6c9ec6740da379a21299a39.bps'],['8eb4ebb0de0efcfde6c9ec6740da379a21299a39.json'],
,,25 Sep 2021,28435,Super Special World,,,,,SMWizard,,,,,Standard: Hard,,/?p=section&a=details&id=28435,,,['06c1af37e58c785deac20a89455a57649aa798d0.bps'],['06c1af37e58c785deac20a89455a57649aa798d0.json'],
,,25 Sep 2021,28438,Super Mario World: A Super Mario Adventure 3,,,,,KaidenThelens,,,,,Standard: Hard,,/?p=section&a=details&id=28438,,,['77b9bfde296bcfffbe0b816a3aa2173726cd5ff3.bps'],['77b9bfde296bcfffbe0b816a3aa2173726cd5ff3.json'],
,,25 Sep 2021,28443,Chocolate Sunday,,,,,snomangaming,,,,,Kaizo: Light,,/?p=section&a=details&id=28443,,,['56572cff009dce515a756ce3cd0e73008ec68ac4.bps'],['56572cff009dce515a756ce3cd0e73008ec68ac4.json'],
,,26 Sep 2021,28455,Daemon Land 1.1,,,,,Daemontom,,,,,Kaizo: Light,,/?p=section&a=details&id=28455,,,['693c37ad0bfdb2f9d49c48751ee6318031f6994c.bps'],['693c37ad0bfdb2f9d49c48751ee6318031f6994c.json'],
,,26 Sep 2021,28456,Magiopolis,,,,,Mpereira,,,,,Standard: Hard,,/?p=section&a=details&id=28456,,,"['3c65de7bb1752727e732e12b11ebc5dd134dd66d.bps', 'c690c5f0a9a8f3b611805bfa725b5c245db6d1d4.bps']","['3c65de7bb1752727e732e12b11ebc5dd134dd66d.json', 'c690c5f0a9a8f3b611805bfa725b5c245db6d1d4.json']",
,,27 Sep 2021,28465,My First SMW (Rom) Hack!,,,,,ByLHacks,,,,,Standard: Easy,,/?p=section&a=details&id=28465,,,['3359b4580493aaf2cdcb79bf83fff9cfd49877d6.bps'],['3359b4580493aaf2cdcb79bf83fff9cfd49877d6.json'],
,,30 Sep 2021,28484,Voyager,,,,,Parahax,,,,,Kaizo: Light,,/?p=section&a=details&id=28484,,,"['3c5f9aba1ecabdf723a67d8fdb0f663b803ee4fe.bps', '721af4a9a01e045077c1e15b5851ef8fbf852be9.bps']","['3c5f9aba1ecabdf723a67d8fdb0f663b803ee4fe.json', '721af4a9a01e045077c1e15b5851ef8fbf852be9.json']",
,,30 Sep 2021,28489,Voyager,,,,,Parahax,,,,,Kaizo: Light,,/?p=section&a=details&id=28489,,,"['ad1233aa2c0d8ec48f0863aada26caa522155638.bps', '6fbaf95492b3a1af760808fe9b84fa47319b04ea.bps']","['ad1233aa2c0d8ec48f0863aada26caa522155638.json', '6fbaf95492b3a1af760808fe9b84fa47319b04ea.json']",
,,30 Sep 2021,28491,Sio's Dino Mayhem,,,,,Super_Mike,,,,,Kaizo: Light,,/?p=section&a=details&id=28491,,,['7b7468f5b49ab4c19aa31a5870621eafdc442e77.bps'],['7b7468f5b49ab4c19aa31a5870621eafdc442e77.json'],
,,30 Sep 2021,28492,Fly or Fall,,,,,jesus angel,,,,,Kaizo: Light,,/?p=section&a=details&id=28492,,,['e51f4c6e568e1ed3f67c74b236be7a765a515e9a.bps'],['e51f4c6e568e1ed3f67c74b236be7a765a515e9a.json'],
,,01 Oct 2021,28496,Memento Mori,,,,,Saela,,,,,Kaizo: Light,,/?p=section&a=details&id=28496,,,['1f54cda3b017588b3de4b041d93ec82334f5733c.bps'],['1f54cda3b017588b3de4b041d93ec82334f5733c.json'],
,,02 Oct 2021,28503,Super Mario World Remake,,,,,Mapping_bl,,,,,Standard: Normal,,/?p=section&a=details&id=28503,,,['c7210c77d9bcc9bb392b9b2b76bd72f3955a14dc.bps'],['c7210c77d9bcc9bb392b9b2b76bd72f3955a14dc.json'],
,,02 Oct 2021,28504,Blue World,,,,,johhankyuzu,,,,,Kaizo: Light,,/?p=section&a=details&id=28504,,,['8fb3e4340fd60bf8c2237dcd7c2988c62eda5b29.bps'],['8fb3e4340fd60bf8c2237dcd7c2988c62eda5b29.json'],
,,03 Oct 2021,28508,Super Mario World 3 - A whole new world,,,,,Easy Difficulty,,,,,Standard: Hard,,/?p=section&a=details&id=28508,,,['0afa281d03cf9540190a313f8a985d9ec632c714.bps'],['0afa281d03cf9540190a313f8a985d9ec632c714.json'],
,,04 Oct 2021,28517,MY LIFE IS VERYHARD,,,,,tomato jonson,,,,,Kaizo: Light,,/?p=section&a=details&id=28517,,,['4e0faa535b7fd19e9120e44f530403bc591bbc3d.bps'],['4e0faa535b7fd19e9120e44f530403bc591bbc3d.json'],
,,04 Oct 2021,28518,Short and Sweet V1.0,,,,,cangrejo,,,,,Kaizo: Light,,/?p=section&a=details&id=28518,,,['9b702f7f9e8a2bae130abfcbbaccb26f715e9134.bps'],['9b702f7f9e8a2bae130abfcbbaccb26f715e9134.json'],
,,04 Oct 2021,28522,Short and Sweet V1.0,,,,,cangrejo,,,,,Kaizo: Light,,/?p=section&a=details&id=28522,,,['b6ae8b78fdad297a29f289273bb36acd7fbca58f.bps'],['b6ae8b78fdad297a29f289273bb36acd7fbca58f.json'],
,,04 Oct 2021,28524,Fly or Fall,,,,,jesus angel,,,,,Kaizo: Light,,/?p=section&a=details&id=28524,,,['fefb6409f77d69e2a8ff9faed0e971a9fc665ac8.bps'],['fefb6409f77d69e2a8ff9faed0e971a9fc665ac8.json'],
,,06 Oct 2021,28531,MY LIFE IS VERYHARD,,,,,tomato jonson,,,,,Kaizo: Light,,/?p=section&a=details&id=28531,,,['4e0faa535b7fd19e9120e44f530403bc591bbc3d.bps'],['4e0faa535b7fd19e9120e44f530403bc591bbc3d.json'],
,,06 Oct 2021,28536,Super Duper Crazy Happy Fun Fun One Screen Time Special Deluxe,,,,,Magikey,,,,,Kaizo: Pit,,/?p=section&a=details&id=28536,,,['ee9f1657278b9c5d33769c3b7b4ebe5c55388121.bps'],['ee9f1657278b9c5d33769c3b7b4ebe5c55388121.json'],
,,06 Oct 2021,28539,Other Kaizo Mario Hack (DEMO1.0),,,,,HackBro,,,,,Kaizo: Light,,/?p=section&a=details&id=28539,,,"['5232c79ddb0580e918342f2e7ff1dee05a92fde8.bps', '61e15376140301df7c12d2664cfdabdf782960c2.bps']","['5232c79ddb0580e918342f2e7ff1dee05a92fde8.json', '61e15376140301df7c12d2664cfdabdf782960c2.json']",
,,08 Oct 2021,28549,Super Husky World,,,,,Daffster,,,,,Kaizo: Light,,/?p=section&a=details&id=28549,,,['98780a85a7663f72ff52ec7493ec30ea3f152949.bps'],['98780a85a7663f72ff52ec7493ec30ea3f152949.json'],
,,09 Oct 2021,28554,A Plumber For All Seasons,,,,,WhiteYoshiEgg,,,,,Standard: Normal,,/?p=section&a=details&id=28554,,,['a660de013d01da249df840ae4b5a5a3ba542c593.bps'],['a660de013d01da249df840ae4b5a5a3ba542c593.json'],
,,09 Oct 2021,28555,New Super Mario World 2: Luigi's Quest,,,,,Bullymario,,,,,Standard: Normal,,/?p=section&a=details&id=28555,,,['a86c1ebd438d3235a6c2318e89d73b93e3eefe33.bps'],['a86c1ebd438d3235a6c2318e89d73b93e3eefe33.json'],
,,09 Oct 2021,28557,Lakitu's Great  Adventure,,,,,"Gamet2004, Re Guglia",,,,,Standard: Normal,,/?p=section&a=details&id=28557,,,['dec98aba180e7ab50f7af01ebe9b6298c5f656ca.bps'],['dec98aba180e7ab50f7af01ebe9b6298c5f656ca.json'],
,,10 Oct 2021,28564,Kaizo 3 Styled Hack,,,,,Idyllic,,,,,Kaizo: Light,,/?p=section&a=details&id=28564,,,['b88d341cd796df434da8f46c7f52016f8f01a23c.bps'],['b88d341cd796df434da8f46c7f52016f8f01a23c.json'],
,,11 Oct 2021,28568,Short and Sweet V1.1,,,,,cangrejo,,,,,Kaizo: Light,,/?p=section&a=details&id=28568,,,['e6da453db82c2d67a283584bee7a3587d88e7fed.bps'],['e6da453db82c2d67a283584bee7a3587d88e7fed.json'],
,,17 Oct 2021,28596,Blue World,,,,,johhankyuzu,,,,,Kaizo: Light,,/?p=section&a=details&id=28596,,,['c73054f0b7877c6a1a1a4192f22ae3256fe17509.bps'],['c73054f0b7877c6a1a1a4192f22ae3256fe17509.json'],
,,18 Oct 2021,28600,Darkside 2,,,,,Insanit,,,,,Kaizo: Light,,/?p=section&a=details&id=28600,,,['be35c9a2ab6a244f3353e95f77e0138dc54e9750.bps'],['be35c9a2ab6a244f3353e95f77e0138dc54e9750.json'],
,,19 Oct 2021,28608,YF10CBTTHNTDWTL,,,,,Shizufuzu,,,,,Standard: Hard,,/?p=section&a=details&id=28608,,,['6707ddf2741add14c189c51b315d345d0a9a7cf3.bps'],['6707ddf2741add14c189c51b315d345d0a9a7cf3.json'],
,,20 Oct 2021,28615,At Least The Music's Good,,,,,Worl,,,,,Kaizo: Light,,/?p=section&a=details&id=28615,,,['2966cf5395682676d8ac0b1269b2beefb080251b.bps'],['2966cf5395682676d8ac0b1269b2beefb080251b.json'],
,,21 Oct 2021,28626,Super Kroeti Kaizo World,,,,,Steffi4689,,,,,Kaizo: Light,,/?p=section&a=details&id=28626,,,['1a9d1d0b111498152fcd372484dc767aafd52523.bps'],['1a9d1d0b111498152fcd372484dc767aafd52523.json'],
,,23 Oct 2021,28648,Daemon Land 2,,,,,Daemontom,,,,,Kaizo: Light,,/?p=section&a=details&id=28648,,,['d6c5f43c164e719e50d90426b8663cd87a34716d.bps'],['d6c5f43c164e719e50d90426b8663cd87a34716d.json'],
,,23 Oct 2021,28649,Maria and the Barazuishou Quest Part 1,,,,,NeoZeroDestiny,,,,,Standard: Hard,,/?p=section&a=details&id=28649,,,['dd8a479a27d5757475b3be33f8d2cf4d7bc3f50e.bps'],['dd8a479a27d5757475b3be33f8d2cf4d7bc3f50e.json'],
,,23 Oct 2021,28652,Memory Lane,,,,,Fryinb,,,,,Kaizo: Light,,/?p=section&a=details&id=28652,,,['4c899581412119f5e00a88e018cbb1c4bf6551cc.bps'],['4c899581412119f5e00a88e018cbb1c4bf6551cc.json'],
,,25 Oct 2021,28661,New Super Mario World 2: Luigi's Quest,,,,,Bullymario,,,,,Standard: Normal,,/?p=section&a=details&id=28661,,,['245804f43ef1a972cda2313cb097fc4860e2311f.bps'],['245804f43ef1a972cda2313cb097fc4860e2311f.json'],
,,25 Oct 2021,28663,Lakitu's Great  Adventure,,,,,"Gamet2004, Re Guglia",,,,,Standard: Normal,,/?p=section&a=details&id=28663,,,['9563155edb414ad8a0598c44e8e12246f06872aa.bps'],['9563155edb414ad8a0598c44e8e12246f06872aa.json'],
,,26 Oct 2021,28672,Briefly12 World,,,,,Lee12UK,,,,,Kaizo: Light,,/?p=section&a=details&id=28672,,,['ddb299e6bb3c4f2e7550cd80140812b82f22401d.bps'],['ddb299e6bb3c4f2e7550cd80140812b82f22401d.json'],
,,27 Oct 2021,28679,Action42,,,,,Nicoke42,,,,,Kaizo: Light,,/?p=section&a=details&id=28679,,,['6682732e1b3d3e456379a17a7ee45096ab442306.bps'],['6682732e1b3d3e456379a17a7ee45096ab442306.json'],
,,30 Oct 2021,28694,Griffy World,,,,,Remalis,,,,,Kaizo: Light,,/?p=section&a=details&id=28694,,,['700bef36c73d1f779e47ed540675579f1135d15b.bps'],['700bef36c73d1f779e47ed540675579f1135d15b.json'],
,,31 Oct 2021,28699,Shizu´s Seasons: Halloween 2021 - Luigi is on holiday,,,,,Shizufuzu,,,,,Kaizo: Light,,/?p=section&a=details&id=28699,,,['e5c925b3eee86900dd6aa33ab2c62d2b906e6ce0.bps'],['e5c925b3eee86900dd6aa33ab2c62d2b906e6ce0.json'],
,,03 Nov 2021,28718,Bowser's Revenge,,,,,Easy Difficulty,,,,,Standard: Hard,,/?p=section&a=details&id=28718,,,['4f46ebb411336fe2dcf81bacab0c0c86ed7fbf0c.bps'],['4f46ebb411336fe2dcf81bacab0c0c86ed7fbf0c.json'],
,,04 Nov 2021,28725,Super Mario Bros. Choas Unreloaded,,,,,gohkenytp8,,,,,Standard: Easy,,/?p=section&a=details&id=28725,,,['744192b313ee2710f7b5bf31e09632086cb30575.bps'],['744192b313ee2710f7b5bf31e09632086cb30575.json'],
,,05 Nov 2021,28739,Luminescent,,,,,TheBourgyman,,,,,Kaizo: Light,,/?p=section&a=details&id=28739,,,['2bb86fb15c03779d55928e8cf2039457be397d11.bps'],['2bb86fb15c03779d55928e8cf2039457be397d11.json'],
,,06 Nov 2021,28750,A Plumber For All Seasons,,,,,WhiteYoshiEgg,,,,,Standard: Normal,,/?p=section&a=details&id=28750,,,['fe38c87b6710e80d1cb039e04c0710d06f8a9108.bps'],['fe38c87b6710e80d1cb039e04c0710d06f8a9108.json'],
,,07 Nov 2021,28756,Super Amethyst Rocks,,,,,shovda,,,,,Kaizo: Light,,/?p=section&a=details&id=28756,,,['5473168c5646f25754e2f7ac490362e9a976eb66.bps'],['5473168c5646f25754e2f7ac490362e9a976eb66.json'],
,,10 Nov 2021,28775,Super Yeet World,,,,,KennyJ,,,,,Kaizo: Light,,/?p=section&a=details&id=28775,,,['89d8676677bae7048fd413c221188754c3bc3a34.bps'],['89d8676677bae7048fd413c221188754c3bc3a34.json'],
,,10 Nov 2021,28776,Luigi's New Quest,,,,,Mr. MS,,,,,Standard: Hard,,/?p=section&a=details&id=28776,,,['7b31638f0dda8bc1b1153b2a6472b059f0fa454a.bps'],['7b31638f0dda8bc1b1153b2a6472b059f0fa454a.json'],
,,11 Nov 2021,28786,For Dan,,,,,GrumpyWalrus,,,,,Kaizo: Light,,/?p=section&a=details&id=28786,,,['6d322af63c17492085f78503d8aa4dd9f42c00e0.bps'],['6d322af63c17492085f78503d8aa4dd9f42c00e0.json'],
,,16 Nov 2021,28822,telinc test bullshit,,,,,Telinc1,,,,,"Standard: Hard, Misc.: Troll",,/?p=section&a=details&id=28822,,,['e23090d57629f00eb2846325d3a15633d4e9fc4c.bps'],['e23090d57629f00eb2846325d3a15633d4e9fc4c.json'],
,,16 Nov 2021,28827,Toadette's Kaizo Tuesday,,,,,Hwailaluta,,,,,Kaizo: Expert,,/?p=section&a=details&id=28827,,,['d6981f73db9e87a5ee382a504e9523bc884f9531.bps'],['d6981f73db9e87a5ee382a504e9523bc884f9531.json'],
,,16 Nov 2021,28829,NH World,,,,,l337f00l,,,,,"Kaizo: Intermediate, Kaizo: Beginner",,/?p=section&a=details&id=28829,,,['b5d63ceba882e7cbd2dc615eb4febbdebf36f676.bps'],['b5d63ceba882e7cbd2dc615eb4febbdebf36f676.json'],
,,23 Nov 2021,28863,Super Mario World - Bowser's Return,,,,,"Ice Man, ghettoyouth",,,,,Standard: Easy,,/?p=section&a=details&id=28863,,,['ceb0def029c3f13220e322e1c68e41d42b074bbc.bps'],['ceb0def029c3f13220e322e1c68e41d42b074bbc.json'],
,,24 Nov 2021,28873,Super Mario World: The Lost Land!,,,,,Starman97,,,,,Standard: Normal,,/?p=section&a=details&id=28873,,,['3572cf1e06d6f967e320cfbb6eac26fae4e2d628.bps'],['3572cf1e06d6f967e320cfbb6eac26fae4e2d628.json'],
,,25 Nov 2021,28877,Cube´s Kaizo World 3,,,,,Cube,,,,,Kaizo: Intermediate,,/?p=section&a=details&id=28877,,,['29d0a070b80d823c923177d73158a2a83c6d585b.bps'],['29d0a070b80d823c923177d73158a2a83c6d585b.json'],
,,25 Nov 2021,28879,SMW Autosave + Disable 2 Players + DKCR Status Bar,,,,,Orangel Duque,,,,,Standard: Normal,,/?p=section&a=details&id=28879,,,['3939f7ece8b80ef3d447efaa4c4ac83ca5f87f6a.bps'],['3939f7ece8b80ef3d447efaa4c4ac83ca5f87f6a.json'],
,,25 Nov 2021,28882,Mario's Grand Adventure 2: Mario's World Tour,,,,,AppleBoy54321,,,,,Standard: Normal,,/?p=section&a=details&id=28882,,,['50a346dd70e7983bb282e5b1a6ce561244f31151.bps'],['50a346dd70e7983bb282e5b1a6ce561244f31151.json'],
,,28 Nov 2021,28896,Griffy World v1.1,,,,,Remalis,,,,,Kaizo: Intermediate,,/?p=section&a=details&id=28896,,,['bef6a0e9d04ae5327bc9a970983343833df52050.bps'],['bef6a0e9d04ae5327bc9a970983343833df52050.json'],
,,28 Nov 2021,28897,Super Mario World 2,,,,,MarioIsTheBest1234,,,,,Standard: Easy,,/?p=section&a=details&id=28897,,,['6d6c3e6cf06f3f4f4383af6ce7f0363b54928f84.bps'],['6d6c3e6cf06f3f4f4383af6ce7f0363b54928f84.json'],
,,28 Nov 2021,28898,Abuse and Die 3,,,,,AbuseFreakHacker,,,,,Tool-Assisted: Kaizo,,/?p=section&a=details&id=28898,,,['7465dc0b81774d6fe5d7f9b87fad710700336a79.bps'],['7465dc0b81774d6fe5d7f9b87fad710700336a79.json'],
,,01 Dec 2021,28908,Griffy World v1.1,,,,,Remalis,,,,,Kaizo: Intermediate,,/?p=section&a=details&id=28908,,,['a88d0926632b880dbc0dd2aba2bac37eecba73e6.bps'],['a88d0926632b880dbc0dd2aba2bac37eecba73e6.json'],
,,03 Dec 2021,28921,Super Barbe World,,,,,themariio,,,,,Kaizo: Beginner,,/?p=section&a=details&id=28921,,,['2bdbb1a89d6be2637aba3d70f6ee1da6ffec70ed.bps'],['2bdbb1a89d6be2637aba3d70f6ee1da6ffec70ed.json'],
,,04 Dec 2021,28926,New Super Mario World 2: Luigi's Quest,,,,,Bullymario,,,,,Standard: Normal,,/?p=section&a=details&id=28926,,,['bacf65e0ab8c47f61c325bb550aeb657971bd0f4.bps'],['bacf65e0ab8c47f61c325bb550aeb657971bd0f4.json'],
,,05 Dec 2021,28928,Heckin' Spoop World,,,,,Koopenstein,,,,,Kaizo: Beginner,,/?p=section&a=details&id=28928,,,['a549ea0b28ad9d0a8c798073c15ebb481bfa818d.bps'],['a549ea0b28ad9d0a8c798073c15ebb481bfa818d.json'],
,,05 Dec 2021,28941,The Sweet Sweet Love,,,,,Beefy Chud,,,,,Kaizo: Beginner,,/?p=section&a=details&id=28941,,,['c2ee0ca88d54ad86fe00339b782ac82374c2580b.bps'],['c2ee0ca88d54ad86fe00339b782ac82374c2580b.json'],
,,11 Dec 2021,28968,Groovy,,,,,Lush_50,,,,,Kaizo: Intermediate,,/?p=section&a=details&id=28968,,,['3e07adeb7db07e3e353298d94b03f18c3d93db7a.bps'],['3e07adeb7db07e3e353298d94b03f18c3d93db7a.json'],
,,11 Dec 2021,28969,Groovy,,,,,Lush_50,,,,,Kaizo: Intermediate,,/?p=section&a=details&id=28969,,,['3e07adeb7db07e3e353298d94b03f18c3d93db7a.bps'],['3e07adeb7db07e3e353298d94b03f18c3d93db7a.json'],
,,13 Dec 2021,28979,Super Bobido World II,,,,,drkilory,,,,,Standard: Hard,,/?p=section&a=details&id=28979,,,['74f9d2abaad214d720f0ff543d4139e8372ae81e.bps'],['74f9d2abaad214d720f0ff543d4139e8372ae81e.json'],
,,14 Dec 2021,28984,Krack's Kafe: Because They Kicked Me Out!,,,,,"Daizo Dee Von, EvilGuy0613, Faro, TEAM AFORETIMES, amhunter, scooter102089",,,,,Standard: Very Hard,,/?p=section&a=details&id=28984,,,['653876ddec8b862805381e5b103d4469a1f4b485.bps'],['653876ddec8b862805381e5b103d4469a1f4b485.json'],
,,14 Dec 2021,28985,Guro (Demo),,,,,MeNe,,,,,Standard: Normal,,/?p=section&a=details&id=28985,,,['63b016ac886246cf1128202fba0342bcd4027755.bps'],['63b016ac886246cf1128202fba0342bcd4027755.json'],
,,14 Dec 2021,28988,Cube's Kaizo World 3,,,,,Cube,,,,,Kaizo: Intermediate,,/?p=section&a=details&id=28988,,,['e4ed25f05195de95ebbd54ae7f23bcef6644fa2e.bps'],['e4ed25f05195de95ebbd54ae7f23bcef6644fa2e.json'],
,,15 Dec 2021,28998,Abuse and Die 3,,,,,AbuseFreakHacker,,,,,Tool-Assisted: Kaizo,,/?p=section&a=details&id=28998,,,['37a8c714c41285761850c08380c58ac2384844d9.bps'],['37a8c714c41285761850c08380c58ac2384844d9.json'],
,,15 Dec 2021,28999,Super Los Davidos World- The First Exploration,,,,,SMBX-Gaming,,,,,Kaizo: Intermediate,,/?p=section&a=details&id=28999,,,['b02eaffe3ef458dc124928a9ea4ac8cd34232601.bps'],['b02eaffe3ef458dc124928a9ea4ac8cd34232601.json'],
,,18 Dec 2021,29031,Super Mario World: Fan Redesign Edition,,,,,CosmicStarman0,,,,,Standard: Normal,,/?p=section&a=details&id=29031,,,['3076eebc3935cfb24cf9e17f046b7c2e4258675b.bps'],['3076eebc3935cfb24cf9e17f046b7c2e4258675b.json'],
,,19 Dec 2021,29034,A Mole in Space,,,,,"Anorakun, Dark Prince, Friday_D0nat, NopeContest, Segment1Zone2, TEAM TITANIA",,,,,Standard: Very Hard,,/?p=section&a=details&id=29034,,,['d2eb1a0af4a8e9c1c80787b40245c581888d479e.bps'],['d2eb1a0af4a8e9c1c80787b40245c581888d479e.json'],
,,19 Dec 2021,29037,Hallowed Ground,,,,,nanec,,,,,Kaizo: Intermediate,,/?p=section&a=details&id=29037,,,['37b105ab8e5d7e4c98813ba2ec0f50a7d49b0daf.bps'],['37b105ab8e5d7e4c98813ba2ec0f50a7d49b0daf.json'],
,,20 Dec 2021,29041,In A Random Adventure,,,,,Mr. MS,,,,,Standard: Normal,,/?p=section&a=details&id=29041,,,['83ccc83e260ded44545cc01b5d0dee5bcb298c63.bps'],['83ccc83e260ded44545cc01b5d0dee5bcb298c63.json'],
,,22 Dec 2021,29051,Super Bobido World II,,,,,drkilory,,,,,Standard: Hard,,/?p=section&a=details&id=29051,,,['56d75b4ee7765eb74e66613baeef1f11d590c89d.bps'],['56d75b4ee7765eb74e66613baeef1f11d590c89d.json'],
,,27 Dec 2021,29088,Super Mario World Mario in Time,,,,,Hamilton64,,,,,Standard: Easy,,/?p=section&a=details&id=29088,,,['1613fd5722dbc8c6abed3ec3d0ef640a299342d4.bps'],['1613fd5722dbc8c6abed3ec3d0ef640a299342d4.json'],
,,28 Dec 2021,29099,A Journey In Tune,,,,,BoomBeatle3,,,,,Standard: Hard,,/?p=section&a=details&id=29099,,,['46e362753f84046307015979ba71bf98b074e24d.bps'],['46e362753f84046307015979ba71bf98b074e24d.json'],
,,30 Dec 2021,29117,SMW - Mini Adventure,,,,,Nolose,,,,,Standard: Hard,,/?p=section&a=details&id=29117,,,['f671144943b35f8ef658724ff801169e930135e7.bps'],['f671144943b35f8ef658724ff801169e930135e7.json'],
,,03 Jan 2022,29137,Super Mario World. Mix,,,,,Souldbminer,,,,,Standard: Easy,,/?p=section&a=details&id=29137,,,['8c1ae8f8a316faaf914f22a7a87ba502b9bdcd4f.bps'],['8c1ae8f8a316faaf914f22a7a87ba502b9bdcd4f.json'],
,,07 Jan 2022,29178,Scary Bosses and Nice Sprites,,,,,Darolac,,,,,"Standard: Very Hard, Kaizo: Beginner",,/?p=section&a=details&id=29178,,,['609b338470c0b2962af8451b40ebfd15635ea57f.bps'],['609b338470c0b2962af8451b40ebfd15635ea57f.json'],
,,07 Jan 2022,29189,Send Your Regrets to the Czar,,,,,"JUMP Team, Koopster",,,,,Kaizo: Expert,,/?p=section&a=details&id=29189,,,['3c8cafb228ccf730e9c083590d396a98df058ea7.bps'],['3c8cafb228ccf730e9c083590d396a98df058ea7.json'],
,,07 Jan 2022,29208,Aeron's Golden Cookie Quest,,,,,Anorakun,,,,,Standard: Very Hard,,/?p=section&a=details&id=29208,,,['50b9a07a107f890b7a896e3dea46c954862a3985.bps'],['50b9a07a107f890b7a896e3dea46c954862a3985.json'],
,,07 Jan 2022,29216,Super Goon World,,,,,Lyfah,,,,,Kaizo: Beginner,,/?p=section&a=details&id=29216,,,['c9b13389481c0e1d8e4c61821aa25a16803a2520.bps'],['c9b13389481c0e1d8e4c61821aa25a16803a2520.json'],
,,08 Jan 2022,29226,Donut for Breakfast!,,,,,KaidenThelens,,,,,"Standard: Hard, Misc.: Troll",,/?p=section&a=details&id=29226,,,['95df51768c64b0baffad3698439db0e737f693f1.bps'],['95df51768c64b0baffad3698439db0e737f693f1.json'],
,,08 Jan 2022,29227,BEST HACK EVER,,,,,KaidenThelens,,,,,"Standard: Normal, Misc.: Troll",,/?p=section&a=details&id=29227,,,['01f74cc3ec466cd8514fbb6626fdb64f37ef962f.bps'],['01f74cc3ec466cd8514fbb6626fdb64f37ef962f.json'],
,,08 Jan 2022,29291,Super Mario World - Chaotic Adventure,,,,,Tiozinho,,,,,Standard: Hard,,/?p=section&a=details&id=29291,,,['b692b11941c0721e684eea596eb967fdee635c51.bps'],['b692b11941c0721e684eea596eb967fdee635c51.json'],
,,08 Jan 2022,29341,smol,,,,,Blaagon,,,,,Kaizo: Intermediate,,/?p=section&a=details&id=29341,,,['ffbc45b92eec24fb5ac5c7da41dacefd4154fc88.bps'],['ffbc45b92eec24fb5ac5c7da41dacefd4154fc88.json'],
,,08 Jan 2022,29344,Scary Bosses and Nice Sprites,,,,,Darolac,,,,,"Standard: Hard, Kaizo: Beginner",,/?p=section&a=details&id=29344,,,['fff3b7dfa5a2611a49aa1698b8788550d94e795c.bps'],['fff3b7dfa5a2611a49aa1698b8788550d94e795c.json'],
,,09 Jan 2022,29385,Mario Saves Peach Once Again Demo V1.0,,,,,Lmao,,,,,Standard: Normal,,/?p=section&a=details&id=29385,,,['bf53942bd6c5da5494db82420ab10331bacdda8e.bps'],['bf53942bd6c5da5494db82420ab10331bacdda8e.json'],
,,10 Jan 2022,29397,The Run,,,,,LiamSMW2008,,,,,Standard: Normal,,/?p=section&a=details&id=29397,,,['ed31eb39e98e69fd0eb802587a53891561f10947.bps'],['ed31eb39e98e69fd0eb802587a53891561f10947.json'],
,,11 Jan 2022,29463,no name,,,,,Daizo Dee Von,,,,,"Standard: Very Hard, Kaizo: Beginner",,/?p=section&a=details&id=29463,,,['f08054784b0a16e9e4fd2bd984294821ff214faa.bps'],['f08054784b0a16e9e4fd2bd984294821ff214faa.json'],
,,12 Jan 2022,29489,Abuse and Die 3,,,,,AbuseFreakHacker,,,,,Tool-Assisted: Kaizo,,/?p=section&a=details&id=29489,,,['8b9ac2d76f607e40b75e4b5ea8716f09e762d486.bps'],['8b9ac2d76f607e40b75e4b5ea8716f09e762d486.json'],
,,13 Jan 2022,29508,Super Mario Legends 2 - Bowser's Revenge,,,,,Raychu2021,,,,,Standard: Normal,,/?p=section&a=details&id=29508,,,['d561d900831947e55a2e95edf0f0875f2aa2a740.bps'],['d561d900831947e55a2e95edf0f0875f2aa2a740.json'],
,,13 Jan 2022,29509,The Rock 'n' Roll Mario Show: Set Two,,,,,kaigem,,,,,Kaizo: Expert,,/?p=section&a=details&id=29509,,,['92e931eabb18e191163d306f86a0322064649691.bps'],['92e931eabb18e191163d306f86a0322064649691.json'],
,,14 Jan 2022,29518,ShyGuy Kaizo Dream 2 - Shy Guy's Awakening,,,,,P1JDS,,,,,Kaizo: Intermediate,,/?p=section&a=details&id=29518,,,['1c84f7a200a9f7557b926abf24ae9aa05ca4d4f2.bps'],['1c84f7a200a9f7557b926abf24ae9aa05ca4d4f2.json'],
,,15 Jan 2022,29527,INCEPTION,,,,,Dr.Moe,,,,,Kaizo: Expert,,/?p=section&a=details&id=29527,,,['ba39aa7ed50e4e4e74e903b009f26d56a77fd891.bps'],['ba39aa7ed50e4e4e74e903b009f26d56a77fd891.json'],
,,16 Jan 2022,29534,Marios Drug Trip 2 Psychoanalysis,,,,,AbuseFreakHacker,,,,,Tool-Assisted: Kaizo,,/?p=section&a=details&id=29534,,,['903fe662114c2ebe25bd896f1eab3d080fed349c.bps'],['903fe662114c2ebe25bd896f1eab3d080fed349c.json'],
,,16 Jan 2022,29536,"Ukraine, Detroit",,,,,tamano,,,,,Kaizo: Beginner,,/?p=section&a=details&id=29536,,,['7f355d8d02df2eae7b3de6a17f63db6489cc8e4e.bps'],['7f355d8d02df2eae7b3de6a17f63db6489cc8e4e.json'],
,,17 Jan 2022,29545,Mario Saves Peach Once Again Demo V2.1,,,,,Lmao,,,,,Standard: Normal,,/?p=section&a=details&id=29545,,,['2b25c5cebf8b71100123896f8e23aab7d541ceb5.bps'],['2b25c5cebf8b71100123896f8e23aab7d541ceb5.json'],
,,18 Jan 2022,29547,SA-1：Special Adventure - 1,,,,,Hayashi Neru,,,,,Standard: Hard,,/?p=section&a=details&id=29547,,,['ab26b4dd0e842bcdc4039b755cc168d8fe2fbf59.bps'],['ab26b4dd0e842bcdc4039b755cc168d8fe2fbf59.json'],
,,18 Jan 2022,29550,Super Mario World - Uma Aventura Chaotica (Chaotic Adventure),,,,,Tiozinho,,,,,Standard: Hard,,/?p=section&a=details&id=29550,,,"['61ee92ee524ae9df9afb499527a7dfcea26c7245.bps', '3ec51b8cabb9a3a8b4a8d73a18a76df923d27517.bps']","['61ee92ee524ae9df9afb499527a7dfcea26c7245.json', '3ec51b8cabb9a3a8b4a8d73a18a76df923d27517.json']",
,,19 Jan 2022,29560,Griffy World v1.1,,,,,Remalis,,,,,Kaizo: Intermediate,,/?p=section&a=details&id=29560,,,['a88d0926632b880dbc0dd2aba2bac37eecba73e6.bps'],['a88d0926632b880dbc0dd2aba2bac37eecba73e6.json'],
,,19 Jan 2022,29563,"Ukraine, Detroit",,,,,tamano,,,,,Kaizo: Beginner,,/?p=section&a=details&id=29563,,,['53fbdabae573c19a99dbc59ddf4c45b3a1be8726.bps'],['53fbdabae573c19a99dbc59ddf4c45b3a1be8726.json'],
,,19 Jan 2022,29564,"Ukraine, Detroit",,,,,tamano,,,,,Kaizo: Beginner,,/?p=section&a=details&id=29564,,,['0e56c1e81141375eea7830bce55133c3c7df05f9.bps'],['0e56c1e81141375eea7830bce55133c3c7df05f9.json'],
,,19 Jan 2022,29565,Uma Aventura Chaotica (Chaotic Adventure),,,,,Tiozinho,,,,,Standard: Hard,,/?p=section&a=details&id=29565,,,"['4d8307eb399e700286edb3fecee67f38c3d9913d.bps', '578aad29d1f92e0aee2cf9c87e39f98f847c2e6c.bps']","['4d8307eb399e700286edb3fecee67f38c3d9913d.json', '578aad29d1f92e0aee2cf9c87e39f98f847c2e6c.json']",
,,20 Jan 2022,29566,"Ukraine, Detroit",,,,,tamano,,,,,Kaizo: Beginner,,/?p=section&a=details&id=29566,,,['961c9e652ee591ef207f349e866f2c4814864446.bps'],['961c9e652ee591ef207f349e866f2c4814864446.json'],
,,21 Jan 2022,29576,Hallowed Ground,,,,,nanec,,,,,Kaizo: Intermediate,,/?p=section&a=details&id=29576,,,['7d2b760f89927a4dbd363677d73a8e586cef2b29.bps'],['7d2b760f89927a4dbd363677d73a8e586cef2b29.json'],
,,22 Jan 2022,29587,SMW: Endless Night Demo 2,,,,,Ralshi02,,,,,"Standard: Easy, Standard: Very Hard",,/?p=section&a=details&id=29587,,,['56c83a38317812fa0c8ca9332a3f0353dc69fee9.bps'],['56c83a38317812fa0c8ca9332a3f0353dc69fee9.json'],
,,22 Jan 2022,29588,Super Mario World Master Quest Reborn,,,,,Alex No,,,,,Standard: Hard,,/?p=section&a=details&id=29588,,,['bb72a28b9b30697f6e8acbd1c1b9cfe031318fcf.bps'],['bb72a28b9b30697f6e8acbd1c1b9cfe031318fcf.json'],
,,22 Jan 2022,29591,Send Your Regrets to the Czar,,,,,"JUMP Team, Koopster",,,,,Kaizo: Expert,,/?p=section&a=details&id=29591,,,['ac8a48bce9ebcaa1f6ac252e7a84a7f4cfcea23a.bps'],['ac8a48bce9ebcaa1f6ac252e7a84a7f4cfcea23a.json'],
,,23 Jan 2022,29607,"Ukraine, Detroit",,,,,tamano,,,,,Kaizo: Beginner,,/?p=section&a=details&id=29607,,,['b10f6ea2745ef72b8ce9a968241234ac07df7fed.bps'],['b10f6ea2745ef72b8ce9a968241234ac07df7fed.json'],
,,27 Jan 2022,29629,Hallowed Ground,,,,,nanec,,,,,Kaizo: Intermediate,,/?p=section&a=details&id=29629,,,['f32653891d36a3905df6b00c6113e24d98f9654e.bps'],['f32653891d36a3905df6b00c6113e24d98f9654e.json'],
,,28 Jan 2022,29633,"Ukraine, Detroit",,,,,tamano,,,,,Kaizo: Beginner,,/?p=section&a=details&id=29633,,,['b10f6ea2745ef72b8ce9a968241234ac07df7fed.bps'],['b10f6ea2745ef72b8ce9a968241234ac07df7fed.json'],
,,29 Jan 2022,29638,Untitled,,,,,Mr. MS,,,,,Standard: Normal,,/?p=section&a=details&id=29638,,,['b046c1cfaa804afaef4fe4b022adf83b5189982a.bps'],['b046c1cfaa804afaef4fe4b022adf83b5189982a.json'],
,,29 Jan 2022,29642,Mario Saves Peach Once Again Demo V2.3,,,,,Lmao,,,,,Standard: Normal,,/?p=section&a=details&id=29642,,,['77c7c2c761c22d6985e1e6fb202ef7c981c546b5.bps'],['77c7c2c761c22d6985e1e6fb202ef7c981c546b5.json'],
,,30 Jan 2022,29646,Aeron's Golden Cookie Quest,,,,,Anorakun,,,,,Standard: Very Hard,,/?p=section&a=details&id=29646,,,['1d1cb0857334a05159fe3f85763da8582387bb8b.bps'],['1d1cb0857334a05159fe3f85763da8582387bb8b.json'],
,,31 Jan 2022,29657,The Duality of Mario,,,,,AmazingChest,,,,,Kaizo: Intermediate,,/?p=section&a=details&id=29657,,,['7e7d0ead9403ebcfc330b8b7b6d3922268d18d09.bps'],['7e7d0ead9403ebcfc330b8b7b6d3922268d18d09.json'],
,,31 Jan 2022,29662,"Ukraine, Detroit",,,,,tamano,,,,,Kaizo: Beginner,,/?p=section&a=details&id=29662,,,['7ef68d0b95b75530b5b823f09b3724e03665ac3d.bps'],['7ef68d0b95b75530b5b823f09b3724e03665ac3d.json'],
,,31 Jan 2022,29663,Untitled,,,,,Mr. MS,,,,,Standard: Normal,,/?p=section&a=details&id=29663,,,['1a87c091d61ae52b31be8ece046978a79d5415b3.bps'],['1a87c091d61ae52b31be8ece046978a79d5415b3.json'],
,,01 Feb 2022,29668,Hops' Great Adventure,,,,,bucketofwetsocks,,,,,Kaizo: Intermediate,,/?p=section&a=details&id=29668,,,['4b8af2418167c1d0159b718d262b01efbeaa6454.bps'],['4b8af2418167c1d0159b718d262b01efbeaa6454.json'],
,,02 Feb 2022,29676,Super Mario World Master Quest Reborn,,,,,Alex No,,,,,Standard: Normal,,/?p=section&a=details&id=29676,,,['062a4b99e7a9838c019f1989860fd5990472ad59.bps'],['062a4b99e7a9838c019f1989860fd5990472ad59.json'],
,,03 Feb 2022,29686,"Ukraine, Detroit",,,,,tamano,,,,,Kaizo: Beginner,,/?p=section&a=details&id=29686,,,['bf1abbadb61e197a5fa41ba8e39e815c93cb0489.bps'],['bf1abbadb61e197a5fa41ba8e39e815c93cb0489.json'],
,,03 Feb 2022,29690,Sheffy 99,,,,,Daemontom,,,,,Kaizo: Expert,,/?p=section&a=details&id=29690,,,['212452d87148cd569dd44993d90e7cfa5c976f3e.bps'],['212452d87148cd569dd44993d90e7cfa5c976f3e.json'],
,,04 Feb 2022,29696,"Ukraine, Detroit",,,,,tamano,,,,,Kaizo: Beginner,,/?p=section&a=details&id=29696,,,['514023329432fb1ab2e690b3e24a25fd5b409d39.bps'],['514023329432fb1ab2e690b3e24a25fd5b409d39.json'],
,,05 Feb 2022,29713,Hops' Great Adventure,,,,,bucketofwetsocks,,,,,Kaizo: Intermediate,,/?p=section&a=details&id=29713,,,['5356a18f894f357e5920bf5dc82e3ca8aabccd83.bps'],['5356a18f894f357e5920bf5dc82e3ca8aabccd83.json'],
,,07 Feb 2022,29732,Arantes Shells,,,,,"RenanSV, arantes",,,,,Kaizo: Expert,,/?p=section&a=details&id=29732,,,['0a7ea24aa3f2d2fde4cb69fc3faa177916902ec0.bps'],['0a7ea24aa3f2d2fde4cb69fc3faa177916902ec0.json'],
,,08 Feb 2022,29747,A WIP,,,,,NikSik1,,,,,Kaizo: Expert,,/?p=section&a=details&id=29747,,,['2488bc1e45a7d3f0304799d62c29c470425f9b3b.bps'],['2488bc1e45a7d3f0304799d62c29c470425f9b3b.json'],
,,09 Feb 2022,29750,Super Swordi World 2,,,,,Sir_Danny_TM,,,,,Kaizo: Intermediate,,/?p=section&a=details&id=29750,,,['f0514d5c64d8c971871a26dfde9497e777a27b75.bps'],['f0514d5c64d8c971871a26dfde9497e777a27b75.json'],
,,09 Feb 2022,29758,Super Mario World Mix,,,,,Souldbminer,,,,,Standard: Normal,,/?p=section&a=details&id=29758,,,['e83da39213bbca607fad5e49b6d0b99f7973a16f.bps'],['e83da39213bbca607fad5e49b6d0b99f7973a16f.json'],
,,12 Feb 2022,29780,Super Marisa Adventure World,,,,,Shiki_Makiro,,,,,"Standard: Very Hard, Kaizo: Beginner",,/?p=section&a=details&id=29780,,,['a7928fd9de52ee129f5cb4bd9850592bebd529ca.bps'],['a7928fd9de52ee129f5cb4bd9850592bebd529ca.json'],
,,12 Feb 2022,29781,Hops' Great Adventure,,,,,bucketofwetsocks,,,,,Kaizo: Intermediate,,/?p=section&a=details&id=29781,,,['43a1497e55421a9a9a124413d4722d1ed2ee0d90.bps'],['43a1497e55421a9a9a124413d4722d1ed2ee0d90.json'],
,,13 Feb 2022,29796,Super LouisDoucet World,,,,,gui,,,,,Kaizo: Intermediate,,/?p=section&a=details&id=29796,,,['cea6f315b22e5a60bb15fac2183e09dcfb0cde37.bps'],['cea6f315b22e5a60bb15fac2183e09dcfb0cde37.json'],
,,13 Feb 2022,29799,Myth of Mana,,,,,Hwailaluta,,,,,"Kaizo: Intermediate, Standard: Very Hard",,/?p=section&a=details&id=29799,,,['16a4a5ee95be25a83de548f64a324964178a91f1.bps'],['16a4a5ee95be25a83de548f64a324964178a91f1.json'],
,,14 Feb 2022,29804,Cheese Island,,,,,cardboardknoxmonkey,,,,,Standard: Easy,,/?p=section&a=details&id=29804,,,['8f3bdd6fc607c82621aeb2de45dc9863da860ad3.bps'],['8f3bdd6fc607c82621aeb2de45dc9863da860ad3.json'],
,,14 Feb 2022,29806,Jouhou,,,,,LightAligns,,,,,Kaizo: Intermediate,,/?p=section&a=details&id=29806,,,['db3a147716dad319c3038fbbaaba14f4cc64ca5f.bps'],['db3a147716dad319c3038fbbaaba14f4cc64ca5f.json'],
,,15 Feb 2022,29809,limonade world,,,,,alvinluis,,,,,Kaizo: Beginner,,/?p=section&a=details&id=29809,,,['00eece1c84e9b3421af37e65978afbf5272a2c99.bps'],['00eece1c84e9b3421af37e65978afbf5272a2c99.json'],
,,16 Feb 2022,29815,Tails Adventure,,,,,SWEET INK,,,,,"Standard: Hard, Kaizo: Beginner",,/?p=section&a=details&id=29815,,,['217665b0361a7254ae8b56c773d308b0e65c5617.bps'],['217665b0361a7254ae8b56c773d308b0e65c5617.json'],
,,16 Feb 2022,29816,No Villains,,,,,Magikey,,,,,Kaizo: Expert,,/?p=section&a=details&id=29816,,,['f615b44a5081299904745a84ed0a328abb0e61e6.bps'],['f615b44a5081299904745a84ed0a328abb0e61e6.json'],
,,17 Feb 2022,29828,Teo's Horrible World Hack,,,,,Teo Sim,,,,,Standard: Normal,,/?p=section&a=details&id=29828,,,['8880da8d405cbffb68b381b1b826b007e26746bd.bps'],['8880da8d405cbffb68b381b1b826b007e26746bd.json'],
,,17 Feb 2022,29829,Super Mario World - Uma Aventura Chaotica (Chaotic Adventure),,,,,Tiozinho,,,,,"Standard: Normal, Standard: Hard",,/?p=section&a=details&id=29829,,,"['c31c8432cffa7065c072fa18bb7599607bae0595.bps', '59d5a7ddca890f9d8af210e226f151f5030c21d4.bps']","['c31c8432cffa7065c072fa18bb7599607bae0595.json', '59d5a7ddca890f9d8af210e226f151f5030c21d4.json']",
,,17 Feb 2022,29836,Sif World,,,,,Erik_The_Swift,,,,,Kaizo: Intermediate,,/?p=section&a=details&id=29836,,,['0a7bd2b677ce7bed505e6d749d0ae055876eed55.bps'],['0a7bd2b677ce7bed505e6d749d0ae055876eed55.json'],
,,18 Feb 2022,29842,Super Mario World - Uma Aventura Chaotica (Chaotic Adventure),,,,,Tiozinho,,,,,"Standard: Normal, Standard: Hard",,/?p=section&a=details&id=29842,,,[],[],
,,19 Feb 2022,29850,Autumn,,,,,Morph Moth,,,,,Kaizo: Intermediate,,/?p=section&a=details&id=29850,,,['942b242063af0b6377c5e11bf33a534f06f8e856.bps'],['942b242063af0b6377c5e11bf33a534f06f8e856.json'],
,,20 Feb 2022,29899,The Friends We Made,,,,,Jibjig,,,,,Kaizo: Expert,,/?p=section&a=details&id=29899,,,['d905d37f407b72d6aacfd9d429ae0aee261a56be.bps'],['d905d37f407b72d6aacfd9d429ae0aee261a56be.json'],
,,20 Feb 2022,29900,Super LouisDoucet World,,,,,gui,,,,,Kaizo: Intermediate,,/?p=section&a=details&id=29900,,,['d024c0f24f0951187e120ec36b1cea19816be9d1.bps'],['d024c0f24f0951187e120ec36b1cea19816be9d1.json'],
,,20 Feb 2022,29904,The 11th Annual Vanilla Level Design Contest: Collaboration Hack,,,,,"AnEvilGhost, SMW Central, Stivi",,,,,Standard: Normal,,/?p=section&a=details&id=29904,,,['06e2c260369d0064925bae9bb9da7a6cbb042c10.bps'],['06e2c260369d0064925bae9bb9da7a6cbb042c10.json'],
,,21 Feb 2022,29920,The 11th Annual Vanilla Level Design Contest: Collaboration Hack,,,,,"AnEvilGhost, SMW Central, Stivi",,,,,Standard: Normal,,/?p=section&a=details&id=29920,,,['b6b2164886f36e183a0041f9e7efcbe7e78383ce.bps'],['b6b2164886f36e183a0041f9e7efcbe7e78383ce.json'],
,,21 Feb 2022,29921,The 11th Annual Vanilla Level Design Contest: Collaboration Hack,,,,,"AnEvilGhost, SMW Central, Stivi",,,,,Standard: Normal,,/?p=section&a=details&id=29921,,,['a1b2bd7634c1c4bfb8fec9178e703d9c5309e177.bps'],['a1b2bd7634c1c4bfb8fec9178e703d9c5309e177.json'],
,,22 Feb 2022,29930,The 11th Annual Vanilla Level Design Contest: Collaboration Hack,,,,,"AnEvilGhost, SMW Central, Stivi",,,,,Standard: Normal,,/?p=section&a=details&id=29930,,,['e714cc2596567eb1042d9404772cbb8ee209eaca.bps'],['e714cc2596567eb1042d9404772cbb8ee209eaca.json'],
,,25 Feb 2022,29960,mario em koopazone,,,,,tuni4v,,,,,Standard: Easy,,/?p=section&a=details&id=29960,,,"['8a5fb939c7a44e24970099206a804b7ba0b4c12c.bps', '8a5fb939c7a44e24970099206a804b7ba0b4c12c.bps']","['8a5fb939c7a44e24970099206a804b7ba0b4c12c.json', '8a5fb939c7a44e24970099206a804b7ba0b4c12c.json']",
,,26 Feb 2022,29974,SV Bounce World,,,,,"RenanSV, arantes",,,,,Kaizo: Expert,,/?p=section&a=details&id=29974,,,['e86a646c1bc37a88eef6c976b5a1fa4cb1868edf.bps'],['e86a646c1bc37a88eef6c976b5a1fa4cb1868edf.json'],
,,26 Feb 2022,29975,SV Bounce World,,,,,"RenanSV, arantes",,,,,Kaizo: Expert,,/?p=section&a=details&id=29975,,,['e86a646c1bc37a88eef6c976b5a1fa4cb1868edf.bps'],['e86a646c1bc37a88eef6c976b5a1fa4cb1868edf.json'],
,,28 Feb 2022,30001,Super Mario World - Uma Aventura Chaotica (Chaotic Adventure),,,,,Tiozinho,,,,,"Standard: Normal, Standard: Hard",,/?p=section&a=details&id=30001,,,"['55b1c761232c5f1c49d3af6b3d70ee127f0c3abe.bps', '0c314164cbeb512e56d3d9d628256d6fbc340e18.bps']","['55b1c761232c5f1c49d3af6b3d70ee127f0c3abe.json', '0c314164cbeb512e56d3d9d628256d6fbc340e18.json']",
,,28 Feb 2022,30002,UNSMW Mario o Aventureiro,,,,,Teaser,,,,,Standard: Normal,,/?p=section&a=details&id=30002,,,['478b758d96ecbd96490a2800e9d7619654011d8b.bps'],['478b758d96ecbd96490a2800e9d7619654011d8b.json'],
,,01 Mar 2022,30016,Super Big Super Shy World,,,,,TaddyMason74,,,,,"Standard: Hard, Kaizo: Beginner",,/?p=section&a=details&id=30016,,,['516a8bb4eb647029cfa4a1904cd1eb89b65e16df.bps'],['516a8bb4eb647029cfa4a1904cd1eb89b65e16df.json'],
,,01 Mar 2022,30019,super mario the two ways,,,,,vonitrix,,,,,Standard: Normal,,/?p=section&a=details&id=30019,,,['ba08dea018a23afb5c6a8cb7b7bfe1bb9f1e0c84.bps'],['ba08dea018a23afb5c6a8cb7b7bfe1bb9f1e0c84.json'],
,,04 Mar 2022,30052,Super Mario Bros: The Search for Oreo Cakesters,,,,,AppleBoy54321,,,,,Standard: Easy,,/?p=section&a=details&id=30052,,,['b50cbb1e156ddaf7d6988cbef1b8eca8dc1a53ce.bps'],['b50cbb1e156ddaf7d6988cbef1b8eca8dc1a53ce.json'],
,,05 Mar 2022,30064,Mega Mario World 2: Awakened Power,,,,,yoshi3706,,,,,Standard: Normal,,/?p=section&a=details&id=30064,,,['31c5ce8e5ab8a5dcdc2203402e7d45840eeab0b3.bps'],['31c5ce8e5ab8a5dcdc2203402e7d45840eeab0b3.json'],
,,07 Mar 2022,30079,Super Beco World 3,,,,,Adriel_Isaque,,,,,Kaizo: Intermediate,,/?p=section&a=details&id=30079,,,['40598600f3d7cd3644591b160cd66f80364dfe90.bps'],['40598600f3d7cd3644591b160cd66f80364dfe90.json'],
,,07 Mar 2022,30084,Backyard Kaizo,,,,,ninj,,,,,Kaizo: Intermediate,,/?p=section&a=details&id=30084,,,['7205671647c490414972f49ebd5bf14ed77d42b1.bps'],['7205671647c490414972f49ebd5bf14ed77d42b1.json'],
,,09 Mar 2022,30096,Troll Level A,,,,,Koll5,,,,,Misc.: Troll,,/?p=section&a=details&id=30096,,,['1742bf0b4b03259470850c1d7ce5457c7ff0f0a8.bps'],['1742bf0b4b03259470850c1d7ce5457c7ff0f0a8.json'],
,,09 Mar 2022,30103,Backyard Kaizo,,,,,ninj,,,,,Kaizo: Intermediate,,/?p=section&a=details&id=30103,,,['6deb24ef2f9874457ffc4869cfd670bf0322f0d2.bps'],['6deb24ef2f9874457ffc4869cfd670bf0322f0d2.json'],
,,11 Mar 2022,30114,return of mario,,,,,"chamander11, rp studios",,,,,Standard: Normal,,/?p=section&a=details&id=30114,,,['3f097b2304f3a91a5421560fb904dd61b7726520.bps'],['3f097b2304f3a91a5421560fb904dd61b7726520.json'],
,,11 Mar 2022,30117,RRr,,,,,Koll5,,,,,Standard: Easy,,/?p=section&a=details&id=30117,,,['46cae62e45fb889d40d36387730890c0948592f2.bps'],['46cae62e45fb889d40d36387730890c0948592f2.json'],
,,13 Mar 2022,30134,SIW Cruel or Cruel Edition,,,,,Daemontom,,,,,Tool-Assisted: Kaizo,,/?p=section&a=details&id=30134,,,['3152203f0a5993459b10836bdc1d77d2e9e1013f.bps'],['3152203f0a5993459b10836bdc1d77d2e9e1013f.json'],
,,14 Mar 2022,30135,The Reapers Shells 2,,,,,Deivid Borba,,,,,Kaizo: Intermediate,,/?p=section&a=details&id=30135,,,['cf65a2eb5b1715b1f9369d7dfacbccab558f11d8.bps'],['cf65a2eb5b1715b1f9369d7dfacbccab558f11d8.json'],
,,16 Mar 2022,30155,incredibous Shells,,,,,arantes,,,,,Kaizo: Expert,,/?p=section&a=details&id=30155,,,['e2aff9514ee176cbfd38e6362828ec6c6a3c3225.bps'],['e2aff9514ee176cbfd38e6362828ec6c6a3c3225.json'],
,,18 Mar 2022,30169,Short and Hard: A midair Shellhack v 1.0,,,,,kurtistrydiz,,,,,Kaizo: Expert,,/?p=section&a=details&id=30169,,,['e5b3a03f6e99eed4313f4d2f300700badb246c84.bps'],['e5b3a03f6e99eed4313f4d2f300700badb246c84.json'],
,,19 Mar 2022,30182,Brave New World,,,,,derv82,,,,,Kaizo: Expert,,/?p=section&a=details&id=30182,,,['d7e70477cb9e37afc48a562945137169c9387618.bps'],['d7e70477cb9e37afc48a562945137169c9387618.json'],
,,20 Mar 2022,30191,Way of the Tempest,,,,,gui,,,,,Kaizo: Expert,,/?p=section&a=details&id=30191,,,['522b13b49c9592b1ebabfc45304492cebe6a010f.bps'],['522b13b49c9592b1ebabfc45304492cebe6a010f.json'],
,,23 Mar 2022,30210,Project Yuuki,,,,,RetroYuuki,,,,,Standard: Normal,,/?p=section&a=details&id=30210,,,['25a70dfb0271383a9844d1a9d373448d876b0ef9.bps'],['25a70dfb0271383a9844d1a9d373448d876b0ef9.json'],
,,23 Mar 2022,30217,Aeron's Golden Cookie Quest,,,,,Anorakun,,,,,Standard: Very Hard,,/?p=section&a=details&id=30217,,,['ab99ec0cb7143172709041af847628392afc5688.bps'],['ab99ec0cb7143172709041af847628392afc5688.json'],
,,24 Mar 2022,30228,For Dan,,,,,GrumpyWalrus,,,,,"Kaizo: Intermediate, Misc.: Troll",,/?p=section&a=details&id=30228,,,['3e8e44b167ec3d6879d93842eafdfcb6cf1b9b8f.bps'],['3e8e44b167ec3d6879d93842eafdfcb6cf1b9b8f.json'],
,,25 Mar 2022,30239,Short and Hard: A midair Shellhack v 1.1,,,,,kurtistrydiz,,,,,Kaizo: Expert,,/?p=section&a=details&id=30239,,,['9a1b373cb9d644232da6f3f5b4e99198295c195e.bps'],['9a1b373cb9d644232da6f3f5b4e99198295c195e.json'],
,,27 Mar 2022,30249,Solitary Island,,,,,CogashiGarlic,,,,,Standard: Normal,,/?p=section&a=details&id=30249,,,['63edfb421962575f028c25911a4db42b49618171.bps'],['63edfb421962575f028c25911a4db42b49618171.json'],
,,27 Mar 2022,30253,Super Ningamer World,,,,,babyseal,,,,,Kaizo: Intermediate,,/?p=section&a=details&id=30253,,,['f4776dab167624a68161c664eeb7dd4c3ec28817.bps'],['f4776dab167624a68161c664eeb7dd4c3ec28817.json'],
,,28 Mar 2022,30261,Super Chambo World,,,,,chester_fields,,,,,Kaizo: Intermediate,,/?p=section&a=details&id=30261,,,['437bfccee0819a28dc6daa23f5c5da514f0e540e.bps'],['437bfccee0819a28dc6daa23f5c5da514f0e540e.json'],
,,30 Mar 2022,30297,Super Mario World - Mario's Expedition,,,,,Domokun007,,,,,"Standard: Hard, Standard: Very Hard",,/?p=section&a=details&id=30297,,,['141f6d6e420e22250787e11cc45007cf4281c0f8.bps'],['141f6d6e420e22250787e11cc45007cf4281c0f8.json'],
,,31 Mar 2022,30299,Musty,,,,,Meanguydave,,,,,Kaizo: Intermediate,,/?p=section&a=details&id=30299,,,['db88b71642cedce127dda557d881342d464ebeaa.bps'],['db88b71642cedce127dda557d881342d464ebeaa.json'],
,,31 Mar 2022,30306,Smw Uma Aventura Chaotica (Chaotic Adventure),,,,,Tiozinho,,,,,Standard: Normal,,/?p=section&a=details&id=30306,,,"['bd5a4916af2ec35c56c39ce22e57f1d8939d6c86.bps', '16d02358a8f648b034e638fbcff7e6150a7c0596.bps']","['bd5a4916af2ec35c56c39ce22e57f1d8939d6c86.json', '16d02358a8f648b034e638fbcff7e6150a7c0596.json']",
,,02 Apr 2022,30320,Aeron's Golden Cookie Quest,,,,,Anorakun,,,,,Standard: Very Hard,,/?p=section&a=details&id=30320,,,['800561669970b4700f8070497d13fa9876802b0d.bps'],['800561669970b4700f8070497d13fa9876802b0d.json'],
,,04 Apr 2022,30340,Super Mario World 3 Demo,,,,,odinthekoala,,,,,"Standard: Easy, Standard: Normal",,/?p=section&a=details&id=30340,,,['ad7fcf1b75e3fa163b44b2e308ee5d097af9834a.bps'],['ad7fcf1b75e3fa163b44b2e308ee5d097af9834a.json'],
,,04 Apr 2022,30342,Not Idol World,,,,,Idyllic,,,,,Kaizo: Expert,,/?p=section&a=details&id=30342,,,['a8aaf37ecd96262a1b8b9d493a76c562ce0eecf3.bps'],['a8aaf37ecd96262a1b8b9d493a76c562ce0eecf3.json'],
,,05 Apr 2022,30351,Not Idol World,,,,,Idyllic,,,,,Kaizo: Expert,,/?p=section&a=details&id=30351,,,['47588966c633a02f474aada8da59934446b9f795.bps'],['47588966c633a02f474aada8da59934446b9f795.json'],
,,06 Apr 2022,30362,Not Me World,,,,,Idyllic,,,,,Kaizo: Expert,,/?p=section&a=details&id=30362,,,['29d23d9e125a097091468aaf491742361ea6e561.bps'],['29d23d9e125a097091468aaf491742361ea6e561.json'],
,,06 Apr 2022,30379,The Epic Quest Of Birdo The Pink Dinosaur,,,,,AjaTheVampire,,,,,Standard: Hard,,/?p=section&a=details&id=30379,,,['b9b57ce1cb43712b0599ff22f96ac7765311e4f3.bps'],['b9b57ce1cb43712b0599ff22f96ac7765311e4f3.json'],
,,06 Apr 2022,30380,TmD,,,,,Kazefbr,,,,,Kaizo: Beginner,,/?p=section&a=details&id=30380,,,['d2eaeba2db866de52e81cfb28b2e40db6df8a18e.bps'],['d2eaeba2db866de52e81cfb28b2e40db6df8a18e.json'],
,,07 Apr 2022,30385,Lakitu's Great  Adventure (Updated Version),,,,,"Gamet2004, Re Guglia",,,,,Standard: Normal,,/?p=section&a=details&id=30385,,,['126889669eb00e873ca0f77243c069277bd4dc06.bps'],['126889669eb00e873ca0f77243c069277bd4dc06.json'],
,,12 Apr 2022,30467,Soup Land,,,,,ninj,,,,,Kaizo: Intermediate,,/?p=section&a=details&id=30467,,,['95402a52a4d0e4ccf62c1877eece29963bdaf136.bps'],['95402a52a4d0e4ccf62c1877eece29963bdaf136.json'],
,,12 Apr 2022,30468,TmD,,,,,Kazefbr,,,,,Kaizo: Beginner,,/?p=section&a=details&id=30468,,,['59c048d08412ca898b50e8972a1bfd8478ccf0bd.bps'],['59c048d08412ca898b50e8972a1bfd8478ccf0bd.json'],
,,15 Apr 2022,30512,RTA Abuse,,,,,Daemontom,,,,,Kaizo: Expert,,/?p=section&a=details&id=30512,,,['a3c1b981d619dd4226cbce2635de2046ebfddf86.bps'],['a3c1b981d619dd4226cbce2635de2046ebfddf86.json'],
,,15 Apr 2022,30513,Soup Land,,,,,ninj,,,,,Kaizo: Intermediate,,/?p=section&a=details&id=30513,,,['a9ad601ffa2801fa2948c80bc4663f0e5ccc5587.bps'],['a9ad601ffa2801fa2948c80bc4663f0e5ccc5587.json'],
,,15 Apr 2022,30517,Thumb Tacos World,,,,,Host00312,,,,,Standard: Very Hard,,/?p=section&a=details&id=30517,,,['72ab78e96982f2b7562a68b752e0a6baaf769ed7.bps'],['72ab78e96982f2b7562a68b752e0a6baaf769ed7.json'],
,,18 Apr 2022,30549,The unbearable lightness of being,,,,,Coockie1173,,,,,"Kaizo: Intermediate, Kaizo: Expert",,/?p=section&a=details&id=30549,,,['849d98ea2c7e37072c25f4f1f0997b5e08eeb9f0.bps'],['849d98ea2c7e37072c25f4f1f0997b5e08eeb9f0.json'],
,,18 Apr 2022,30550,TILIA,,,,,Neidave,,,,,Kaizo: Intermediate,,/?p=section&a=details&id=30550,,,['13c1f241aad5902df2726bb9674e75de68db3ba1.bps'],['13c1f241aad5902df2726bb9674e75de68db3ba1.json'],
,,20 Apr 2022,30562,The unbearable lightness of being,,,,,Coockie1173,,,,,Kaizo: Intermediate,,/?p=section&a=details&id=30562,,,['4c615ae51dac6f764fd3493d5eab5fb60466f7bb.bps'],['4c615ae51dac6f764fd3493d5eab5fb60466f7bb.json'],
,,20 Apr 2022,30575,TILIA,,,,,Neidave,,,,,Kaizo: Intermediate,,/?p=section&a=details&id=30575,,,['96817f695f51d0d07fb6e17a08831d64ed7ee391.bps'],['96817f695f51d0d07fb6e17a08831d64ed7ee391.json'],
,,21 Apr 2022,30576,TILIA,,,,,Neidave,,,,,Kaizo: Intermediate,,/?p=section&a=details&id=30576,,,['4fe8ae2a2fb52163bf7763046974391854aa5dfc.bps'],['4fe8ae2a2fb52163bf7763046974391854aa5dfc.json'],
,,22 Apr 2022,30598,Experiment,,,,,Koll5,,,,,Misc.: Troll,,/?p=section&a=details&id=30598,,,['3fe176a58d24cd067d174ed7221a56b835d7af66.bps'],['3fe176a58d24cd067d174ed7221a56b835d7af66.json'],
,,23 Apr 2022,30606,Total Jotary World,,,,,Narcologer,,,,,Standard: Normal,,/?p=section&a=details&id=30606,,,['3b30faf32b0503bfe949e5b939d742b34c572fde.bps'],['3b30faf32b0503bfe949e5b939d742b34c572fde.json'],
,,23 Apr 2022,30614,Imoto,,,,,NikSik1,,,,,"Kaizo: Intermediate, Standard: Very Hard",,/?p=section&a=details&id=30614,,,['4abc13b3403efc26d84ace54391a59698cf00233.bps'],['4abc13b3403efc26d84ace54391a59698cf00233.json'],
,,23 Apr 2022,30615,Jump Practice (For Beginners),,,,,Koll5,,,,,Standard: Easy,,/?p=section&a=details&id=30615,,,['82b150760edeb28f383042ef44b78bb578cb1fec.bps'],['82b150760edeb28f383042ef44b78bb578cb1fec.json'],
,,26 Apr 2022,30641,Super Slider World,,,,,ItIzEcks,,,,,Kaizo: Beginner,,/?p=section&a=details&id=30641,,,['33ed0fcb7b5c54aa830154bbcf74857c4bb8018b.bps'],['33ed0fcb7b5c54aa830154bbcf74857c4bb8018b.json'],
,,26 Apr 2022,30643,Super Slider World,,,,,ItIzEcks,,,,,Kaizo: Beginner,,/?p=section&a=details&id=30643,,,['306bb00f3da20b2f60f1a3e0e35c87942e35bafa.bps'],['306bb00f3da20b2f60f1a3e0e35c87942e35bafa.json'],
,,26 Apr 2022,30648,RTA Abuse,,,,,Daemontom,,,,,Tool-Assisted: Kaizo,,/?p=section&a=details&id=30648,,,['4acfab17069c47b4cfff56a987242b4fee5a1e14.bps'],['4acfab17069c47b4cfff56a987242b4fee5a1e14.json'],
,,27 Apr 2022,30651,Imoto,,,,,NikSik1,,,,,"Kaizo: Intermediate, Standard: Very Hard",,/?p=section&a=details&id=30651,,,['351acdab8954c59876deb35ddf6eeef2c72f50df.bps'],['351acdab8954c59876deb35ddf6eeef2c72f50df.json'],
,,27 Apr 2022,30652,Total Jotary World,,,,,Narcologer,,,,,Standard: Hard,,/?p=section&a=details&id=30652,,,['b7d84237bbcb1cd9b84785d07acf9b6a159f4240.bps'],['b7d84237bbcb1cd9b84785d07acf9b6a159f4240.json'],
,,27 Apr 2022,30653,The unbearable lightness of being 1.1,,,,,Coockie1173,,,,,Kaizo: Intermediate,,/?p=section&a=details&id=30653,,,"['4c615ae51dac6f764fd3493d5eab5fb60466f7bb.bps', '7f946df790e4d6c9b2f9c99aa2e3534b14d812d1.bps']","['4c615ae51dac6f764fd3493d5eab5fb60466f7bb.json', '7f946df790e4d6c9b2f9c99aa2e3534b14d812d1.json']",
,,27 Apr 2022,30654,Super LouisDoucet World,,,,,gui,,,,,Kaizo: Intermediate,,/?p=section&a=details&id=30654,,,['ab5f65b76dbd684010aecc6c3c5ba7f1ade4c791.bps'],['ab5f65b76dbd684010aecc6c3c5ba7f1ade4c791.json'],
,,28 Apr 2022,30660,Super Mario OWMS,,,,,BanzaiChuck,,,,,Kaizo: Intermediate,,/?p=section&a=details&id=30660,,,['e3ea7aedc00372d89824f95efca2b2bdc1e84878.bps'],['e3ea7aedc00372d89824f95efca2b2bdc1e84878.json'],
,,29 Apr 2022,30670,For Dan,,,,,GrumpyWalrus,,,,,Kaizo: Intermediate,,/?p=section&a=details&id=30670,,,['09f57b4df5f5801b3f32da9a18c883edbafc503a.bps'],['09f57b4df5f5801b3f32da9a18c883edbafc503a.json'],
,,29 Apr 2022,30674,Super Toshio World,,,,,megaBC333,,,,,Kaizo: Intermediate,,/?p=section&a=details&id=30674,,,['37adba83f575d88d69511255ea9796c462227708.bps'],['37adba83f575d88d69511255ea9796c462227708.json'],
,,29 Apr 2022,30678,CHI,,,,,MorrieTheMagpie,,,,,Kaizo: Beginner,,/?p=section&a=details&id=30678,,,['3f782075ba3323fbf320436571c2d6b556c420b6.bps'],['3f782075ba3323fbf320436571c2d6b556c420b6.json'],
,,29 Apr 2022,30679,Pixel's 1,,,,,Koll5,,,,,"Standard: Hard, Kaizo: Beginner",,/?p=section&a=details&id=30679,,,['a2e8431e6e2d023ff90be6d260e472d3f8c1abd1.bps'],['a2e8431e6e2d023ff90be6d260e472d3f8c1abd1.json'],
,,30 Apr 2022,30680,SA-1: Special Adventure - 1,,,,,Hayashi Neru,,,,,Standard: Hard,,/?p=section&a=details&id=30680,,,"['3cee88744f227eeda5bea8d635fcb8b3a90e2689.bps', '605f9185f39680ddf19cadd56b20d9c12ae7b4c3.bps', '816424edcb055b826c9e4b14b8e49304b25e5fe4.bps']","['3cee88744f227eeda5bea8d635fcb8b3a90e2689.json', '605f9185f39680ddf19cadd56b20d9c12ae7b4c3.json', '816424edcb055b826c9e4b14b8e49304b25e5fe4.json']",
,,30 Apr 2022,30684,Elysium Shells,,,,,Eryck,,,,,Kaizo: Intermediate,,/?p=section&a=details&id=30684,,,['b1ab19d63304e29083fdcbd1369e0ce42a90a2f4.bps'],['b1ab19d63304e29083fdcbd1369e0ce42a90a2f4.json'],
,,30 Apr 2022,30695,Get Busy Jumping Or Get Busy Dying,,,,,FalseCircus,,,,,Kaizo: Intermediate,,/?p=section&a=details&id=30695,,,['e93da45884268be419739cba369020d75d0cd277.bps'],['e93da45884268be419739cba369020d75d0cd277.json'],
,,30 Apr 2022,30696,Super Mario World: Seasonal Chaos!,,,,,Starman97,,,,,Standard: Easy,,/?p=section&a=details&id=30696,,,['14933daecceb102adc830ee09b05c9e703ee243c.bps'],['14933daecceb102adc830ee09b05c9e703ee243c.json'],
,,03 May 2022,30757,Mario Time Machine Done Right - Present Day Demo,,,,,Panik FLDV,,,,,Standard: Normal,,/?p=section&a=details&id=30757,,,['f76e0651e06c86ef166ee82fc08e1429b3d5ac2f.bps'],['f76e0651e06c86ef166ee82fc08e1429b3d5ac2f.json'],
,,03 May 2022,30818,Elysium Shells,,,,,Eryck,,,,,Kaizo: Intermediate,,/?p=section&a=details&id=30818,,,['0e30ec419263e856fa5be60b583e6c951385a914.bps'],['0e30ec419263e856fa5be60b583e6c951385a914.json'],
,,05 May 2022,30837,Incredibous Shells,,,,,arantes,,,,,Kaizo: Expert,,/?p=section&a=details&id=30837,,,['5574aa0b4dcea0429282ec302e3ea2ed4a1b78cc.bps'],['5574aa0b4dcea0429282ec302e3ea2ed4a1b78cc.json'],
,,06 May 2022,30843,RTA Abuse 2,,,,,Daemontom,,,,,Kaizo: Expert,,/?p=section&a=details&id=30843,,,['907bfed869233be2a84b3df06ab74b4bcb00c2c6.bps'],['907bfed869233be2a84b3df06ab74b4bcb00c2c6.json'],
,,06 May 2022,30844,Color Pixel 1,,,,,Koll5,,,,,Standard: Hard,,/?p=section&a=details&id=30844,,,['face2a40e760373f0301c899d86e8927c3b87d39.bps'],['face2a40e760373f0301c899d86e8927c3b87d39.json'],
,,07 May 2022,30851,Super Maaaaaaaaaaaaaa 1,,,,,i am a idiot,,,,,Misc.: Troll,,/?p=section&a=details&id=30851,,,['15a289a57a48d5aa92bcf6f9ba58990786877eeb.bps'],['15a289a57a48d5aa92bcf6f9ba58990786877eeb.json'],
,,08 May 2022,30854,TILIA,,,,,Neidave,,,,,Kaizo: Beginner,,/?p=section&a=details&id=30854,,,['794e7cc899ca776bf2ead6ccff8de879e7d3dd81.bps'],['794e7cc899ca776bf2ead6ccff8de879e7d3dd81.json'],
,,08 May 2022,30856,No Retreat No Surrender,,,,,Davey_Arcade,,,,,Kaizo: Beginner,,/?p=section&a=details&id=30856,,,['78bf746cf27ee72307a9b6bd5a5eb2feadb4a980.bps'],['78bf746cf27ee72307a9b6bd5a5eb2feadb4a980.json'],
,,08 May 2022,30866,Flying Without Style,,,,,"LouisDoucet, ageVerrly, le4che, milgrips",,,,,Kaizo: Expert,,/?p=section&a=details&id=30866,,,['4e1e45bcd652c82e1a375ecb38f060d13828fc33.bps'],['4e1e45bcd652c82e1a375ecb38f060d13828fc33.json'],
,,09 May 2022,30870,Incredibous Shells v1.1,,,,,arantes,,,,,Kaizo: Expert,,/?p=section&a=details&id=30870,,,['80eeb40174ccb4526518a690616d599a3d1731cd.bps'],['80eeb40174ccb4526518a690616d599a3d1731cd.json'],
,,09 May 2022,30871,"Kaiden, where's your head at??",,,,,Donut,,,,,"Standard: Hard, Misc.: Troll",,/?p=section&a=details&id=30871,,,['19a51a52da40d51802a13d2e953d92cc8d77f2bc.bps'],['19a51a52da40d51802a13d2e953d92cc8d77f2bc.json'],
,,20 Jun 2022,30932,Aeron's Golden Cookie Quest,,,,,Anorakun,,,,,Standard: Very Hard,,/?p=section&a=details&id=30932,,,['3a0e33a6429b6b6ba3e19acdb67287d9f249f23b.bps'],['3a0e33a6429b6b6ba3e19acdb67287d9f249f23b.json'],
,,20 Jun 2022,31075,island,,,,,Cally Cobble,,,,,Standard: Normal,,/?p=section&a=details&id=31075,,,['6971a79aa6d8d86af4e46ac736f386badcf8fbd5.bps'],['6971a79aa6d8d86af4e46ac736f386badcf8fbd5.json'],
,,20 Jun 2022,31136,Mario Rescues Summer,,,,,El Cuh Fermin,,,,,Standard: Normal,,/?p=section&a=details&id=31136,,,['97b1c0ed89a62c273f4cc0534be730c77e1617b9.bps'],['97b1c0ed89a62c273f4cc0534be730c77e1617b9.json'],
,,20 Jun 2022,31148,an adventure,,,,,Owen608,,,,,Kaizo: Beginner,,/?p=section&a=details&id=31148,,,['f414c636483f01a673abb599f73ff151b3f5d77a.bps'],['f414c636483f01a673abb599f73ff151b3f5d77a.json'],
,,20 Jun 2022,31169,Pirate Hack (Demo),,,,,Ziz,,,,,Standard: Hard,,/?p=section&a=details&id=31169,,,['a3ea40e7c6b096da8114bced280220516db1ba52.bps'],['a3ea40e7c6b096da8114bced280220516db1ba52.json'],
,,20 Jun 2022,31174,Steamboat Mario,,,,,Buzbee,,,,,Standard: Easy,,/?p=section&a=details&id=31174,,,['8ef7f08e668df8c263bbe2286950223a9aca51c1.bps'],['8ef7f08e668df8c263bbe2286950223a9aca51c1.json'],
,,20 Jun 2022,31196,Super Mario Gaia,,,,,grisu,,,,,Kaizo: Beginner,,/?p=section&a=details&id=31196,,,['66580a863f47f29ed54c73bcac8d7b3a61dc7ca1.bps'],['66580a863f47f29ed54c73bcac8d7b3a61dc7ca1.json'],
,,27 Jun 2022,31244,Upside-Down World,,,,,MarioIsTheBest1234,,,,,Kaizo: Beginner,,/?p=section&a=details&id=31244,,,['9d4b6354c98dfceb84535e0464cfd7962da64e68.bps'],['9d4b6354c98dfceb84535e0464cfd7962da64e68.json'],
,,28 Jun 2022,31249,The Green Plumber's Adventure: A Future Prequel,,,,,"TheCrazyBuzzyBeetle, TheOrangeToad",,,,,Standard: Normal,,/?p=section&a=details&id=31249,,,['2aafec3fd88e43df4b70ef2e86a5c059820a9f6c.bps'],['2aafec3fd88e43df4b70ef2e86a5c059820a9f6c.json'],
,,29 Jun 2022,31250,The Green Plumber's Adventure: A Future Prequel,,,,,"TheCrazyBuzzyBeetle, TheOrangeToad",,,,,Standard: Normal,,/?p=section&a=details&id=31250,,,['e1894b4d5bd8fcf657b9466de2ed0007ef21cea7.bps'],['e1894b4d5bd8fcf657b9466de2ed0007ef21cea7.json'],
,,29 Jun 2022,31252,The Green Plumber's Adventure: A Future Prequel,,,,,"TheCrazyBuzzyBeetle, TheOrangeToad",,,,,Standard: Normal,,/?p=section&a=details&id=31252,,,['28a35f99d6b38d5cc68f23d4b2a3f143c6a2325c.bps'],['28a35f99d6b38d5cc68f23d4b2a3f143c6a2325c.json'],
,,30 Jun 2022,31253,Gold Yoshi's Unfinished Hack (Demo),,,,,Gold Yoshi,,,,,Standard: Normal,,/?p=section&a=details&id=31253,,,['2c22c3193b8d90a2f8b99447aebf988ed7703910.bps'],['2c22c3193b8d90a2f8b99447aebf988ed7703910.json'],
,,01 Jul 2022,31264,Legends of the Hidden Thwimple,,,,,None,,,,,None,,/?p=section&a=details&id=31264,,,['7b961aae5003199de72ba2fb0bedb25744affd78.bps'],['7b961aae5003199de72ba2fb0bedb25744affd78.json'],
,,05 Jul 2022,31290,Shattered Mario World,,,,,None,,,,,None,,/?p=section&a=details&id=31290,,,['edb440b9cb5519a4ea4c245f2851176d7dd548bd.bps'],['edb440b9cb5519a4ea4c245f2851176d7dd548bd.json'],
,,06 Jul 2022,31291,Silver level pack,,,,,None,,,,,None,,/?p=section&a=details&id=31291,,,['7414c0ecd042f9b44fa3c3ed7ffffd363ee23fd9.bps'],['7414c0ecd042f9b44fa3c3ed7ffffd363ee23fd9.json'],
,,06 Jul 2022,31292,Cool or Cruel Makjang Remake,,,,,None,,,,,None,,/?p=section&a=details&id=31292,,,['22fe51bc1759f36760ba29ef1fda04885b0e85d7.bps'],['22fe51bc1759f36760ba29ef1fda04885b0e85d7.json'],
,,06 Jul 2022,31293,Imoto,,,,,None,,,,,None,,/?p=section&a=details&id=31293,,,['2d6b10b60ee15248186b59c44b2104545555895e.bps'],['2d6b10b60ee15248186b59c44b2104545555895e.json'],
,,07 Jul 2022,31303,The Green Plumber's Adventure: A Future Prequel,,,,,None,,,,,None,,/?p=section&a=details&id=31303,,,['56aa6265f51923f2c01847cbd736579a3ff7677e.bps'],['56aa6265f51923f2c01847cbd736579a3ff7677e.json'],
,,07 Jul 2022,31304,The Green Plumber's Adventure: A Future Prequel,,,,,None,,,,,None,,/?p=section&a=details&id=31304,,,['c6bac00abd106b7bbb233a0f39727dc9c64a797a.bps'],['c6bac00abd106b7bbb233a0f39727dc9c64a797a.json'],
,,07 Jul 2022,31305,The Green Plumber's Adventure: A Future Prequel,,,,,None,,,,,None,,/?p=section&a=details&id=31305,,,['e40eefea4bc7cb8e09d1c6c4d96ef38cff12b96f.bps'],['e40eefea4bc7cb8e09d1c6c4d96ef38cff12b96f.json'],
,,08 Jul 2022,31308,The Green Plumber's Adventure: A Future Prequel,,,,,None,,,,,None,,/?p=section&a=details&id=31308,,,['94625684ac9c88cd83c293dfc37b9be090321895.bps'],['94625684ac9c88cd83c293dfc37b9be090321895.json'],
,,08 Jul 2022,31309,Super Mario World: National Tour - C3 Demo 2,,,,,None,,,,,None,,/?p=section&a=details&id=31309,,,['5b6c46d52f0fec7031f4d91a401d9b22dc7b7497.bps'],['5b6c46d52f0fec7031f4d91a401d9b22dc7b7497.json'],
,,08 Jul 2022,31314,Super Mario 16,,,,,None,,,,,None,,/?p=section&a=details&id=31314,,,['ea93a089dd2431ac73726d80ec298fc362bae921.bps'],['ea93a089dd2431ac73726d80ec298fc362bae921.json'],
,,08 Jul 2022,31316,TILIA 2.0,,,,,None,,,,,None,,/?p=section&a=details&id=31316,,,['e6cf417405d8faa96cdd65bbd1928f082c3b4e56.bps'],['e6cf417405d8faa96cdd65bbd1928f082c3b4e56.json'],
,,08 Jul 2022,31336,SV Bounce World 2,,,,,None,,,,,None,,/?p=section&a=details&id=31336,,,['9d79363c3f90c1b50c9342811eb5a64dc3d3d6ec.bps'],['9d79363c3f90c1b50c9342811eb5a64dc3d3d6ec.json'],
,,09 Jul 2022,31351,Super Marisa Adventure World 2 - Mari Mari Back Forward Around (C3 Summer Demo),,,,,None,,,,,None,,/?p=section&a=details&id=31351,,,['38d60fd751f031b6d564bce303f96ea47b6a7465.bps'],['38d60fd751f031b6d564bce303f96ea47b6a7465.json'],
,,09 Jul 2022,31354,The Night Begins To Shine,,,,,None,,,,,None,,/?p=section&a=details&id=31354,,,['622578f201b48e322f193169c40837d583ccddbb.bps'],['622578f201b48e322f193169c40837d583ccddbb.json'],
,,10 Jul 2022,31379,Reset Game,,,,,None,,,,,None,,/?p=section&a=details&id=31379,,,['c5cb3db7914f7e1b043cd41427db5ea45074b1b9.bps'],['c5cb3db7914f7e1b043cd41427db5ea45074b1b9.json'],
,,10 Jul 2022,31392,Super Mario World: Inside Jesse's Brain,,,,,None,,,,,None,,/?p=section&a=details&id=31392,,,['59394b0e65c24b60d6db63c613f407093ab7262b.bps'],['59394b0e65c24b60d6db63c613f407093ab7262b.json'],
,,11 Jul 2022,31398,Insouciant Mario,,,,,None,,,,,None,,/?p=section&a=details&id=31398,,,['5f5e8f9f3c13842446790753e23ccc47e4f28ab5.bps'],['5f5e8f9f3c13842446790753e23ccc47e4f28ab5.json'],
,,14 Jul 2022,31451,Super Mario World: The Berry Hunt Demo,,,,,None,,,,,None,,/?p=section&a=details&id=31451,,,['f080eee807884961d3acbd7e54be1ab2c440b6c6.bps'],['f080eee807884961d3acbd7e54be1ab2c440b6c6.json'],
,,15 Jul 2022,31471,Super Reimu World Return To Hack,,,,,None,,,,,None,,/?p=section&a=details&id=31471,,,['1c0c5b36b043cfe16e9aca909b15485758c83f53.bps'],['1c0c5b36b043cfe16e9aca909b15485758c83f53.json'],
,,17 Jul 2022,31523,Insouciant Mario,,,,,None,,,,,None,,/?p=section&a=details&id=31523,,,['d8481d0afb25809c8d3e0b6410de2277d05a1cc7.bps'],['d8481d0afb25809c8d3e0b6410de2277d05a1cc7.json'],
,,17 Jul 2022,31546,RTA Pit,,,,,None,,,,,None,,/?p=section&a=details&id=31546,,,['1936f06e71c7013e5c7c00dae6f68dcb9b02ef7e.bps'],['1936f06e71c7013e5c7c00dae6f68dcb9b02ef7e.json'],
,,18 Jul 2022,31553,SMW with Levels from NSMB,,,,,None,,,,,None,,/?p=section&a=details&id=31553,,,['7825c6e6e582456bbfd4a8077eceaa34abf94f9a.bps'],['7825c6e6e582456bbfd4a8077eceaa34abf94f9a.json'],
,,20 Jul 2022,31568,Super Adventure Island,,,,,None,,,,,None,,/?p=section&a=details&id=31568,,,['0eb21b7069a55e02c7cfeeb812453276365222e9.bps'],['0eb21b7069a55e02c7cfeeb812453276365222e9.json'],
,,20 Jul 2022,31573,Super Mario 16 (Unfinished),,,,,None,,,,,None,,/?p=section&a=details&id=31573,,,['f687b4cab289d5ae6a48956f7a2784b4440828d9.bps'],['f687b4cab289d5ae6a48956f7a2784b4440828d9.json'],
,,20 Jul 2022,31576,RTA Pit,,,,,None,,,,,None,,/?p=section&a=details&id=31576,,,['1936f06e71c7013e5c7c00dae6f68dcb9b02ef7e.bps'],['1936f06e71c7013e5c7c00dae6f68dcb9b02ef7e.json'],
,,21 Jul 2022,31597,Super Adventure Island,,,,,None,,,,,None,,/?p=section&a=details&id=31597,,,['6c551ded90927fe93393f01658136728e55cf341.bps'],['6c551ded90927fe93393f01658136728e55cf341.json'],
,,22 Jul 2022,31605,"BeginningBrew - Super ""Real"" World",,,,,None,,,,,None,,/?p=section&a=details&id=31605,,,['140c408a1565b9951325987a81aded96b1516495.bps'],['140c408a1565b9951325987a81aded96b1516495.json'],
,,22 Jul 2022,31606,Reset Game,,,,,None,,,,,None,,/?p=section&a=details&id=31606,,,['624ca354b6b891a9245e8cbc5f9da64f7b179773.bps'],['624ca354b6b891a9245e8cbc5f9da64f7b179773.json'],
,,23 Jul 2022,31612,When The            The Hack (DEMO V0.1),,,,,None,,,,,None,,/?p=section&a=details&id=31612,,,['b3a7b6e319c6fcff50a075222b3bbf9668fb72d5.bps'],['b3a7b6e319c6fcff50a075222b3bbf9668fb72d5.json'],
,,23 Jul 2022,31614,"BeginningBrew - Super ""Real"" World",,,,,None,,,,,None,,/?p=section&a=details&id=31614,,,['665399a0fb483501b2aead46200d1a039e9c7497.bps'],['665399a0fb483501b2aead46200d1a039e9c7497.json'],
,,25 Jul 2022,31646,Super Mario: Very Light Kaizo,,,,,None,,,,,None,,/?p=section&a=details&id=31646,,,['aae204a2e0f371ff989b47fabc5181860919d160.bps'],['aae204a2e0f371ff989b47fabc5181860919d160.json'],
,,27 Jul 2022,31657,Super Peach World,,,,,None,,,,,None,,/?p=section&a=details&id=31657,,,['ead76509a7bcc44b1b61373ed290fe86472262b4.bps'],['ead76509a7bcc44b1b61373ed290fe86472262b4.json'],
,,27 Jul 2022,31658,Super Adventure Island,,,,,None,,,,,None,,/?p=section&a=details&id=31658,,,['a41ca4b06ebe6cfba7a2040124cb52ce95bcdd5c.bps'],['a41ca4b06ebe6cfba7a2040124cb52ce95bcdd5c.json'],
,,30 Jul 2022,31706,Imoto,,,,,None,,,,,None,,/?p=section&a=details&id=31706,,,['9b40c5d6878ae63dab99c575f784ad7a6f8bf2bc.bps'],['9b40c5d6878ae63dab99c575f784ad7a6f8bf2bc.json'],
,,02 Aug 2022,31727,Secret Agent Mario,,,,,None,,,,,None,,/?p=section&a=details&id=31727,,,['1799bb13a136ad024224ff2f81d1294526c1929b.bps'],['1799bb13a136ad024224ff2f81d1294526c1929b.json'],
,,06 Aug 2022,31769,Secret Agent Mario,,,,,None,,,,,None,,/?p=section&a=details&id=31769,,,['495291f67c3adc85300e90ca13c44630c1752d10.bps'],['495291f67c3adc85300e90ca13c44630c1752d10.json'],
,,06 Aug 2022,31772,Blooper Stole My Cake,,,,,None,,,,,None,,/?p=section&a=details&id=31772,,,['7efb80c125ec38d2847b690e02e1c69fe9264fc0.bps'],['7efb80c125ec38d2847b690e02e1c69fe9264fc0.json'],
,,08 Aug 2022,31784,Super Video World,,,,,None,,,,,None,,/?p=section&a=details&id=31784,,,['8ee73296c0a428f8fc60aedce21a04671b815be1.bps'],['8ee73296c0a428f8fc60aedce21a04671b815be1.json'],
,,09 Aug 2022,31790,Silver level pack,,,,,None,,,,,None,,/?p=section&a=details&id=31790,,,['2355b84f73d8cee9120753ad033638c7010ff080.bps'],['2355b84f73d8cee9120753ad033638c7010ff080.json'],
,,09 Aug 2022,31795,Separate Ways,,,,,None,,,,,None,,/?p=section&a=details&id=31795,,,['1f9f5f1b8bef7f437b169ff098f2b20090f54960.bps'],['1f9f5f1b8bef7f437b169ff098f2b20090f54960.json'],
,,10 Aug 2022,31799,Harder -More midairs,,,,,None,,,,,None,,/?p=section&a=details&id=31799,,,['1ca0b7262f169cd12ab3fa22a394ed0cbc6d54de.bps'],['1ca0b7262f169cd12ab3fa22a394ed0cbc6d54de.json'],
,,11 Aug 2022,31807,Super Yoshi World,,,,,None,,,,,None,,/?p=section&a=details&id=31807,,,['a7442536400080546f7ed4d7223040811126b2e3.bps'],['a7442536400080546f7ed4d7223040811126b2e3.json'],
,,11 Aug 2022,31813,SMWOSDIver.1.2 Raccoon Deluxe Demo,,,,,None,,,,,None,,/?p=section&a=details&id=31813,,,['59b0a738473db7c81c47dd10c374f08f2d2e052c.bps'],['59b0a738473db7c81c47dd10c374f08f2d2e052c.json'],
,,12 Aug 2022,31822,Capirotada Land,,,,,None,,,,,None,,/?p=section&a=details&id=31822,,,['4911a623d2c3be49cf93a7098ebe4f5dbe1f86a0.bps'],['4911a623d2c3be49cf93a7098ebe4f5dbe1f86a0.json'],
,,17 Aug 2022,31861,Matemática Mario,,,,,None,,,,,None,,/?p=section&a=details&id=31861,,,['dd16141504a9ce4539634053e240267550cd63d8.bps'],['dd16141504a9ce4539634053e240267550cd63d8.json'],
,,18 Aug 2022,31867,A FIP,,,,,None,,,,,None,,/?p=section&a=details&id=31867,,,['d480b6d894de18c59d9b1e231bf14998eabe1de2.bps'],['d480b6d894de18c59d9b1e231bf14998eabe1de2.json'],
,,18 Aug 2022,31872,Capirotada Land 1.4,,,,,None,,,,,None,,/?p=section&a=details&id=31872,,,['f5ed3a1b8f117a582f851405a4de0cb4a0571b4a.bps'],['f5ed3a1b8f117a582f851405a4de0cb4a0571b4a.json'],
,,19 Aug 2022,31876,The Sweet Sweet Love Forever,,,,,None,,,,,None,,/?p=section&a=details&id=31876,,,['d7bbcc66835131324a9fc81c7ab9ee82e2e62ae5.bps'],['d7bbcc66835131324a9fc81c7ab9ee82e2e62ae5.json'],
,,20 Aug 2022,31890,BokoBoko 1 (Smw remaster),,,,,None,,,,,None,,/?p=section&a=details&id=31890,,,['0debc54cf33a32073e7a7418364de3fc12ed64b8.bps'],['0debc54cf33a32073e7a7418364de3fc12ed64b8.json'],
,,22 Aug 2022,31919,Super Yoshi World,,,,,None,,,,,None,,/?p=section&a=details&id=31919,,,['98c449f112f1b60196bd7582f320faa8358e8256.bps'],['98c449f112f1b60196bd7582f320faa8358e8256.json'],
,,22 Aug 2022,31920,Patrick Bateman's Revenge,,,,,None,,,,,None,,/?p=section&a=details&id=31920,,,['c0c39c422666f6c1f454854b434f14fe1c38d87b.bps'],['c0c39c422666f6c1f454854b434f14fe1c38d87b.json'],
,,22 Aug 2022,31921,Daemon Land 3,,,,,None,,,,,None,,/?p=section&a=details&id=31921,,,['f29fcb479a8178edc888cce4a3915d95e9ae8cf9.bps'],['f29fcb479a8178edc888cce4a3915d95e9ae8cf9.json'],
,,23 Aug 2022,31929,Shadow And The Evil Lakitu,,,,,None,,,,,None,,/?p=section&a=details&id=31929,,,['91975835a18b46f7f7faf5e98cfa4200fb1945a6.bps'],['91975835a18b46f7f7faf5e98cfa4200fb1945a6.json'],
,,24 Aug 2022,31940,Super Mario Lost World,,,,,None,,,,,None,,/?p=section&a=details&id=31940,,,['c4fec6198785445ef517a0a9c97bfd3686476967.bps'],['c4fec6198785445ef517a0a9c97bfd3686476967.json'],
,,27 Aug 2022,31964,The Ol'. Switcheroo,,,,,None,,,,,None,,/?p=section&a=details&id=31964,,,['8d9021d0f3eb904cc992c12c5797f3df14892778.bps'],['8d9021d0f3eb904cc992c12c5797f3df14892778.json'],
,,29 Aug 2022,31988,Newer Super Mario World,,,,,None,,,,,None,,/?p=section&a=details&id=31988,,,['69f89972b1d4f64e37bd1d31b7185c203d7bd750.bps'],['69f89972b1d4f64e37bd1d31b7185c203d7bd750.json'],
,,29 Aug 2022,31990,No Biggie World,,,,,None,,,,,None,,/?p=section&a=details&id=31990,,,['d5c3eef0202ad7659379df29c3673e8730c20a5f.bps'],['d5c3eef0202ad7659379df29c3673e8730c20a5f.json'],
,,31 Aug 2022,32004,Super King Jay World,,,,,None,,,,,None,,/?p=section&a=details&id=32004,,,['03e97186e7f21f1fc295753b3e3368c0607f1c1f.bps'],['03e97186e7f21f1fc295753b3e3368c0607f1c1f.json'],
,,07 Sep 2022,32071,Coffee & TV,,,,,None,,,,,None,,/?p=section&a=details&id=32071,,,['f9328bebf88f153806f45b9880f8ef2bf2159424.bps'],['f9328bebf88f153806f45b9880f8ef2bf2159424.json'],
,,08 Sep 2022,32077,Mario goes on a adventure for aparently no reason,,,,,None,,,,,None,,/?p=section&a=details&id=32077,,,['458741429a92b5fc2e54a5cf1a4d97cc4c6050a0.bps'],['458741429a92b5fc2e54a5cf1a4d97cc4c6050a0.json'],
,,09 Sep 2022,32085,Super Mario Legends - The 7 Dragon Eggs,,,,,None,,,,,None,,/?p=section&a=details&id=32085,,,['bab50181b00b6acde0c9eecbe1f37a49a8a6a159.bps'],['bab50181b00b6acde0c9eecbe1f37a49a8a6a159.json'],
,,11 Sep 2022,32093,Super Don Karma World: Flusak's adventure,,,,,None,,,,,None,,/?p=section&a=details&id=32093,,,['a215b920026c474d656ce19d5141979ca7238de0.bps'],['a215b920026c474d656ce19d5141979ca7238de0.json'],
,,13 Sep 2022,32106,Mario goes to Wendy's,,,,,None,,,,,None,,/?p=section&a=details&id=32106,,,['097dc90869c4e9769303ee8e37c37feb7ed9feae.bps'],['097dc90869c4e9769303ee8e37c37feb7ed9feae.json'],
,,15 Sep 2022,32121,Mario Saves the Forest,,,,,None,,,,,None,,/?p=section&a=details&id=32121,,,['453ceeacba6a972428aa700d511a4d56f384b701.bps'],['453ceeacba6a972428aa700d511a4d56f384b701.json'],
,,16 Sep 2022,32128,Super Mario World - Trapped in Bowserland.,,,,,None,,,,,None,,/?p=section&a=details&id=32128,,,['94709cb938f785b7db3f2fb4e1d1c9d272d4a7b7.bps'],['94709cb938f785b7db3f2fb4e1d1c9d272d4a7b7.json'],
,,16 Sep 2022,32129,Super Mario World - Trapped in Bowserland.,,,,,None,,,,,None,,/?p=section&a=details&id=32129,,,['2eca70192d1e06c153709f46ee4b19f49bfb630c.bps'],['2eca70192d1e06c153709f46ee4b19f49bfb630c.json'],
,,17 Sep 2022,32141,Elements,,,,,None,,,,,None,,/?p=section&a=details&id=32141,,,['088d920519e2ac6a9048618c1ecee7ad5942d3a6.bps'],['088d920519e2ac6a9048618c1ecee7ad5942d3a6.json'],
,,20 Sep 2022,32159,good old days,,,,,None,,,,,None,,/?p=section&a=details&id=32159,,,['b4010b7dcadf74388f1d4535c6f587127ad84c41.bps'],['b4010b7dcadf74388f1d4535c6f587127ad84c41.json'],
,,23 Sep 2022,32183,Gambol,,,,,None,,,,,None,,/?p=section&a=details&id=32183,,,['811f81baf1bd4bc005dea360c961f95e4d66ac90.bps'],['811f81baf1bd4bc005dea360c961f95e4d66ac90.json'],
,,24 Sep 2022,32199,Elements v1.1,,,,,None,,,,,None,,/?p=section&a=details&id=32199,,,['68c8015e5232620f52c6a391de72708cda7c4835.bps'],['68c8015e5232620f52c6a391de72708cda7c4835.json'],
,,24 Sep 2022,32201,Lakitu's Great  Adventure 2,,,,,None,,,,,None,,/?p=section&a=details&id=32201,,,['9f267bdcac3cc7a90a0982bf198d39dd1daa8728.bps'],['9f267bdcac3cc7a90a0982bf198d39dd1daa8728.json'],
,,24 Sep 2022,32202,Sonic Cd SNES Version *DEMO*,,,,,None,,,,,None,,/?p=section&a=details&id=32202,,,['68f7d08362b09741fa94997b6395895241371773.bps'],['68f7d08362b09741fa94997b6395895241371773.json'],
,,26 Sep 2022,32217,Shallow Pits 2,,,,,None,,,,,None,,/?p=section&a=details&id=32217,,,['c24a6a8acb41b3b1ad659bec89a48dee073fadac.bps'],['c24a6a8acb41b3b1ad659bec89a48dee073fadac.json'],
,,28 Sep 2022,32230,Minta's Winter Escapade,,,,,None,,,,,None,,/?p=section&a=details&id=32230,,,['0be7a341794cdbefd094fcb449cee0eeece0eaee.bps'],['0be7a341794cdbefd094fcb449cee0eeece0eaee.json'],
,,04 Oct 2022,32278,Sonic Cd SNES Version *DEMO*,,,,,None,,,,,None,,/?p=section&a=details&id=32278,,,['9675166bf9c409043ccd0326ec9e76fee7a9c0de.bps'],['9675166bf9c409043ccd0326ec9e76fee7a9c0de.json'],
,,04 Oct 2022,32281,Newer Super Mario World,,,,,None,,,,,None,,/?p=section&a=details&id=32281,,,['69f89972b1d4f64e37bd1d31b7185c203d7bd750.bps'],['69f89972b1d4f64e37bd1d31b7185c203d7bd750.json'],
,,07 Oct 2022,32300,Harder - More Midairs v.1.1,,,,,None,,,,,None,,/?p=section&a=details&id=32300,,,['af8172753ee2d4760d915f26a8673a7e9c32ca57.bps'],['af8172753ee2d4760d915f26a8673a7e9c32ca57.json'],
,,10 Oct 2022,32316,Super Mario Mania,,,,,None,,,,,None,,/?p=section&a=details&id=32316,,,['4574e20ab087002d61a37e0fd0307fee75783b9a.bps'],['4574e20ab087002d61a37e0fd0307fee75783b9a.json'],
,,11 Oct 2022,32329,4th Chamber,,,,,None,,,,,None,,/?p=section&a=details&id=32329,,,['663e8b1f65c00b9b235f9de71178a718db684b16.bps'],['663e8b1f65c00b9b235f9de71178a718db684b16.json'],
,,14 Oct 2022,32337,Super Mario Mania 1.1 (buggy),,,,,None,,,,,None,,/?p=section&a=details&id=32337,,,['2cdbee75e9b85d750f363fda280ba89a84f5325a.bps'],['2cdbee75e9b85d750f363fda280ba89a84f5325a.json'],
,,15 Oct 2022,32348,Acid Tapes Vol. 1,,,,,None,,,,,None,,/?p=section&a=details&id=32348,,,['9e93fd1ef29cccd3bee217b34f683448c4395e25.bps'],['9e93fd1ef29cccd3bee217b34f683448c4395e25.json'],
,,15 Oct 2022,32350,Super Minecraft World,,,,,None,,,,,None,,/?p=section&a=details&id=32350,,,['1dc971825718629148978a25323344bd65c61db7.bps'],['1dc971825718629148978a25323344bd65c61db7.json'],
,,15 Oct 2022,32353,HUMP submission,,,,,None,,,,,None,,/?p=section&a=details&id=32353,,,['ec3e9c51e8c222b0ceb7c7f7c0ba056096c3482d.bps'],['ec3e9c51e8c222b0ceb7c7f7c0ba056096c3482d.json'],
,,15 Oct 2022,32356,Super Wario World,,,,,None,,,,,None,,/?p=section&a=details&id=32356,,,['1518879057683bb67f9bf29e8ab3df41b21f2602.bps'],['1518879057683bb67f9bf29e8ab3df41b21f2602.json'],
,,17 Oct 2022,32376,SMW Minha Geracao,,,,,None,,,,,None,,/?p=section&a=details&id=32376,,,"['14fc7a913ddd6be5054c462967e8d2b2a00876de.bps', 'f69f3d7d0c723f1eadbae515d0041f40320c1099.bps']","['14fc7a913ddd6be5054c462967e8d2b2a00876de.json', 'f69f3d7d0c723f1eadbae515d0041f40320c1099.json']",
,,21 Oct 2022,32408,The 12th Annual Vanilla Level Design Contest: Collaboration Hack,,,,,None,,,,,None,,/?p=section&a=details&id=32408,,,['6fb3f621223140c431c8f0747513dba7389a81f8.bps'],['6fb3f621223140c431c8f0747513dba7389a81f8.json'],
,,22 Oct 2022,32421,Quest for milk,,,,,None,,,,,None,,/?p=section&a=details&id=32421,,,['0e6e8def624af9b5e1a8f60dc85787a25ec6b83a.bps'],['0e6e8def624af9b5e1a8f60dc85787a25ec6b83a.json'],
,,23 Oct 2022,32432,RTA Pit,,,,,None,,,,,None,,/?p=section&a=details&id=32432,,,['923a2168faa0878c3aed9bd9a6a35ca283a06934.bps'],['923a2168faa0878c3aed9bd9a6a35ca283a06934.json'],
,,26 Oct 2022,32452,"The Mean, Green, Mushroom Machine DEMO V0",,,,,None,,,,,None,,/?p=section&a=details&id=32452,,,['24d33058e07abb6ae077b6d7bce1987d94e35367.bps'],['24d33058e07abb6ae077b6d7bce1987d94e35367.json'],
,,30 Oct 2022,32473,DADDY,,,,,None,,,,,None,,/?p=section&a=details&id=32473,,,['45a032517b38aa386cc146477ac96d076759b1fb.bps'],['45a032517b38aa386cc146477ac96d076759b1fb.json'],
,,31 Oct 2022,32482,Mario is too casual,,,,,None,,,,,None,,/?p=section&a=details&id=32482,,,['cb055965f91fa1a107bf69c0edc05502a6c8a2bf.bps'],['cb055965f91fa1a107bf69c0edc05502a6c8a2bf.json'],
,,02 Nov 2022,32502,Super Mario World - The Forbidden Sewers,,,,,None,,,,,None,,/?p=section&a=details&id=32502,,,['15e291ddee40466010ca0556810820a75c3fe815.bps'],['15e291ddee40466010ca0556810820a75c3fe815.json'],
,,03 Nov 2022,32509,Lucky,,,,,None,,,,,None,,/?p=section&a=details&id=32509,,,['26624925fe762b1caf6b891e24399705867cb66e.bps'],['26624925fe762b1caf6b891e24399705867cb66e.json'],
,,05 Nov 2022,32523,Hey There Mario!,,,,,None,,,,,None,,/?p=section&a=details&id=32523,,,['9b2d5b80a2a7b6e4ffdcf5df99434bd8be2165cf.bps'],['9b2d5b80a2a7b6e4ffdcf5df99434bd8be2165cf.json'],
,,05 Nov 2022,32524,"The Mean, Green, Mushroom Machine DEMO V1",,,,,None,,,,,None,,/?p=section&a=details&id=32524,,,['83ca214ea4ca9bb33cb6c84ea3fc9949f8d289c3.bps'],['83ca214ea4ca9bb33cb6c84ea3fc9949f8d289c3.json'],
,,09 Nov 2022,32549,Super Krizeth World,,,,,None,,,,,None,,/?p=section&a=details&id=32549,,,"['0c4fff65db023c99d8392ebc4b819028337422c7.bps', 'fd71c410fc5873ed97ab65911ffe9256fbb5e3d7.bps']","['0c4fff65db023c99d8392ebc4b819028337422c7.json', 'fd71c410fc5873ed97ab65911ffe9256fbb5e3d7.json']",
,,12 Nov 2022,32560,A short Journey,,,,,None,,,,,None,,/?p=section&a=details&id=32560,,,['6055598a854672a0fbdb03295b9a4b14baef613b.bps'],['6055598a854672a0fbdb03295b9a4b14baef613b.json'],
,,14 Nov 2022,32573,Super Krizeth World,,,,,None,,,,,None,,/?p=section&a=details&id=32573,,,"['d0d216397416a1aca82ded9de11ac249d6bc6e58.bps', '0e27415ce0aaceeb7410c53778f79b06f2bd665f.bps']","['d0d216397416a1aca82ded9de11ac249d6bc6e58.json', '0e27415ce0aaceeb7410c53778f79b06f2bd665f.json']",
,,21 Nov 2022,32599,Super Mario World The Lost Adventure Episode I REMASTERED,,,,,None,,,,,None,,/?p=section&a=details&id=32599,,,['40b5006a047e1b27310044be99a65ed0776c36db.bps'],['40b5006a047e1b27310044be99a65ed0776c36db.json'],
,,23 Nov 2022,32608,Hammer Time,,,,,None,,,,,None,,/?p=section&a=details&id=32608,,,['8c347ef7614eb34cf495be90814e8357cc158556.bps'],['8c347ef7614eb34cf495be90814e8357cc158556.json'],
,,24 Nov 2022,32621,Hammer Time,,,,,None,,,,,None,,/?p=section&a=details&id=32621,,,"['2c19e1949fe8c35ac800a37e9bfe90dd45598232.bps', 'ca3722e683583df80b66dbcc94b5a0f2406c5fdd.bps']","['2c19e1949fe8c35ac800a37e9bfe90dd45598232.json', 'ca3722e683583df80b66dbcc94b5a0f2406c5fdd.json']",
,,25 Nov 2022,32624,Apple Guardian,,,,,None,,,,,None,,/?p=section&a=details&id=32624,,,['94bf2ddb456ca3da575c6b74878e4a4c189019fa.bps'],['94bf2ddb456ca3da575c6b74878e4a4c189019fa.json'],
,,26 Nov 2022,32630,Blue World (final version),,,,,None,,,,,None,,/?p=section&a=details&id=32630,,,"['97d1811befcdaa6e7ca594305ed4fffee012f100.bps', '7dec01d9858d1b6f793191cf44d69ad37c137fb5.bps']","['97d1811befcdaa6e7ca594305ed4fffee012f100.json', '7dec01d9858d1b6f793191cf44d69ad37c137fb5.json']",
,,26 Nov 2022,32632,Hammer Time,,,,,None,,,,,None,,/?p=section&a=details&id=32632,,,['65f7c1b52430a5eca7ba87a23460771cdfcabc7b.bps'],['65f7c1b52430a5eca7ba87a23460771cdfcabc7b.json'],
,,28 Nov 2022,32642,Hammer Time,,,,,None,,,,,None,,/?p=section&a=details&id=32642,,,['593cbbcd06399db8499ae45431ab80031b22951b.bps'],['593cbbcd06399db8499ae45431ab80031b22951b.json'],
,,28 Nov 2022,32643,Super Luigi World: Luigi's Fantastic Dream,,,,,None,,,,,None,,/?p=section&a=details&id=32643,,,['db82b8869f1a430f3fca1cb16d1c2c59939da915.bps'],['db82b8869f1a430f3fca1cb16d1c2c59939da915.json'],
,,28 Nov 2022,32645,Halo 14 - Side B,,,,,None,,,,,None,,/?p=section&a=details&id=32645,,,['46ca101188d0bc9bec21026df6f79d1541a52be5.bps'],['46ca101188d0bc9bec21026df6f79d1541a52be5.json'],
,,30 Nov 2022,32650,Super Mario Country,,,,,None,,,,,None,,/?p=section&a=details&id=32650,,,['124cb5d2cc103d1615a9b5998755f04be37e8dac.bps'],['124cb5d2cc103d1615a9b5998755f04be37e8dac.json'],
,,01 Dec 2022,32653,Hardcore Mario,,,,,None,,,,,None,,/?p=section&a=details&id=32653,,,['c4953c1e1ace5c666110b299b5698be72363c9f3.bps'],['c4953c1e1ace5c666110b299b5698be72363c9f3.json'],
,,02 Dec 2022,32681,Natsukashii Mario World,,,,,None,,,,,None,,/?p=section&a=details&id=32681,,,['a8609fc3de83207ba6edb9e43c39b1583f700b25.bps'],['a8609fc3de83207ba6edb9e43c39b1583f700b25.json'],
,,03 Dec 2022,32683,Super Mario World: Season 3,,,,,None,,,,,None,,/?p=section&a=details&id=32683,,,['17c687a39a41198d568831a488599711ce506406.bps'],['17c687a39a41198d568831a488599711ce506406.json'],
,,04 Dec 2022,32687,Shelloween,,,,,None,,,,,None,,/?p=section&a=details&id=32687,,,"['0333238a2c901006cb564781b8cc7033718ab720.bps', '1b01c30b59463f9375e2e53397d11c5bccc76b1b.bps']","['0333238a2c901006cb564781b8cc7033718ab720.json', '1b01c30b59463f9375e2e53397d11c5bccc76b1b.json']",
,,04 Dec 2022,32688,SUPER MARIO WORLD 69420,,,,,None,,,,,None,,/?p=section&a=details&id=32688,,,['03d6f3726ebe15338e9edb4385a0477a5f536e09.bps'],['03d6f3726ebe15338e9edb4385a0477a5f536e09.json'],
,,04 Dec 2022,32690,Marisa's Dimensional Adventure Demo 2,,,,,None,,,,,None,,/?p=section&a=details&id=32690,,,['90ad4ab1dcf6ad91e25ca07fd8fb0c58b013bc25.bps'],['90ad4ab1dcf6ad91e25ca07fd8fb0c58b013bc25.json'],
,,07 Dec 2022,32709,"Tomorrow, Together",,,,,None,,,,,None,,/?p=section&a=details&id=32709,,,['a31af1be2ab937327171fa184b999eb3923d20e0.bps'],['a31af1be2ab937327171fa184b999eb3923d20e0.json'],
,,07 Dec 2022,32710,The End: The hardest hack that will ever be made.,,,,,None,,,,,None,,/?p=section&a=details&id=32710,,,['2bc9e892acabc013afcad09704cc4d649ef65fe0.bps'],['2bc9e892acabc013afcad09704cc4d649ef65fe0.json'],
,,10 Dec 2022,32719,Sauna Mario World,,,,,None,,,,,None,,/?p=section&a=details&id=32719,,,['117c13dd4fda1fb7881aaadb26f90b5f3251d995.bps'],['117c13dd4fda1fb7881aaadb26f90b5f3251d995.json'],
,,11 Dec 2022,32727,Super Mario World The Lost Adventure Episode I REMASTERED,,,,,None,,,,,None,,/?p=section&a=details&id=32727,,,['2d2b737fa0d780e686669c7ca80f1221920db683.bps'],['2d2b737fa0d780e686669c7ca80f1221920db683.json'],
,,12 Dec 2022,32730,Sauna Mario World,,,,,None,,,,,None,,/?p=section&a=details&id=32730,,,['a440f847a900d7a1e8c26389ecff545519b205bf.bps'],['a440f847a900d7a1e8c26389ecff545519b205bf.json'],
,,13 Dec 2022,32737,Olden Out For A Hero,,,,,None,,,,,None,,/?p=section&a=details&id=32737,,,['27c4e2db57715ea45867c91ed3ab5ff1d1052891.bps'],['27c4e2db57715ea45867c91ed3ab5ff1d1052891.json'],
,,14 Dec 2022,32739,Tatsujin Mario part 2,,,,,None,,,,,None,,/?p=section&a=details&id=32739,,,['fc94bdb2510c12c5df70d7484125ba32308e3c76.bps'],['fc94bdb2510c12c5df70d7484125ba32308e3c76.json'],
,,15 Dec 2022,32741,Super Mario World - kando mode,,,,,None,,,,,None,,/?p=section&a=details&id=32741,,,['15abebd52326b8c2ec393266ce62ec93780abc13.bps'],['15abebd52326b8c2ec393266ce62ec93780abc13.json'],
,,15 Dec 2022,32742,SMW: Luigi's Mystic Saga,,,,,None,,,,,None,,/?p=section&a=details&id=32742,,,"['1282a0f70120ed7723ad8a45e9ff25228eba0aa9.bps', '9da5e7c1dae1a25a693975c3c74fb4c61b45992f.bps']","['1282a0f70120ed7723ad8a45e9ff25228eba0aa9.json', '9da5e7c1dae1a25a693975c3c74fb4c61b45992f.json']",
,,18 Dec 2022,32765,Another Christmas Gift,,,,,None,,,,,None,,/?p=section&a=details&id=32765,,,['dd661fb96ad01a0da41bcd799032e0f250eb6152.bps'],['dd661fb96ad01a0da41bcd799032e0f250eb6152.json'],
,,18 Dec 2022,32766,Forever,,,,,None,,,,,None,,/?p=section&a=details&id=32766,,,['1411339177507db1928c22bb9836b437601e3c05.bps'],['1411339177507db1928c22bb9836b437601e3c05.json'],
,,19 Dec 2022,32768,Doro Kaizo,,,,,None,,,,,None,,/?p=section&a=details&id=32768,,,['f38fcc4d7ce4d89b9367957371d85ef7c4f97329.bps'],['f38fcc4d7ce4d89b9367957371d85ef7c4f97329.json'],
,,19 Dec 2022,32773,Hammer Time,,,,,None,,,,,None,,/?p=section&a=details&id=32773,,,['a98ef780d207f6dd8fff58516c9686f15eaa3f95.bps'],['a98ef780d207f6dd8fff58516c9686f15eaa3f95.json'],
,,20 Dec 2022,32776,Tatsujin Mario part 2,,,,,None,,,,,None,,/?p=section&a=details&id=32776,,,['634a9eca19ee091b3bfe19f11730fb9855f264f6.bps'],['634a9eca19ee091b3bfe19f11730fb9855f264f6.json'],
,,22 Dec 2022,32791,World of Shells v.1.01,,,,,None,,,,,None,,/?p=section&a=details&id=32791,,,['63949470a2db7e424c16fe7800bcbcec1ef0c61d.bps'],['63949470a2db7e424c16fe7800bcbcec1ef0c61d.json'],
,,22 Dec 2022,32792,World of Shells v.1.02,,,,,None,,,,,None,,/?p=section&a=details&id=32792,,,['524e6ad18941c525b692fc5cd3f4f43c93170b80.bps'],['524e6ad18941c525b692fc5cd3f4f43c93170b80.json'],
,,22 Dec 2022,32793,Gambit,,,,,None,,,,,None,,/?p=section&a=details&id=32793,,,['1b212fd91e34430d9ad813e1017d071332c7366c.bps'],['1b212fd91e34430d9ad813e1017d071332c7366c.json'],
,,26 Dec 2022,32826,SMW: Luigi's Mystic Saga,,,,,None,,,,,None,,/?p=section&a=details&id=32826,,,"['786c3cb46e7c8745e749498fab9c983199f40b77.bps', '16644b0d1447cb2565691a1be37e86eb261bfbda.bps']","['786c3cb46e7c8745e749498fab9c983199f40b77.json', '16644b0d1447cb2565691a1be37e86eb261bfbda.json']",
,,27 Dec 2022,32833,Get On Up!,,,,,None,,,,,None,,/?p=section&a=details&id=32833,,,['45c8547389a6f05ef3a37eed51890eb4be58a489.bps'],['45c8547389a6f05ef3a37eed51890eb4be58a489.json'],
,,29 Dec 2022,32840,World of Shells V. 1.3,,,,,None,,,,,None,,/?p=section&a=details&id=32840,,,['748e94e9b0f940f97e30d73807c5a1ea859d0688.bps'],['748e94e9b0f940f97e30d73807c5a1ea859d0688.json'],
,,02 Jan 2023,32865,A short kaizo,,,,,None,,,,,None,,/?p=section&a=details&id=32865,,,['2d70fd4f3090d685e816fb615f3ae18c99f8862f.bps'],['2d70fd4f3090d685e816fb615f3ae18c99f8862f.json'],
,,04 Jan 2023,32875,SMW: Luigi's Mystic Saga v1.2,,,,,None,,,,,None,,/?p=section&a=details&id=32875,,,"['f8247433cd6c3993638b28eab678d30b91f1e512.bps', 'b153526ebbbf7ff2c8214405e6fa71ed932814f2.bps']","['f8247433cd6c3993638b28eab678d30b91f1e512.json', 'b153526ebbbf7ff2c8214405e6fa71ed932814f2.json']",
,,11 Jan 2023,32918,Kaizo Marathon,,,,,None,,,,,None,,/?p=section&a=details&id=32918,,,['f0c5e05ca5b96c9baaa7551ca3c8389c6aaf5a62.bps'],['f0c5e05ca5b96c9baaa7551ca3c8389c6aaf5a62.json'],
,,15 Jan 2023,32932,Mini Kaizo,,,,,None,,,,,None,,/?p=section&a=details&id=32932,,,['7e1db3b112328e04368c182a4e626699290ca603.bps'],['7e1db3b112328e04368c182a4e626699290ca603.json'],
,,16 Jan 2023,32935,Linnaea,,,,,None,,,,,None,,/?p=section&a=details&id=32935,,,['2323360cb72f76417c939ed236fd0d80cbb4b351.bps'],['2323360cb72f76417c939ed236fd0d80cbb4b351.json'],
,,16 Jan 2023,32938,Mini Kaizo,,,,,None,,,,,None,,/?p=section&a=details&id=32938,,,['d2a2fd686d74b2e707d8af33348e24dc480e02e7.bps'],['d2a2fd686d74b2e707d8af33348e24dc480e02e7.json'],
,,17 Jan 2023,32950,Linnaea,,,,,None,,,,,None,,/?p=section&a=details&id=32950,,,['6a8aeee841730315134c3c4dc836c5a84693b521.bps'],['6a8aeee841730315134c3c4dc836c5a84693b521.json'],
,,17 Jan 2023,32951,A1 Mario World,,,,,None,,,,,None,,/?p=section&a=details&id=32951,,,['933c97a7df2a19f58b677e2cffd7e7e788a2197c.bps'],['933c97a7df2a19f58b677e2cffd7e7e788a2197c.json'],
,,18 Jan 2023,32956,A1 Mario World,,,,,None,,,,,None,,/?p=section&a=details&id=32956,,,['14d12874149b6e6d57c9eb9abcd4dbe4816564e3.bps'],['14d12874149b6e6d57c9eb9abcd4dbe4816564e3.json'],
,,19 Jan 2023,32959,Supa Koopa Cousins,,,,,None,,,,,None,,/?p=section&a=details&id=32959,,,['c0217a06d4963f1a4e0cf1c34821753590fccb79.bps'],['c0217a06d4963f1a4e0cf1c34821753590fccb79.json'],
,,19 Jan 2023,32960,Aeron's Golden Cookie Quest,,,,,None,,,,,None,,/?p=section&a=details&id=32960,,,['2dfd485d60d147d0ab246f8d342148c7720e862d.bps'],['2dfd485d60d147d0ab246f8d342148c7720e862d.json'],
,,19 Jan 2023,32963,Alabaras Shells,,,,,None,,,,,None,,/?p=section&a=details&id=32963,,,['fefdb0ee71ae62362fb725289d7f13c3bbbeaa96.bps'],['fefdb0ee71ae62362fb725289d7f13c3bbbeaa96.json'],
,,19 Jan 2023,32967,SMW - Special Purple Triangle Edition,,,,,None,,,,,None,,/?p=section&a=details&id=32967,,,['add7a233d808fcfe53b7d4135cd1e57ebed7fe07.bps'],['add7a233d808fcfe53b7d4135cd1e57ebed7fe07.json'],
,,20 Jan 2023,32973,Super Mario Fiwerland,,,,,None,,,,,None,,/?p=section&a=details&id=32973,,,"['d0ab4ca14f8346a307b593dbdc21b7f452890916.bps', 'd70678a3b9190d738015ac268ec82b45f5019e64.bps']","['d0ab4ca14f8346a307b593dbdc21b7f452890916.json', 'd70678a3b9190d738015ac268ec82b45f5019e64.json']",
,,22 Jan 2023,32982,Alabaras Shells 1.1,,,,,None,,,,,None,,/?p=section&a=details&id=32982,,,['c30b08e9bf4de6b0c81cbdd9ecad68d7873d9e0f.bps'],['c30b08e9bf4de6b0c81cbdd9ecad68d7873d9e0f.json'],
,,23 Jan 2023,32986,Linnaea,,,,,None,,,,,None,,/?p=section&a=details&id=32986,,,['4a9493e37abf9d79ac8947342954104270a7e698.bps'],['4a9493e37abf9d79ac8947342954104270a7e698.json'],
,,23 Jan 2023,32993,Kings of Kuso,,,,,None,,,,,None,,/?p=section&a=details&id=32993,,,"['e9c8cabd87f13ce08470dea4595b5f5aa90cf194.bps', '3040925f1b33cd6b0128634e767af9ddb779eecf.bps']","['e9c8cabd87f13ce08470dea4595b5f5aa90cf194.json', '3040925f1b33cd6b0128634e767af9ddb779eecf.json']",
,,25 Jan 2023,33001,Kaze,,,,,None,,,,,None,,/?p=section&a=details&id=33001,,,['e78d66ee226e17f993f250223e5a1f6dab4d7079.bps'],['e78d66ee226e17f993f250223e5a1f6dab4d7079.json'],
,,27 Jan 2023,33011,Nebula,,,,,None,,,,,None,,/?p=section&a=details&id=33011,,,['f21be839cf48c22bf1a2fceb8fa148efd9a79df4.bps'],['f21be839cf48c22bf1a2fceb8fa148efd9a79df4.json'],
,,27 Jan 2023,33012,MarioFan World,,,,,None,,,,,None,,/?p=section&a=details&id=33012,,,['7ef59d3845ff272be8e3f1a78b2dd4486f530dd9.bps'],['7ef59d3845ff272be8e3f1a78b2dd4486f530dd9.json'],
,,28 Jan 2023,33020,Super Mamma Mia World!,,,,,None,,,,,None,,/?p=section&a=details&id=33020,,,['84fe99c5222a59a78df76fcd753d590acede0124.bps'],['84fe99c5222a59a78df76fcd753d590acede0124.json'],
,,29 Jan 2023,33021,Meet The Balkans（Demo）,,,,,None,,,,,None,,/?p=section&a=details&id=33021,,,['0ceaea821f25d62882ccf17591cd67e8291ca947.bps'],['0ceaea821f25d62882ccf17591cd67e8291ca947.json'],
,,29 Jan 2023,33022,Mario Memorandum: New Game Plus,,,,,None,,,,,None,,/?p=section&a=details&id=33022,,,['ace8195e3e2c019f9497e1c9ac19f040ee6a000a.bps'],['ace8195e3e2c019f9497e1c9ac19f040ee6a000a.json'],
,,01 Feb 2023,33029,Mario Memorandum: New Game Plus,,,,,None,,,,,None,,/?p=section&a=details&id=33029,,,['ace8195e3e2c019f9497e1c9ac19f040ee6a000a.bps'],['ace8195e3e2c019f9497e1c9ac19f040ee6a000a.json'],
,,02 Feb 2023,33035,L,,,,,None,,,,,None,,/?p=section&a=details&id=33035,,,['7737408483e89294cc9b2328ce89f8f8384613d7.bps'],['7737408483e89294cc9b2328ce89f8f8384613d7.json'],
,,05 Feb 2023,33047,Level 105,,,,,None,,,,,None,,/?p=section&a=details&id=33047,,,['8180e14c928f0036f7b8bf89fa8dfac991f951b4.bps'],['8180e14c928f0036f7b8bf89fa8dfac991f951b4.json'],
,,05 Feb 2023,33048,SMB1 World 1-1 Enhanced,,,,,None,,,,,None,,/?p=section&a=details&id=33048,,,['8fe2fcc561a47c4288182d78e2bda02a8f18c2da.bps'],['8fe2fcc561a47c4288182d78e2bda02a8f18c2da.json'],
,,10 Feb 2023,33084,Super Mario World: Bowser's Kaizo Conspiracy,,,,,None,,,,,None,,/?p=section&a=details&id=33084,,,['5d60fcf9e81c67cc4c0dfd860885669e65c2c674.bps'],['5d60fcf9e81c67cc4c0dfd860885669e65c2c674.json'],
,,10 Feb 2023,33101,Super Hanox World: C3 2023 Demo,,,,,None,,,,,None,,/?p=section&a=details&id=33101,,,['5afecceb68ca110608e334ff6e325a250e7c8529.bps'],['5afecceb68ca110608e334ff6e325a250e7c8529.json'],
,,10 Feb 2023,33104,Mario - The Mystical Gem,,,,,None,,,,,None,,/?p=section&a=details&id=33104,,,['eee3c6a247ea3c67ecdea05c73c5db71759597c7.bps'],['eee3c6a247ea3c67ecdea05c73c5db71759597c7.json'],
,,10 Feb 2023,33108,Mario Must Die 3,,,,,None,,,,,None,,/?p=section&a=details&id=33108,,,['1394369a6e29707fc118fbad0bcb65596d90387c.bps'],['1394369a6e29707fc118fbad0bcb65596d90387c.json'],
,,10 Feb 2023,33116,Super Marisa Adventure World 2 - Mari Mari Back Forward Around (C3 World-5 Demo),,,,,None,,,,,None,,/?p=section&a=details&id=33116,,,['fad461f349c8757a777f5f3af583be893e1b2cfe.bps'],['fad461f349c8757a777f5f3af583be893e1b2cfe.json'],
,,11 Feb 2023,33128,X-Drive,,,,,None,,,,,None,,/?p=section&a=details&id=33128,,,['5392cb560ff835630a2a8e5cf4b5d79a26023dce.bps'],['5392cb560ff835630a2a8e5cf4b5d79a26023dce.json'],
,,11 Feb 2023,33151,Meet The Balkans(Demo),,,,,None,,,,,None,,/?p=section&a=details&id=33151,,,['336233992b75898dde7c5f59aeb024f05e6e8924.bps'],['336233992b75898dde7c5f59aeb024f05e6e8924.json'],
,,12 Feb 2023,33197,RASE FALL OF THWOMP,,,,,None,,,,,None,,/?p=section&a=details&id=33197,,,['3aa34bab249e63ce2f1641c6a186b53bc75df038.bps'],['3aa34bab249e63ce2f1641c6a186b53bc75df038.json'],
,,12 Feb 2023,33208,Mario - The Mystical Gem,,,,,None,,,,,None,,/?p=section&a=details&id=33208,,,['3f8d430484ca3e33f348e1d56bc32f512285026b.bps'],['3f8d430484ca3e33f348e1d56bc32f512285026b.json'],
,,13 Feb 2023,33220,Super LouisDoucet World 2,,,,,None,,,,,None,,/?p=section&a=details&id=33220,,,['66dfa5b2ba8f628bb17b12a0c1dd008eb0b015a6.bps'],['66dfa5b2ba8f628bb17b12a0c1dd008eb0b015a6.json'],
,,14 Feb 2023,33242,SMB3 World 1-1,,,,,None,,,,,None,,/?p=section&a=details&id=33242,,,['92b27b73d460a71917cf545bf888b49ecd6ff03a.bps'],['92b27b73d460a71917cf545bf888b49ecd6ff03a.json'],
,,14 Feb 2023,33244,Power-up Area,,,,,None,,,,,None,,/?p=section&a=details&id=33244,,,['f01aa5e3b8cab0b5fa756906b5664cc48f120d32.bps'],['f01aa5e3b8cab0b5fa756906b5664cc48f120d32.json'],
,,15 Feb 2023,33260,Mario's Worst Nightmare,,,,,None,,,,,None,,/?p=section&a=details&id=33260,,,['70b046c281e84fe29821a14d24d9025b7f463791.bps'],['70b046c281e84fe29821a14d24d9025b7f463791.json'],
,,16 Feb 2023,33270,Mario's Worst Nightmare REMASTERED,,,,,None,,,,,None,,/?p=section&a=details&id=33270,,,['130d9fd66a3041d7d6057eb033d55ffaa6a57da6.bps'],['130d9fd66a3041d7d6057eb033d55ffaa6a57da6.json'],
,,16 Feb 2023,33275,Mario's Greatest Fear,,,,,None,,,,,None,,/?p=section&a=details&id=33275,,,['130d9fd66a3041d7d6057eb033d55ffaa6a57da6.bps'],['130d9fd66a3041d7d6057eb033d55ffaa6a57da6.json'],
,,17 Feb 2023,33287,Super Mario: New Quest,,,,,None,,,,,None,,/?p=section&a=details&id=33287,,,['96c4dd2ba7f88dd1c00ab8bba95307af643d1c25.bps'],['96c4dd2ba7f88dd1c00ab8bba95307af643d1c25.json'],
,,17 Feb 2023,33288,Harmful,,,,,None,,,,,None,,/?p=section&a=details&id=33288,,,['5e22577e18af0c488ce965143dc985244cdeada2.bps'],['5e22577e18af0c488ce965143dc985244cdeada2.json'],
,,19 Feb 2023,33303,geometry dash world,,,,,None,,,,,None,,/?p=section&a=details&id=33303,,,['c8c792cde1437558966b4d339d92d7cf3b7d5fff.bps'],['c8c792cde1437558966b4d339d92d7cf3b7d5fff.json'],
,,20 Feb 2023,33307,Harmful,,,,,None,,,,,None,,/?p=section&a=details&id=33307,,,['c29a903181b867b209c28b18c758d38abcd12423.bps'],['c29a903181b867b209c28b18c758d38abcd12423.json'],
,,20 Feb 2023,33309,Harmful,,,,,None,,,,,None,,/?p=section&a=details&id=33309,,,['d01606f3e44b3b3efc6a262f03ad2f724bf39766.bps'],['d01606f3e44b3b3efc6a262f03ad2f724bf39766.json'],
,,20 Feb 2023,33310,Harmful V2.0,,,,,None,,,,,None,,/?p=section&a=details&id=33310,,,['275a432b8f05fe94fd33a6759c2e0c5c818ed889.bps'],['275a432b8f05fe94fd33a6759c2e0c5c818ed889.json'],
,,20 Feb 2023,33311,Harmful V2.0,,,,,None,,,,,None,,/?p=section&a=details&id=33311,,,['275a432b8f05fe94fd33a6759c2e0c5c818ed889.bps'],['275a432b8f05fe94fd33a6759c2e0c5c818ed889.json'],
,,24 Feb 2023,33327,New Kaizo World 1 The 9 Magic Levels,,,,,None,,,,,None,,/?p=section&a=details&id=33327,,,['8b2a61cd571a2a8d692d99a283e432b236ae75fd.bps'],['8b2a61cd571a2a8d692d99a283e432b236ae75fd.json'],
,,27 Feb 2023,33380,RASE FALL OF THWOMP 1.1,,,,,None,,,,,None,,/?p=section&a=details&id=33380,,,['e3708bc3f9a902cdca998b1c15416e96970a18e5.bps'],['e3708bc3f9a902cdca998b1c15416e96970a18e5.json'],
,,28 Feb 2023,33387,Pineapple Porcupine,,,,,None,,,,,None,,/?p=section&a=details&id=33387,,,['cb81db1177b7aa85567decfa255c5773eca2024c.bps'],['cb81db1177b7aa85567decfa255c5773eca2024c.json'],
,,28 Feb 2023,33389,Pineapple Porcupine,,,,,None,,,,,None,,/?p=section&a=details&id=33389,,,['97ef588b3322a1a07a3167a81cd414d21b8b2aa0.bps'],['97ef588b3322a1a07a3167a81cd414d21b8b2aa0.json'],
,,28 Feb 2023,33390,Pineapple Porcupine,,,,,None,,,,,None,,/?p=section&a=details&id=33390,,,['d878a185f2a82c0173a4017c7115fb862af9d1cf.bps'],['d878a185f2a82c0173a4017c7115fb862af9d1cf.json'],
,,02 Mar 2023,33417,Mario - The Mystical Gem,,,,,None,,,,,None,,/?p=section&a=details&id=33417,,,['8d293ce97f3303c39c65611a76e05da26550da21.bps'],['8d293ce97f3303c39c65611a76e05da26550da21.json'],
,,02 Mar 2023,33418,SMW: Luigi's Mystic Saga v1.3.2,,,,,None,,,,,None,,/?p=section&a=details&id=33418,,,"['370e4cc84f7f9e60d533a34b9ee4fa8a22632e68.bps', '87f4d15f70e8ec37df003b669c654334ed35798a.bps']","['370e4cc84f7f9e60d533a34b9ee4fa8a22632e68.json', '87f4d15f70e8ec37df003b669c654334ed35798a.json']",
,,02 Mar 2023,33419,Smw Uma Aventura Chaotica (Chaotic Adventure) v1.2.1,,,,,None,,,,,None,,/?p=section&a=details&id=33419,,,"['cb611e5a8e07b33d9f18ce5ceb06d15111d103ee.bps', 'eb4120c04acd2a92e395fedbf34eef39c2d7b00d.bps']","['cb611e5a8e07b33d9f18ce5ceb06d15111d103ee.json', 'eb4120c04acd2a92e395fedbf34eef39c2d7b00d.json']",
,,04 Mar 2023,33439,Meet The Balkans (Demo),,,,,None,,,,,None,,/?p=section&a=details&id=33439,,,['e36ea7272507374d9775554294b918cba41ff563.bps'],['e36ea7272507374d9775554294b918cba41ff563.json'],
,,05 Mar 2023,33447,SMW PAE - The Lost Levels,,,,,None,,,,,None,,/?p=section&a=details&id=33447,,,['c0c7080142bea47f1b7756744a608f2a33c98978.bps'],['c0c7080142bea47f1b7756744a608f2a33c98978.json'],
,,05 Mar 2023,33454,SMW: Uma Aventura Chaotica (Chaotic Adventure) v1.2.1,,,,,None,,,,,None,,/?p=section&a=details&id=33454,,,"['4daf6a79ca383517b1223bf18dce4f6602eaa67c.bps', '52653c1876b0ccfeefb9c0d621fd509c7e4f5c97.bps']","['4daf6a79ca383517b1223bf18dce4f6602eaa67c.json', '52653c1876b0ccfeefb9c0d621fd509c7e4f5c97.json']",
,,08 Mar 2023,33485,Trinity Shells,,,,,None,,,,,None,,/?p=section&a=details&id=33485,,,['942f56a10e1903d22c51da0293df0e3751374695.bps'],['942f56a10e1903d22c51da0293df0e3751374695.json'],
,,09 Mar 2023,33493,Lurn 2 Shell,,,,,None,,,,,None,,/?p=section&a=details&id=33493,,,['0acd1372fad90f76e2efc2bcdbecc593dba07bb4.bps'],['0acd1372fad90f76e2efc2bcdbecc593dba07bb4.json'],
,,10 Mar 2023,33507,Meet The Balkans (Demo),,,,,None,,,,,None,,/?p=section&a=details&id=33507,,,['0ceaea821f25d62882ccf17591cd67e8291ca947.bps'],['0ceaea821f25d62882ccf17591cd67e8291ca947.json'],
,,10 Mar 2023,33510,SMW The Princess Rescue 3 - The Turnabout,,,,,None,,,,,None,,/?p=section&a=details&id=33510,,,"['458ed4f87a87df148f5669dd9ec36dc6d581aeee.bps', 'd31eb63a67fc0e11a907c43177daa04065d5c0f0.bps']","['458ed4f87a87df148f5669dd9ec36dc6d581aeee.json', 'd31eb63a67fc0e11a907c43177daa04065d5c0f0.json']",
,,12 Mar 2023,33526,Quest on Full Moon Island v1.2 ita,,,,,None,,,,,None,,/?p=section&a=details&id=33526,,,['0e9f35bfa1c7d6c7245cf48b62a56c627fe06cad.bps'],['0e9f35bfa1c7d6c7245cf48b62a56c627fe06cad.json'],
,,14 Mar 2023,33553,Super Mario World's Secret Island,,,,,None,,,,,None,,/?p=section&a=details&id=33553,,,['349ee9ee2b843fee6f65371d0251067a730c4f01.bps'],['349ee9ee2b843fee6f65371d0251067a730c4f01.json'],
,,16 Mar 2023,33557,Fast Switch Palaces,,,,,None,,,,,None,,/?p=section&a=details&id=33557,,,['2870c6fa026c4505351079089c9e2447cc310919.bps'],['2870c6fa026c4505351079089c9e2447cc310919.json'],
,,16 Mar 2023,33558,Many Throw Blocks,,,,,None,,,,,None,,/?p=section&a=details&id=33558,,,['8723682ce5daf61dcb8eb391cb6423b2737cba67.bps'],['8723682ce5daf61dcb8eb391cb6423b2737cba67.json'],
,,18 Mar 2023,33568,Fruit Dealer,,,,,None,,,,,None,,/?p=section&a=details&id=33568,,,['688b3f28e49f4feaa4c4b2033660705d5552f84e.bps'],['688b3f28e49f4feaa4c4b2033660705d5552f84e.json'],
,,18 Mar 2023,33569,Bowser's Hideout Deluxe,,,,,None,,,,,None,,/?p=section&a=details&id=33569,,,['4d6edd4929bea0d4f8e4f08741e8337deefd0a64.bps'],['4d6edd4929bea0d4f8e4f08741e8337deefd0a64.json'],
,,19 Mar 2023,33575,Lurn 2 Shell,,,,,None,,,,,None,,/?p=section&a=details&id=33575,,,['92c308dbbfda11319f4c2664567134b5f71189ef.bps'],['92c308dbbfda11319f4c2664567134b5f71189ef.json'],
,,19 Mar 2023,33577,Lurn 2 Shell,,,,,None,,,,,None,,/?p=section&a=details&id=33577,,,['c818c945d911022ba1f74a0cf8c441f7d1b7b495.bps'],['c818c945d911022ba1f74a0cf8c441f7d1b7b495.json'],
,,20 Mar 2023,33583,Unlimited  extra lives,,,,,None,,,,,None,,/?p=section&a=details&id=33583,,,['7178ef54539629d6b4b1c9a398ed8eae3205f786.bps'],['7178ef54539629d6b4b1c9a398ed8eae3205f786.json'],
,,20 Mar 2023,33584,Boss select  and Top secret Area,,,,,None,,,,,None,,/?p=section&a=details&id=33584,,,['face25c7562c4eb5aa0a54b89611802c5c06b82b.bps'],['face25c7562c4eb5aa0a54b89611802c5c06b82b.json'],
,,20 Mar 2023,33585,Mario - The Mystical Gem,,,,,None,,,,,None,,/?p=section&a=details&id=33585,,,['99870a7e357a29dd7a3ff2325bcb8e838dccaddc.bps'],['99870a7e357a29dd7a3ff2325bcb8e838dccaddc.json'],
,,20 Mar 2023,33586,Super Barb World,,,,,None,,,,,None,,/?p=section&a=details&id=33586,,,['c92d66d3f25cc445b0a954cd965759489d9a880d.bps'],['c92d66d3f25cc445b0a954cd965759489d9a880d.json'],
,,20 Mar 2023,33591,Super Mario World - The Forbidden Sewers,,,,,None,,,,,None,,/?p=section&a=details&id=33591,,,['93ba3d1f1b7f15c56cef91920a5ea172c5321d1f.bps'],['93ba3d1f1b7f15c56cef91920a5ea172c5321d1f.json'],
,,22 Mar 2023,33603,marios super adventure beta number 1,,,,,None,,,,,None,,/?p=section&a=details&id=33603,,,['4944b5fb08a26a12c23e1914fc2a68439b3022b4.bps'],['4944b5fb08a26a12c23e1914fc2a68439b3022b4.json'],
,,28 Mar 2023,33641,Super Mario World Flight Of the Keys,,,,,None,,,,,None,,/?p=section&a=details&id=33641,,,['e47c49feb968ed9c0c96eafd8b838b30c6c78c64.bps'],['e47c49feb968ed9c0c96eafd8b838b30c6c78c64.json'],
,,30 Mar 2023,33648,Super Mario World Flight Of the Keys 2,,,,,None,,,,,None,,/?p=section&a=details&id=33648,,,['8f9b6793a9fce329b5100460892be5831af54109.bps'],['8f9b6793a9fce329b5100460892be5831af54109.json'],
,,30 Mar 2023,33650,Super Mario World Flight Of the Keys 2,,,,,None,,,,,None,,/?p=section&a=details&id=33650,,,['6be4fa8bfd32eeffc67e1547f0dce1965c8ec219.bps'],['6be4fa8bfd32eeffc67e1547f0dce1965c8ec219.json'],
,,31 Mar 2023,33651,Super Curious World,,,,,None,,,,,None,,/?p=section&a=details&id=33651,,,['dbc3da6df7b211482bc81e0b03e36c43fbd77fa4.bps'],['dbc3da6df7b211482bc81e0b03e36c43fbd77fa4.json'],
,,01 Apr 2023,33668,Play To Win,,,,,None,,,,,None,,/?p=section&a=details&id=33668,,,['29f8f699d894f0c0359a4557d5e17726d2eb0caa.bps'],['29f8f699d894f0c0359a4557d5e17726d2eb0caa.json'],
,,02 Apr 2023,33680,Reznor: Tributo a la Fortaleza,,,,,None,,,,,None,,/?p=section&a=details&id=33680,,,['a5ab248c8fda32fa040b43db829689c251631550.bps'],['a5ab248c8fda32fa040b43db829689c251631550.json'],
,,05 Apr 2023,33697,Super Mario World - The Forbidden Sewers,,,,,None,,,,,None,,/?p=section&a=details&id=33697,,,['a0342270d22a9d92427f107e99ae8160a00cc342.bps'],['a0342270d22a9d92427f107e99ae8160a00cc342.json'],
,,05 Apr 2023,33699,Oxworm,,,,,None,,,,,None,,/?p=section&a=details&id=33699,,,['84aa7a0412e8460cc7f344c92086e491fb872bb8.bps'],['84aa7a0412e8460cc7f344c92086e491fb872bb8.json'],
,,09 Apr 2023,33720,This Hack Needs a Name,,,,,None,,,,,None,,/?p=section&a=details&id=33720,,,"['dc3118a6ae51e249cbf121f92ef0ed231c267607.bps', '317fdd8bf88672d93d4f77d28ea392b1464331ac.bps']","['dc3118a6ae51e249cbf121f92ef0ed231c267607.json', '317fdd8bf88672d93d4f77d28ea392b1464331ac.json']",
,,11 Apr 2023,33730,Improved Boss Test Room,,,,,None,,,,,None,,/?p=section&a=details&id=33730,,,['aa1399e6057858066ac26160ec90ecf231f8719f.bps'],['aa1399e6057858066ac26160ec90ecf231f8719f.json'],
,,11 Apr 2023,33735,Smoked Fish and Cabbage,,,,,None,,,,,None,,/?p=section&a=details&id=33735,,,['2f0d6795ecb8ed9b42403aaa8d6367f632f6581a.bps'],['2f0d6795ecb8ed9b42403aaa8d6367f632f6581a.json'],
,,12 Apr 2023,33739,Mario and The Final Levels,,,,,None,,,,,None,,/?p=section&a=details&id=33739,,,['f34a0edf18066b07f619f86f90954034cdd30730.bps'],['f34a0edf18066b07f619f86f90954034cdd30730.json'],
,,15 Apr 2023,33764,Mario and The Final Levels,,,,,None,,,,,None,,/?p=section&a=details&id=33764,,,['e40d17aff95ec19b2a6f80b78990a20a46e61a43.bps'],['e40d17aff95ec19b2a6f80b78990a20a46e61a43.json'],
,,16 Apr 2023,33771,Sonic Epic World,,,,,None,,,,,None,,/?p=section&a=details&id=33771,,,['ba0f834e20334e6d2d4cb077bcec729f78f4df9c.bps'],['ba0f834e20334e6d2d4cb077bcec729f78f4df9c.json'],
,,16 Apr 2023,33772,Sonic Epic World,,,,,None,,,,,None,,/?p=section&a=details&id=33772,,,['5c025a3dd7bbb5623e2c6d133e7df847e24d6f39.bps'],['5c025a3dd7bbb5623e2c6d133e7df847e24d6f39.json'],
,,17 Apr 2023,33773,Burning Star,,,,,None,,,,,None,,/?p=section&a=details&id=33773,,,['dd7d68a22e13a5992a47847dcec770b79831a615.bps'],['dd7d68a22e13a5992a47847dcec770b79831a615.json'],
,,19 Apr 2023,33783,kaizo mario,,,,,None,,,,,None,,/?p=section&a=details&id=33783,,,['99345464abe6a908ad103af2fdeeaca3424ad671.bps'],['99345464abe6a908ad103af2fdeeaca3424ad671.json'],
,,19 Apr 2023,33784,Super Mario World: Bowser's Kaizo Conspiracy,,,,,None,,,,,None,,/?p=section&a=details&id=33784,,,['87a3495a016bac266721edbe2230d46bf6d2c2f7.bps'],['87a3495a016bac266721edbe2230d46bf6d2c2f7.json'],
,,20 Apr 2023,33786,Super Mario World Definitive Edition,,,,,None,,,,,None,,/?p=section&a=details&id=33786,,,['3efcd56d7d05d7b9cc77f6e3c531a43d5388110c.bps'],['3efcd56d7d05d7b9cc77f6e3c531a43d5388110c.json'],
,,21 Apr 2023,33789,Burning Star,,,,,None,,,,,None,,/?p=section&a=details&id=33789,,,['77b1e8a4c61e147fc72941479bd310deaa8066c1.bps'],['77b1e8a4c61e147fc72941479bd310deaa8066c1.json'],
,,24 Apr 2023,33808,Super Mario World 2021 (PT-BR) + (USA),,,,,None,,,,,None,,/?p=section&a=details&id=33808,,,"['27841fba800962a5a1b71651738ecd1899c9c7b3.bps', '7c903d0437f03788eaa8ba179bcfa278e38b23be.bps']","['27841fba800962a5a1b71651738ecd1899c9c7b3.json', '7c903d0437f03788eaa8ba179bcfa278e38b23be.json']",
,,24 Apr 2023,33812,CroNos Trigger,,,,,None,,,,,None,,/?p=section&a=details&id=33812,,,['8a8774327aca33e222b35a994e0012a55e1269cc.bps'],['8a8774327aca33e222b35a994e0012a55e1269cc.json'],
,,25 Apr 2023,33817,Mario Mania,,,,,None,,,,,None,,/?p=section&a=details&id=33817,,,['a083f207843f9e9236f8c077a40ad83cd3314121.bps'],['a083f207843f9e9236f8c077a40ad83cd3314121.json'],
,,27 Apr 2023,33836,Project 89,,,,,None,,,,,None,,/?p=section&a=details&id=33836,,,"['cb2eecb45a3cb6ad8f643bd47ae660ddedb14e8a.bps', 'b8efb88a1a0feab3614782bdf080fbbd44075b63.bps']","['cb2eecb45a3cb6ad8f643bd47ae660ddedb14e8a.json', 'b8efb88a1a0feab3614782bdf080fbbd44075b63.json']",
,,30 Apr 2023,33849,Super Mario World: Autumn Island,,,,,None,,,,,None,,/?p=section&a=details&id=33849,,,['e39406aedc0efd499e8ad7cea2604951019868a1.bps'],['e39406aedc0efd499e8ad7cea2604951019868a1.json'],
,,05 May 2023,33871,New Super Frosty World,,,,,None,,,,,None,,/?p=section&a=details&id=33871,,,['e408b6d9862b38873dafa400c3a5b87e2f1addab.bps'],['e408b6d9862b38873dafa400c3a5b87e2f1addab.json'],
,,06 May 2023,33881,Play To Win,,,,,None,,,,,None,,/?p=section&a=details&id=33881,,,['55b68a6ecdd04bf52d25243c0cc1905cf9b904ca.bps'],['55b68a6ecdd04bf52d25243c0cc1905cf9b904ca.json'],
,,07 May 2023,33893,New Super Frosty World,,,,,None,,,,,None,,/?p=section&a=details&id=33893,,,['b4ba468ea2e5e0824a9e565eda7c16a4eeda04de.bps'],['b4ba468ea2e5e0824a9e565eda7c16a4eeda04de.json'],
,,09 May 2023,33903,Capirotada Land 2: Meta Knight's Intervention v. 1.2,,,,,None,,,,,None,,/?p=section&a=details&id=33903,,,['4ecdcaa68e0d45a558cab640c0d55dd68301e029.bps'],['4ecdcaa68e0d45a558cab640c0d55dd68301e029.json'],
,,14 May 2023,33931,Super Mario Starline,,,,,None,,,,,None,,/?p=section&a=details&id=33931,,,['b661f3711a9f973f61a5aa4c7a629fe478b19098.bps'],['b661f3711a9f973f61a5aa4c7a629fe478b19098.json'],
,,15 May 2023,33942,Super Mario World As Ilhas,,,,,None,,,,,None,,/?p=section&a=details&id=33942,,,['49ed1866e78b3c5596cda12877ca6cb275126bcc.bps'],['49ed1866e78b3c5596cda12877ca6cb275126bcc.json'],
,,16 May 2023,33955,Super Breh World,,,,,None,,,,,None,,/?p=section&a=details&id=33955,,,['592982875b8d6fdce7311e3e740c6f56ced214d5.bps'],['592982875b8d6fdce7311e3e740c6f56ced214d5.json'],
,,22 May 2023,33989,Super Mario World 2021 (Patch 2023),,,,,None,,,,,None,,/?p=section&a=details&id=33989,,,"['c22e1341ddb6d92c31767cea2efa221f440f5afd.bps', '94d591c359f62254674ea2ebf5fe4bac6d9e0a20.bps']","['c22e1341ddb6d92c31767cea2efa221f440f5afd.json', '94d591c359f62254674ea2ebf5fe4bac6d9e0a20.json']",
,,23 May 2023,33995,Colorful Ride,,,,,None,,,,,None,,/?p=section&a=details&id=33995,,,['d3b6c50da1d476ff2749a70bff105e3a8989d827.bps'],['d3b6c50da1d476ff2749a70bff105e3a8989d827.json'],
,,04 Jun 2023,34054,Flying High Again,,,,,None,,,,,None,,/?p=section&a=details&id=34054,,,['3acd02be6d3de87a0bc02549cca9367946514103.bps'],['3acd02be6d3de87a0bc02549cca9367946514103.json'],
,,05 Jun 2023,34057,Super Luigi World,,,,,None,,,,,None,,/?p=section&a=details&id=34057,,,['bd74955809948dd52c232ee6a472ffd1145cd536.bps'],['bd74955809948dd52c232ee6a472ffd1145cd536.json'],
,,05 Jun 2023,34059,Super Luigi World,,,,,None,,,,,None,,/?p=section&a=details&id=34059,,,['bd74955809948dd52c232ee6a472ffd1145cd536.bps'],['bd74955809948dd52c232ee6a472ffd1145cd536.json'],
,,06 Jun 2023,34064,New Sonic Generations,,,,,None,,,,,None,,/?p=section&a=details&id=34064,,,['c0a49939ee99288bb06ead23802f528893a1077b.bps'],['c0a49939ee99288bb06ead23802f528893a1077b.json'],
,,06 Jun 2023,34065,New Sonic Generations,,,,,None,,,,,None,,/?p=section&a=details&id=34065,,,['0c7166242a16d5a1326d428b60289e60f4cbb9ff.bps'],['0c7166242a16d5a1326d428b60289e60f4cbb9ff.json'],
,,09 Jun 2023,34079,New Kaizo World 1 The 9 Magic Levels v1.0,,,,,None,,,,,None,,/?p=section&a=details&id=34079,,,['7e207e487d17c1578787a1ee697230fd1b7bb9d7.bps'],['7e207e487d17c1578787a1ee697230fd1b7bb9d7.json'],
,,09 Jun 2023,34084,Alpha Shelltauri,,,,,None,,,,,None,,/?p=section&a=details&id=34084,,,['56bcd1c3414be590453367549fce2f935b1dbb6f.bps'],['56bcd1c3414be590453367549fce2f935b1dbb6f.json'],
,,11 Jun 2023,34096,Alpha Shelltauri,,,,,None,,,,,None,,/?p=section&a=details&id=34096,,,['972856c49a994c480b863bcfefe4fc849f9a8bc8.bps'],['972856c49a994c480b863bcfefe4fc849f9a8bc8.json'],
,,14 Jun 2023,34115,Smoked Fish and Cabbage,,,,,None,,,,,None,,/?p=section&a=details&id=34115,,,['10b7461eba2638da815f1274818a6cfe52afc601.bps'],['10b7461eba2638da815f1274818a6cfe52afc601.json'],
,,15 Jun 2023,34120,Maggie Calos-The Bowser and Bandlard war,,,,,None,,,,,None,,/?p=section&a=details&id=34120,,,['bd3a36d3e38227864d398ba195f52d476e879d7d.bps'],['bd3a36d3e38227864d398ba195f52d476e879d7d.json'],
,,16 Jun 2023,34127,New Sonic Generations,,,,,None,,,,,None,,/?p=section&a=details&id=34127,,,['0c7166242a16d5a1326d428b60289e60f4cbb9ff.bps'],['0c7166242a16d5a1326d428b60289e60f4cbb9ff.json'],
,,21 Jun 2023,34147,Beginning of the End (V 1.1),,,,,None,,,,,None,,/?p=section&a=details&id=34147,,,['067afe035fb4f53198f7e78051e8991b36f4e74d.bps'],['067afe035fb4f53198f7e78051e8991b36f4e74d.json'],
,,21 Jun 2023,34148,Mario's Pride Month Mini Quest,,,,,None,,,,,None,,/?p=section&a=details&id=34148,,,['3fc0d014cebf0794d4657d05b903861292b64f8f.bps'],['3fc0d014cebf0794d4657d05b903861292b64f8f.json'],
,,22 Jun 2023,34157,RASE FALL OF THWOMP DEFINITIVE EDITION,,,,,None,,,,,None,,/?p=section&a=details&id=34157,,,['2f37cd1315336107984d6ee7fb1b93c42f46a626.bps'],['2f37cd1315336107984d6ee7fb1b93c42f46a626.json'],
,,26 Jun 2023,34182,Mario must... not die!,,,,,pinguwahoo,,,,,"Standard: Normal, Standard: Hard, Standard: Very Hard",,/?p=section&a=details&id=34182,,,['981d285939edec4d1f6a21b170a8331d176b4df7.bps'],['981d285939edec4d1f6a21b170a8331d176b4df7.json'],
,,26 Jun 2023,34183,I Played Too Much JokerShellOK and Made This. I'm Sorry,,,,,shovda,,,,,Kaizo: Expert,,/?p=section&a=details&id=34183,,,['03c618d15bf9d344146a4abc1fb8253bb403acb6.bps'],['03c618d15bf9d344146a4abc1fb8253bb403acb6.json'],
,,30 Jun 2023,34201,Super Marisa Adventure World 2 - Mari Mari Back Forward Around (World-6 Demo),,,,,Shiki_Makiro,,,,,Standard: Very Hard,,/?p=section&a=details&id=34201,,,['35ee5322108740d64b5d1a1291d71c27ab1ca13f.bps'],['35ee5322108740d64b5d1a1291d71c27ab1ca13f.json'],
,,30 Jun 2023,34205,Super Adventure Island,,,,,soytak111,,,,,Kaizo: Beginner,,/?p=section&a=details&id=34205,,,['c1e76419d57f970528012f7f3229bdc6c3de8ae9.bps'],['c1e76419d57f970528012f7f3229bdc6c3de8ae9.json'],
,,01 Jul 2023,34211,Sonic CD (usa)ost snes edition MSU-1,,,,,figuiDOS,,,,,Standard: Normal,,/?p=section&a=details&id=34211,,,['4124018ef9664933582c541db445687bbd9f32b2.bps'],['4124018ef9664933582c541db445687bbd9f32b2.json'],
,,02 Jul 2023,34220,Sonic CD (JP)ost snes edition MSU-1,,,,,figuiDOS,,,,,Standard: Normal,,/?p=section&a=details&id=34220,,,['f4be03793dc39c57de32ecd0e10b9f28be14f25c.bps'],['f4be03793dc39c57de32ecd0e10b9f28be14f25c.json'],
,,03 Jul 2023,34231,Super Boonie World,,,,,dubiousdinobot,,,,,Kaizo: Intermediate,,/?p=section&a=details&id=34231,,,['2e16644d8beb2fd014d06a48246ca1add29371cd.bps'],['2e16644d8beb2fd014d06a48246ca1add29371cd.json'],
,,04 Jul 2023,34240,Daymaker: Release From Doomsday,,,,,Plasma303,,,,,Standard: Normal,,/?p=section&a=details&id=34240,,,['934146a060ea2668df2e2286abf5bb5856e91cc7.bps'],['934146a060ea2668df2e2286abf5bb5856e91cc7.json'],
,,08 Jul 2023,34260,good old days 3,,,,,OEO6,,,,,"Kaizo: Intermediate, Standard: Very Hard",,/?p=section&a=details&id=34260,,,['d983c8e932b5ea7b38a9f8ab2ecce7f8071b690d.bps'],['d983c8e932b5ea7b38a9f8ab2ecce7f8071b690d.json'],
,,08 Jul 2023,34272,Super Mario World: 2-world Turf War,,,,,neptunes-bad-at-hacking,,,,,Standard: Easy,,/?p=section&a=details&id=34272,,,['a58326780cb6e9882ae6a0d34e780bbc19b3777c.bps'],['a58326780cb6e9882ae6a0d34e780bbc19b3777c.json'],
,,08 Jul 2023,34275,Thinked world,,,,,time's not left,,,,,Kaizo: Intermediate,,/?p=section&a=details&id=34275,,,['29aea436e8f49eece5a0c81b657e43c14b87c0a5.bps'],['29aea436e8f49eece5a0c81b657e43c14b87c0a5.json'],
,,08 Jul 2023,34276,Thinked world,,,,,time's not left,,,,,Kaizo: Intermediate,,/?p=section&a=details&id=34276,,,['58bc9efc5d5bf99d9b3f0867ceb6743aa9696059.bps'],['58bc9efc5d5bf99d9b3f0867ceb6743aa9696059.json'],
,,10 Jul 2023,34309,Chuck Must Die,,,,,Flavvless,,,,,Kaizo: Intermediate,,/?p=section&a=details&id=34309,,,['ba3826931b3267858a75f6a8ba578f838b38cbe1.bps'],['ba3826931b3267858a75f6a8ba578f838b38cbe1.json'],
,,14 Jul 2023,34375,Dysphoria,,,,,shovda,,,,,Kaizo: Intermediate,,/?p=section&a=details&id=34375,,,['ccc1c6c9e1828532b836111e4ee2dfd41fd2317a.bps'],['ccc1c6c9e1828532b836111e4ee2dfd41fd2317a.json'],
,,14 Jul 2023,34378,Thinked world,,,,,time's not left,,,,,Kaizo: Intermediate,,/?p=section&a=details&id=34378,,,['5af4e6f56c0fb22d70152f6c5b6172cbe0c9d415.bps'],['5af4e6f56c0fb22d70152f6c5b6172cbe0c9d415.json'],
,,15 Jul 2023,34388,Super Hanokah World,,,,,hanokah,,,,,"Standard: Normal, Standard: Hard",,/?p=section&a=details&id=34388,,,['5292458f50607916abb432fc86507b03ec959c61.bps'],['5292458f50607916abb432fc86507b03ec959c61.json'],
,,16 Jul 2023,34391,Super Breh World,,,,,None,,,,,Kaizo: Intermediate,,/?p=section&a=details&id=34391,,,['e2ba4b0bb4d8a345ae099aa0e8290b5899574b9d.bps'],['e2ba4b0bb4d8a345ae099aa0e8290b5899574b9d.json'],
,,17 Jul 2023,34395,Chuck Must Die,,,,,Flavvless,,,,,Kaizo: Intermediate,,/?p=section&a=details&id=34395,,,['d8d9829bf877d32212e2bf4436ddd6695d598b58.bps'],['d8d9829bf877d32212e2bf4436ddd6695d598b58.json'],
,,17 Jul 2023,34396,Luigi's Adventure OSE,,,,,Anikiti,,,,,Standard: Very Hard,,/?p=section&a=details&id=34396,,,"['52e1e54373a3bad398ac74234e2f3a4a6d2023ff.bps', '0e993f4855e1fdd8c40a79ca27de47157a548932.bps']","['52e1e54373a3bad398ac74234e2f3a4a6d2023ff.json', '0e993f4855e1fdd8c40a79ca27de47157a548932.json']",
,,18 Jul 2023,34409,Super Mario World: 2-world Turf War v 1.3,,,,,neptunes-bad-at-hacking,,,,,Standard: Normal,,/?p=section&a=details&id=34409,,,['4144731bb4df4eb574c55246747ec2700487a3e0.bps'],['4144731bb4df4eb574c55246747ec2700487a3e0.json'],
,,19 Jul 2023,34411,Slow and Slower,,,,,Captain_Hacko,,,,,Kaizo: Intermediate,,/?p=section&a=details&id=34411,,,['872b0cb1d0764484f0b5bbe27e84759d03f099c3.bps'],['872b0cb1d0764484f0b5bbe27e84759d03f099c3.json'],
,,19 Jul 2023,34416,Super Mario Legends 3 - Bowser's Last Stand,,,,,Raychu2021,,,,,Standard: Normal,,/?p=section&a=details&id=34416,,,['9b2ac8a1b62930b4e7d7eb1244ac62ea511b9460.bps'],['9b2ac8a1b62930b4e7d7eb1244ac62ea511b9460.json'],
,,20 Jul 2023,34425,Mario Starcatcher 2,,,,,Yutuz,,,,,Standard: Normal,,/?p=section&a=details&id=34425,,,['2f636396d4ed4b16d93d85f60bb80a54a526aa52.bps'],['2f636396d4ed4b16d93d85f60bb80a54a526aa52.json'],
,,21 Jul 2023,34428,Dysphoria,,,,,shovda,,,,,Kaizo: Intermediate,,/?p=section&a=details&id=34428,,,['acfee1db10035c65cb531cd0843292d4444cd487.bps'],['acfee1db10035c65cb531cd0843292d4444cd487.json'],
,,21 Jul 2023,34433,mario land 4,,,,,Mgraymallio,,,,,Standard: Normal,,/?p=section&a=details&id=34433,,,['fc5f1b2be200fed94fad38b94a47c8eab72ca778.bps'],['fc5f1b2be200fed94fad38b94a47c8eab72ca778.json'],
,,21 Jul 2023,34434,Super Mario World: 2-World Turf War v1.3.4,,,,,neptunes-bad-at-hacking,,,,,Standard: Normal,,/?p=section&a=details&id=34434,,,['4144731bb4df4eb574c55246747ec2700487a3e0.bps'],['4144731bb4df4eb574c55246747ec2700487a3e0.json'],
,,21 Jul 2023,34435,Mushroom Kingdom Escape,,,,,Mario is the best,,,,,"Standard: Normal, Standard: Hard",,/?p=section&a=details&id=34435,,,['6f4bef7c7a380516d644b7212e9c8d6f0fcd379a.bps'],['6f4bef7c7a380516d644b7212e9c8d6f0fcd379a.json'],
,,21 Jul 2023,34437,Mushroom Kingdom Escape,,,,,Mario is the best,,,,,"Standard: Normal, Standard: Hard",,/?p=section&a=details&id=34437,,,['11e5e9dbb7d13a9b25bd571c69946b1926d1ea45.bps'],['11e5e9dbb7d13a9b25bd571c69946b1926d1ea45.json'],
,,22 Jul 2023,34445,Super Popo World,,,,,LoloplotL,,,,,Standard: Very Hard,,/?p=section&a=details&id=34445,,,['77170ce480225f79c7e8e559e9c81a9623e5cb7b.bps'],['77170ce480225f79c7e8e559e9c81a9623e5cb7b.json'],
,,26 Jul 2023,34474,Dysphoria,,,,,shovda,,,,,Kaizo: Intermediate,,/?p=section&a=details&id=34474,,,['2e896a7ca0044e61362504e43f23b7251fc1eb95.bps'],['2e896a7ca0044e61362504e43f23b7251fc1eb95.json'],
,,29 Jul 2023,34511,Mario Mania,,,,,Hammerer,,,,,Standard: Normal,,/?p=section&a=details&id=34511,,,['3752bbb19be562d8fed4e5f5f7b822313449300e.bps'],['3752bbb19be562d8fed4e5f5f7b822313449300e.json'],
,,31 Jul 2023,34655,Super Boonie World,,,,,dubiousdinobot,,,,,Kaizo: Intermediate,,/?p=section&a=details&id=34655,,,['e3f3872739a12c4551eac1e6ef655a44c5ab251a.bps'],['e3f3872739a12c4551eac1e6ef655a44c5ab251a.json'],
,,01 Aug 2023,34658,Super Mario World - layer 3 and parallax scrolling hack,,,,,slogra,,,,,Standard: Normal,,/?p=section&a=details&id=34658,,,['5b63639324bd23d2b2b436b1bb4c2b7f8e362434.bps'],['5b63639324bd23d2b2b436b1bb4c2b7f8e362434.json'],
,,06 Aug 2023,34729,Banana Is Missing,,,,,BDgames2023,,,,,Standard: Normal,,/?p=section&a=details&id=34729,,,['8f403a3420d47c00843b84b40cf2d10f5c42377f.bps'],['8f403a3420d47c00843b84b40cf2d10f5c42377f.json'],
,,06 Aug 2023,34730,Banana Is Missing,,,,,BDgames2023,,,,,Standard: Normal,,/?p=section&a=details&id=34730,,,['8f403a3420d47c00843b84b40cf2d10f5c42377f.bps'],['8f403a3420d47c00843b84b40cf2d10f5c42377f.json'],
,,06 Aug 2023,34732,FloMcNasty World,,,,,AiSnake,,,,,Kaizo: Beginner,,/?p=section&a=details&id=34732,,,['6d46e3e7ff2a8aac9b26048357169e91a8af4df2.bps'],['6d46e3e7ff2a8aac9b26048357169e91a8af4df2.json'],
,,07 Aug 2023,34767,SMW.smc,,,,,MarioIsTheBest1234,,,,,Standard: Easy,,/?p=section&a=details&id=34767,,,['6eb2f7e572e32f7063c547ce746b7791a22a90a4.bps'],['6eb2f7e572e32f7063c547ce746b7791a22a90a4.json'],
,,07 Aug 2023,34772,Rob-omb's Quest 2,,,,,unknownperson123,,,,,Standard: Easy,,/?p=section&a=details&id=34772,,,['7864f6b3f635b87a3fbd9df30a1854cf0139cfad.bps'],['7864f6b3f635b87a3fbd9df30a1854cf0139cfad.json'],
,,10 Aug 2023,34810,Super Napu World,,,,,MrNapkino,,,,,Kaizo: Intermediate,,/?p=section&a=details&id=34810,,,['1ad20e807905a1e8972e338bb1b0de3223c6e011.bps'],['1ad20e807905a1e8972e338bb1b0de3223c6e011.json'],
,,15 Aug 2023,34865,nintendo world,,,,,colten,,,,,Standard: Easy,,/?p=section&a=details&id=34865,,,['61be59927491e4d9bddc9dfb85f459f8a002ccd9.bps'],['61be59927491e4d9bddc9dfb85f459f8a002ccd9.json'],
,,16 Aug 2023,34876,Wake Up Call,,,,,lustreflux,,,,,Kaizo: Beginner,,/?p=section&a=details&id=34876,,,['396a569e26292d04a12ba448f8d5f21083726066.bps'],['396a569e26292d04a12ba448f8d5f21083726066.json'],
,,19 Aug 2023,34911,Ours Life,,,,,Lysenko_Offical,,,,,Standard: Normal,,/?p=section&a=details&id=34911,,,['8d0d95730b109656341439c12002dc2bc4d6dea4.bps'],['8d0d95730b109656341439c12002dc2bc4d6dea4.json'],
,,20 Aug 2023,34916,mario youtuber seu mundo 1,,,,,calebegamesrom,,,,,Standard: Normal,,/?p=section&a=details&id=34916,,,['978537478f55acad93128194c71deb937afb8863.bps'],['978537478f55acad93128194c71deb937afb8863.json'],
,,23 Aug 2023,34937,INCEPTION II,,,,,Dr.Moe,,,,,Kaizo: Intermediate,,/?p=section&a=details&id=34937,,,['f34b1da3319170df0f28b92825a46efaa8c1968c.bps'],['f34b1da3319170df0f28b92825a46efaa8c1968c.json'],
,,26 Aug 2023,34962,Mario World The Mario Adventure,,,,,rodark,,,,,Standard: Normal,,/?p=section&a=details&id=34962,,,['776672e427d1e85f67ab947b34a0175c2f3f5ac9.bps'],['776672e427d1e85f67ab947b34a0175c2f3f5ac9.json'],
,,26 Aug 2023,34965,Mario World The Mario Adventure,,,,,rodark,,,,,Standard: Normal,,/?p=section&a=details&id=34965,,,['b535e796dcbe436c95e223f2ff1f6e1ea7b7d30a.bps'],['b535e796dcbe436c95e223f2ff1f6e1ea7b7d30a.json'],
,,28 Aug 2023,34972,Super Mario. The Next Levels 4,,,,,Rauf,,,,,Standard: Hard,,/?p=section&a=details&id=34972,,,['dc6aa4233c852e6fa92bfee08e071e2586d3a5ee.bps'],['dc6aa4233c852e6fa92bfee08e071e2586d3a5ee.json'],
,,09 Sep 2023,34976,Empty Mario World,,,,,bella-w,,,,,Standard: Easy,,/?p=section&a=details&id=34976,,,['6850032269edd2ffbed3d8df79c4efcf0a61bb5f.bps'],['6850032269edd2ffbed3d8df79c4efcf0a61bb5f.json'],
,,28 Aug 2023,34979,Super Mario. The Next Levels 3,,,,,Rauf,,,,,Standard: Normal,,/?p=section&a=details&id=34979,,,"['351f1bdbddaf75688f90528888bdd6fa68c45288.bps', 'e511abe3a5d8bdb5c5b9a2e672ba5ba691daea11.bps']","['351f1bdbddaf75688f90528888bdd6fa68c45288.json', 'e511abe3a5d8bdb5c5b9a2e672ba5ba691daea11.json']",
,,31 Aug 2023,35000,Mario Up,,,,,Hammerer,,,,,Standard: Very Hard,,/?p=section&a=details&id=35000,,,"['305b9f68cf571eec69eecb4fc7b518436d6d2a0c.bps', 'a3711c11dade97e6ce40f1976c230be1e499e8bd.bps']","['305b9f68cf571eec69eecb4fc7b518436d6d2a0c.json', 'a3711c11dade97e6ce40f1976c230be1e499e8bd.json']",
,,03 Sep 2023,35018,Aventures Begin,,,,,Yutuz,,,,,Standard: Normal,,/?p=section&a=details&id=35018,,,['146563e6a599c61e378c340c7a485b5979ca067b.bps'],['146563e6a599c61e378c340c7a485b5979ca067b.json'],
,,11 Sep 2023,35058,The heat,,,,,IcAnTkAiZo,,,,,Kaizo: Beginner,,/?p=section&a=details&id=35058,,,['8f07a0e94920773924a1b81baa68d63bed1de0c5.bps'],['8f07a0e94920773924a1b81baa68d63bed1de0c5.json'],
,,14 Sep 2023,35068,Super Super Mario World (SSMW),,,,,etherafr2,,,,,Kaizo: Intermediate,,/?p=section&a=details&id=35068,,,['2a3610972f79f6de6367db41df32dc9720822dc5.bps'],['2a3610972f79f6de6367db41df32dc9720822dc5.json'],
,,15 Sep 2023,35079,Super Luigi World - alpha,,,,,Luigi764,,,,,"Standard: Normal, Standard: Hard",,/?p=section&a=details&id=35079,,,['c62eeae79e6663884ad92352da5835e00886bcc0.bps'],['c62eeae79e6663884ad92352da5835e00886bcc0.json'],
,,18 Sep 2023,35099,IcAnTkAiZo World,,,,,IcAnTkAiZo,,,,,Kaizo: Intermediate,,/?p=section&a=details&id=35099,,,['d49d62c19648835f31da7d0c355856451f1321dd.bps'],['d49d62c19648835f31da7d0c355856451f1321dd.json'],
,,23 Sep 2023,35116,Fresh Hops,,,,,MorrieTheMagpie,,,,,Kaizo: Intermediate,,/?p=section&a=details&id=35116,,,['3625cb6da91b5a8df852e8922921b2768ceffbdd.bps'],['3625cb6da91b5a8df852e8922921b2768ceffbdd.json'],
,,25 Sep 2023,35134,Mario Up,,,,,Hammerer,,,,,"Standard: Very Hard, Misc.: Troll",,/?p=section&a=details&id=35134,,,"['d97100bf42a9cf2ad3aa5fe8c0e152745ba0cfcb.bps', 'a6c0e22e6121a78dd6158cbed2b29e971419e59d.bps']","['d97100bf42a9cf2ad3aa5fe8c0e152745ba0cfcb.json', 'a6c0e22e6121a78dd6158cbed2b29e971419e59d.json']",
,,29 Sep 2023,35144,Aventures Begin,,,,,Yutuz,,,,,Standard: Normal,,/?p=section&a=details&id=35144,,,['dc84cdb6362436a0bb32303d3ae754eb8ba90207.bps'],['dc84cdb6362436a0bb32303d3ae754eb8ba90207.json'],
,,02 Oct 2023,35160,Luigi's Misadventures 5 - Rougenia Merald's challenge,,,,,Roberto zampari,,,,,Standard: Hard,,/?p=section&a=details&id=35160,,,['a60efd60893014904b3743e9fbbbdab24000e99e.bps'],['a60efd60893014904b3743e9fbbbdab24000e99e.json'],
,,03 Oct 2023,35162,Ours Life 2,,,,,Lysenko_Offical,,,,,Standard: Hard,,/?p=section&a=details&id=35162,,,['befb43e7aac63516949ca85b085fea53b8e6673b.bps'],['befb43e7aac63516949ca85b085fea53b8e6673b.json'],
,,03 Oct 2023,35164,Play To Win,,,,,Mr. MS,,,,,Standard: Normal,,/?p=section&a=details&id=35164,,,['46ff9672c85d407c610f890d44f48378fd7144b0.bps'],['46ff9672c85d407c610f890d44f48378fd7144b0.json'],
,,03 Oct 2023,35168,Super Mario Ding Dong Pizza Flubapalooza,,,,,Vyxi,,,,,Standard: Normal,,/?p=section&a=details&id=35168,,,['2ef9ce761a6c4e78ed72e30466b04b80793c67e0.bps'],['2ef9ce761a6c4e78ed72e30466b04b80793c67e0.json'],
,,05 Oct 2023,35189,To Shell And Back!,,,,,BUX88,,,,,Kaizo: Expert,,/?p=section&a=details&id=35189,,,['aee773e63d3b44fe24db751a794bd899c1dcb536.bps'],['aee773e63d3b44fe24db751a794bd899c1dcb536.json'],
,,06 Oct 2023,35203,Kamikaze,,,,,obiet,,,,,Kaizo: Intermediate,,/?p=section&a=details&id=35203,,,"['f9451fe89a224730a1fa12d4cb61a1bfd96650e8.bps', '040f77920b71596f896e227eba5aa189ff717ae6.bps']","['f9451fe89a224730a1fa12d4cb61a1bfd96650e8.json', '040f77920b71596f896e227eba5aa189ff717ae6.json']",
,,06 Oct 2023,35204,Kamikaze,,,,,obiet,,,,,Kaizo: Intermediate,,/?p=section&a=details&id=35204,,,"['f9451fe89a224730a1fa12d4cb61a1bfd96650e8.bps', '040f77920b71596f896e227eba5aa189ff717ae6.bps']","['f9451fe89a224730a1fa12d4cb61a1bfd96650e8.json', '040f77920b71596f896e227eba5aa189ff717ae6.json']",
,,10 Oct 2023,35228,Super Mario Horizons,,,,,MegacesarCG,,,,,Standard: Hard,,/?p=section&a=details&id=35228,,,['3747b5e1b5d411788c70b30bdcb5e24da383615f.bps'],['3747b5e1b5d411788c70b30bdcb5e24da383615f.json'],
,,15 Oct 2023,35253,Kamikaze 1.01,,,,,obiet,,,,,Kaizo: Beginner,,/?p=section&a=details&id=35253,,,"['f9451fe89a224730a1fa12d4cb61a1bfd96650e8.bps', 'aab74728c8eb0da33274b861417f858f682fa0f8.bps', '040f77920b71596f896e227eba5aa189ff717ae6.bps', '19091e3b8153e8e81733e608b31d69d0666d0d2a.bps']","['f9451fe89a224730a1fa12d4cb61a1bfd96650e8.json', 'aab74728c8eb0da33274b861417f858f682fa0f8.json', '040f77920b71596f896e227eba5aa189ff717ae6.json', '19091e3b8153e8e81733e608b31d69d0666d0d2a.json']",
,,17 Oct 2023,35288,Chuck Must Die,,,,,Flavvless,,,,,Kaizo: Intermediate,,/?p=section&a=details&id=35288,,,['ac130eb7ed3b9d85ccc0e6d2e07a2a3ba039609d.bps'],['ac130eb7ed3b9d85ccc0e6d2e07a2a3ba039609d.json'],
,,21 Oct 2023,35318,Luigi's Misadventures 5 - Rougenia Merald's challenge,,,,,Roberto zampari,,,,,Standard: Hard,,/?p=section&a=details&id=35318,,,['61aac6934eddeb5ace7ab2765db03564d49c3745.bps'],['61aac6934eddeb5ace7ab2765db03564d49c3745.json'],
,,26 Oct 2023,35355,Super Mario World: Season 3,,,,,DaHitmenGuy,,,,,Standard: Normal,,/?p=section&a=details&id=35355,,,['bd9c9d9c1112bb2832ae86d43ccb9a86af52fc7b.bps'],['bd9c9d9c1112bb2832ae86d43ccb9a86af52fc7b.json'],
,,28 Oct 2023,35361,Broken Super Mario World,,,,,kramsdell,,,,,Standard: Very Hard,,/?p=section&a=details&id=35361,,,['3cd66809efecdcef06123e0832c6466f8c786772.bps'],['3cd66809efecdcef06123e0832c6466f8c786772.json'],
,,03 Nov 2023,35415,Short but Savage,,,,,H3nt4ik4m3n,,,,,Kaizo: Intermediate,,/?p=section&a=details&id=35415,,,['636b3a41234d79f91f90eaaf3f750a5115c10133.bps'],['636b3a41234d79f91f90eaaf3f750a5115c10133.json'],
,,05 Nov 2023,35433,Banana is Missing!,,,,,BDgames2023,,,,,Standard: Normal,,/?p=section&a=details&id=35433,,,['fbb696a8302e8b255ff52e53d80765fceb229b82.bps'],['fbb696a8302e8b255ff52e53d80765fceb229b82.json'],
,,05 Nov 2023,35434,Mega Mario World 2: Awakened Power,,,,,yoshi3706,,,,,Standard: Normal,,/?p=section&a=details&id=35434,,,['16fca62eadf2f03d1bf653f0ca3503a10d4fa5f1.bps'],['16fca62eadf2f03d1bf653f0ca3503a10d4fa5f1.json'],
,,05 Nov 2023,35435,Mega Mario World 2: Awakened Power,,,,,yoshi3706,,,,,Standard: Normal,,/?p=section&a=details&id=35435,,,['12f0a7d4c4cc0de2e5b8e69b4216cba5331e0606.bps'],['12f0a7d4c4cc0de2e5b8e69b4216cba5331e0606.json'],
,,05 Nov 2023,35438,Super Qwholled World!,,,,,Qwoll,,,,,Kaizo: Beginner,,/?p=section&a=details&id=35438,,,['04765162bbf4e742a8934972ac99311213fe971f.bps'],['04765162bbf4e742a8934972ac99311213fe971f.json'],
,,06 Nov 2023,35440,Mega Mario World 2: Awakened Power,,,,,yoshi3706,,,,,Standard: Normal,,/?p=section&a=details&id=35440,,,['12f0a7d4c4cc0de2e5b8e69b4216cba5331e0606.bps'],['12f0a7d4c4cc0de2e5b8e69b4216cba5331e0606.json'],
,,09 Nov 2023,35488,Marios Challenge 1,,,,,SMW Magic,,,,,Standard: Easy,,/?p=section&a=details&id=35488,,,['13f3bb0cf9fc296d64f70604041e09417cdffa91.bps'],['13f3bb0cf9fc296d64f70604041e09417cdffa91.json'],
,,10 Nov 2023,35494,Mysterious Mario ROM,,,,,someblox,,,,,Misc.: Troll,,/?p=section&a=details&id=35494,,,['230863943d7cf4d33c7075e7073a3092a2e7507e.bps'],['230863943d7cf4d33c7075e7073a3092a2e7507e.json'],
,,14 Nov 2023,35514,SA-1: Special Adventure - 1,,,,,Hayashi Neru,,,,,Standard: Hard,,/?p=section&a=details&id=35514,,,"['d7210ff049903570a565d62d8a4e87bb9d645cdc.bps', 'da3e66d1b30dab7c8109a03f42bbc732f84aa496.bps', '4af4d1af7fdf3ee28e5d1d8a600ab1563046bddf.bps']","['d7210ff049903570a565d62d8a4e87bb9d645cdc.json', 'da3e66d1b30dab7c8109a03f42bbc732f84aa496.json', '4af4d1af7fdf3ee28e5d1d8a600ab1563046bddf.json']",
,,15 Nov 2023,35520,The alternative super Mario bros,,,,,w guy,,,,,Kaizo: Intermediate,,/?p=section&a=details&id=35520,,,['ed361ee08270a8d9192939dd51315ebceb1356fb.bps'],['ed361ee08270a8d9192939dd51315ebceb1356fb.json'],
,,16 Nov 2023,35528,Super Mario Land World,,,,,Lush_50,,,,,Standard: Normal,,/?p=section&a=details&id=35528,,,"['22096d235e8b03bac5108658bc26b8e108cb5cf0.bps', '95bdd0a6d50a04834c86220fd68ce4dfe5386f22.bps']","['22096d235e8b03bac5108658bc26b8e108cb5cf0.json', '95bdd0a6d50a04834c86220fd68ce4dfe5386f22.json']",
,,18 Nov 2023,35539,Super Yaguchi World,,,,,Yaguchi,,,,,Kaizo: Intermediate,,/?p=section&a=details&id=35539,,,['0010123019ae527017a625515903117fc1071adc.bps'],['0010123019ae527017a625515903117fc1071adc.json'],
,,19 Nov 2023,35545,Sonic CD senes version (USA) final test,,,,,figuiDOS,,,,,Standard: Normal,,/?p=section&a=details&id=35545,,,['061bec013da8b42eef87472fc43314bf4ed8a063.bps'],['061bec013da8b42eef87472fc43314bf4ed8a063.json'],
,,19 Nov 2023,35546,KAIZO ISLAND,,,,,SMW Magic,,,,,Tool-Assisted: Pit,,/?p=section&a=details&id=35546,,,['56650730fcbc803b5b7d4a4e4858d21b06baa3f6.bps'],['56650730fcbc803b5b7d4a4e4858d21b06baa3f6.json'],
,,20 Nov 2023,35547,Banana is Missing!,,,,,BDgames2023,,,,,Standard: Normal,,/?p=section&a=details&id=35547,,,['1da2d5d7c1b13b58fbd9e88d2d4e0a490282426b.bps'],['1da2d5d7c1b13b58fbd9e88d2d4e0a490282426b.json'],
,,20 Nov 2023,35548,mario lost in the world,,,,,enano 2010,,,,,Standard: Normal,,/?p=section&a=details&id=35548,,,['fb142830a24ec5c703dc1b3613ababe9f838f7dd.bps'],['fb142830a24ec5c703dc1b3613ababe9f838f7dd.json'],
,,22 Nov 2023,35554,The Alternative Super Mario Bros.,,,,,w guy,,,,,Kaizo: Intermediate,,/?p=section&a=details&id=35554,,,['d302a814f75b1decf728cdd3e079f4a3e5401f9f.bps'],['d302a814f75b1decf728cdd3e079f4a3e5401f9f.json'],
,,03 Dec 2023,35623,Mario is looking for the Golden Pizzaland,,,,,Saibot1997,,,,,Standard: Normal,,/?p=section&a=details&id=35623,,,['872678a7a6db6319de50882ecea045d3d5704193.bps'],['872678a7a6db6319de50882ecea045d3d5704193.json'],
,,07 Dec 2023,35661,Red City,,,,,redkiller,,,,,Kaizo: Intermediate,,/?p=section&a=details&id=35661,,,['b120112362ecd5014e2d07bc6d0c854504c69512.bps'],['b120112362ecd5014e2d07bc6d0c854504c69512.json'],
,,11 Dec 2023,35684,Super Mario World: Crazy Weather DEMO 1.0,,,,,Lucca8182838,,,,,Standard: Normal,,/?p=section&a=details&id=35684,,,['fd6650aef8b623c31acb53c4a4a4c88fe5febc11.bps'],['fd6650aef8b623c31acb53c4a4a4c88fe5febc11.json'],
,,12 Dec 2023,35689,Super Hark Bros 2,,,,,ChrisG___,,,,,Kaizo: Intermediate,,/?p=section&a=details&id=35689,,,['ce5c989892e87f889b89899513c697841d987f6e.bps'],['ce5c989892e87f889b89899513c697841d987f6e.json'],
,,14 Dec 2023,35707,Nonsense,,,,,None,,,,,Standard: Very Hard,,/?p=section&a=details&id=35707,,,['41d039f1fa7a88488354d5b3f462845d344d30c1.bps'],['41d039f1fa7a88488354d5b3f462845d344d30c1.json'],
,,25 Dec 2023,35768,A New Super Mario World Beta,,,,,Weird_Val,,,,,Standard: Normal,,/?p=section&a=details&id=35768,,,['571d6586b94f6e40ef148262a5130624f0e1ecc3.bps'],['571d6586b94f6e40ef148262a5130624f0e1ecc3.json'],
,,26 Dec 2023,35777,The Pit Level 3,,,,,IgorSantos777,,,,,Tool-Assisted: Pit,,/?p=section&a=details&id=35777,,,['7ec95e755af465f3445960df926595961c5c2ac6.bps'],['7ec95e755af465f3445960df926595961c5c2ac6.json'],
,,29 Dec 2023,35792,telinc test bullshit,,,,,Telinc1,,,,,"Standard: Very Hard, Misc.: Troll",,/?p=section&a=details&id=35792,,,['e23090d57629f00eb2846325d3a15633d4e9fc4c.bps'],['e23090d57629f00eb2846325d3a15633d4e9fc4c.json'],
,,29 Dec 2023,35793,Super Hark Bros 2,,,,,ChrisG___,,,,,Kaizo: Intermediate,,/?p=section&a=details&id=35793,,,['5f5a74d799e9d4ce1c4e8052cd4dc1c45867d128.bps'],['5f5a74d799e9d4ce1c4e8052cd4dc1c45867d128.json'],
,,29 Dec 2023,35796,Free Verse For Sara,,,,,flips_bad,,,,,Kaizo: Expert,,/?p=section&a=details&id=35796,,,['f64450ad7bfb72d42e737c23dad8bf5c72e9c9ed.bps'],['f64450ad7bfb72d42e737c23dad8bf5c72e9c9ed.json'],
,,29 Dec 2023,35797,Free Verse For Sara,,,,,flips_bad,,,,,Kaizo: Expert,,/?p=section&a=details&id=35797,,,['8ff03b0540b76f031111a0612c0056e7ff9bdea5.bps'],['8ff03b0540b76f031111a0612c0056e7ff9bdea5.json'],
,,29 Dec 2023,35807,Super Mario World As Ilhas 2,,,,,RafaGamerFire,,,,,Standard: Normal,,/?p=section&a=details&id=35807,,,['bc006445ff6731bd81b55394981b522d32de3fc8.bps'],['bc006445ff6731bd81b55394981b522d32de3fc8.json'],
,,31 Dec 2023,35847,Grand Poo World 3,,,,,Barbarian,,,,,Kaizo: Expert,,/?p=section&a=details&id=35847,,,['309e8dd89e31579cb85a86ad7efff9d19d9da9c7.bps'],['309e8dd89e31579cb85a86ad7efff9d19d9da9c7.json'],
,,01 Jan 2024,35858,Grand Poo World 3,,,,,Barbarian,,,,,Kaizo: Expert,,/?p=section&a=details&id=35858,,,['309e8dd89e31579cb85a86ad7efff9d19d9da9c7.bps'],['309e8dd89e31579cb85a86ad7efff9d19d9da9c7.json'],
,,05 Jan 2024,35882,Knuckles Saves Christmas,,,,,sholmes,,,,,Standard: Normal,,/?p=section&a=details&id=35882,,,['6048ade58b7156e47dc051a1df11f067d8f2fee7.bps'],['6048ade58b7156e47dc051a1df11f067d8f2fee7.json'],
,,07 Jan 2024,36578,Super Video World 2,,,,,FantasticFox,,,,,Kaizo: Intermediate,,/?p=section&a=details&id=36578,,,['29a8c8d632b8c62404c37acd846189835d2a89e3.bps'],['29a8c8d632b8c62404c37acd846189835d2a89e3.json'],
,,08 Jan 2024,36582,Super LCMARIO World (V4.1),,,,,LCCRAFT,,,,,Standard: Easy,,/?p=section&a=details&id=36582,,,['7dcd6d6c2745782a3cf5149cd485ceb09245dbeb.bps'],['7dcd6d6c2745782a3cf5149cd485ceb09245dbeb.json'],
,,08 Jan 2024,36585,Grand Poo World 3,,,,,Barbarian,,,,,Kaizo: Expert,,/?p=section&a=details&id=36585,,,['309e8dd89e31579cb85a86ad7efff9d19d9da9c7.bps'],['309e8dd89e31579cb85a86ad7efff9d19d9da9c7.json'],
,,08 Jan 2024,36589,Octopus,,,,,Joosh,,,,,Kaizo: Beginner,,/?p=section&a=details&id=36589,,,['e0fa9c0bc977c6fbb81c155b6cae5d5206034acb.bps'],['e0fa9c0bc977c6fbb81c155b6cae5d5206034acb.json'],
,,10 Jan 2024,36596,Mario's Misadventures: The Secret of The 11 Gems,,,,,signature_steve,,,,,Standard: Hard,,/?p=section&a=details&id=36596,,,['2526aaa57b44fe61304b91a42565b8cbb24860da.bps'],['2526aaa57b44fe61304b91a42565b8cbb24860da.json'],
,,12 Jan 2024,36602,Super Mario World Chocolate Island,,,,,Pink Gold Peach,,,,,"Standard: Normal, Standard: Hard",,/?p=section&a=details&id=36602,,,['8dce907b9a7465859d72a18c0eb9af1ad3f6e705.bps'],['8dce907b9a7465859d72a18c0eb9af1ad3f6e705.json'],
,,16 Jan 2024,36630,VOQBON.smc,,,,,Phyll,,,,,Kaizo: Intermediate,,/?p=section&a=details&id=36630,,,['f6d21f3b2caf9bddd7c3f24f89378dfef0eac41a.bps'],['f6d21f3b2caf9bddd7c3f24f89378dfef0eac41a.json'],
,,20 Jan 2024,36667,B10H4Z4RD,,,,,Royal Nico TS,,,,,Kaizo: Intermediate,,/?p=section&a=details&id=36667,,,['032e868cef8b8cbff9c05e1a1e0207b03826e1e5.bps'],['032e868cef8b8cbff9c05e1a1e0207b03826e1e5.json'],
,,21 Jan 2024,36674,Onegai My Melody Special Edition Demo,,,,,None,,,,,Standard: Normal,,/?p=section&a=details&id=36674,,,['ccf76234503c273706c5b99e50748054a1ad7c51.bps'],['ccf76234503c273706c5b99e50748054a1ad7c51.json'],
,,21 Jan 2024,36677,Super Mario World Late 1990 beta recreation,,,,,GIORGOSXAL,,,,,Standard: Normal,,/?p=section&a=details&id=36677,,,['02f8b108e1d87e0b58cfef61df89a88af5b7038c.bps'],['02f8b108e1d87e0b58cfef61df89a88af5b7038c.json'],
,,22 Jan 2024,36681,"Super mario world challenge version,",,,,,Chris gaming,,,,,Standard: Very Hard,,/?p=section&a=details&id=36681,,,['c48278a8fce8a045e9fd4572654f6d1ede2a4492.bps'],['c48278a8fce8a045e9fd4572654f6d1ede2a4492.json'],
,,22 Jan 2024,36684,Super Mario World : The Definitive Edition,,,,,LeonardoGamerTrainz,,,,,Standard: Normal,,/?p=section&a=details&id=36684,,,['204fe8c8f8f1d9475bf6113f40d5169d64c6ba81.bps'],['204fe8c8f8f1d9475bf6113f40d5169d64c6ba81.json'],
,,24 Jan 2024,36720,Häschen [hɛʃn̩,,,,,None,,,,,Standard: Normal,,/?p=section&a=details&id=36720,,,['4784dbb29339bd965b411d170f507094dc3342df.bps'],['4784dbb29339bd965b411d170f507094dc3342df.json'],
,,27 Jan 2024,36771,Roke Shell,,,,,magianegra21,,,,,Kaizo: Intermediate,,/?p=section&a=details&id=36771,,,['b97ec018697465b86ab8889058d5167b4cdad4da.bps'],['b97ec018697465b86ab8889058d5167b4cdad4da.json'],
,,28 Jan 2024,36773,Super Mario War,,,,,CapedBiddyBud,,,,,Standard: Normal,,/?p=section&a=details&id=36773,,,['48468dde76785260addf0502eeddd19ce6ce6d86.bps'],['48468dde76785260addf0502eeddd19ce6ce6d86.json'],
,,28 Jan 2024,36774,Roke Shell,,,,,magianegra21,,,,,Kaizo: Intermediate,,/?p=section&a=details&id=36774,,,['3e9c38e6c2c2d29bd720be3cbb19c9e4851c51b3.bps'],['3e9c38e6c2c2d29bd720be3cbb19c9e4851c51b3.json'],
,,28 Jan 2024,36775,Evil Doopu World 2,,,,,EvilAdmiralKivi,,,,,Kaizo: Expert,,/?p=section&a=details&id=36775,,,['0f1f19322ebd0220cebf4c996b73ed969de1094e.bps'],['0f1f19322ebd0220cebf4c996b73ed969de1094e.json'],
,,28 Jan 2024,36777,Super Pepe,,,,,Luis Mar,,,,,Standard: Normal,,/?p=section&a=details&id=36777,,,['eb836e5a9e6740cd5a5be5e8c55bcae9446a4c30.bps'],['eb836e5a9e6740cd5a5be5e8c55bcae9446a4c30.json'],
,,02 Feb 2024,36799,Super Alabama Beach Mouse,,,,,marvisjj,,,,,Kaizo: Expert,,/?p=section&a=details&id=36799,,,['20cda855d09458634bf7c83ac1a727f1141ed171.bps'],['20cda855d09458634bf7c83ac1a727f1141ed171.json'],
,,03 Feb 2024,36800,Kazue World 2,,,,,None,,,,,Kaizo: Intermediate,,/?p=section&a=details&id=36800,,,['ccb3fa8ff8cc59a3b60c76c727967ab9911e6013.bps'],['ccb3fa8ff8cc59a3b60c76c727967ab9911e6013.json'],
,,03 Feb 2024,36803,Super Galega World v1.0,,,,,Rapha2k,,,,,Kaizo: Beginner,,/?p=section&a=details&id=36803,,,['43a8c60c25301c948ac750803bff0f01267d6a79.bps'],['43a8c60c25301c948ac750803bff0f01267d6a79.json'],
,,04 Feb 2024,36808,Once Again,,,,,Daffoxy,,,,,Kaizo: Intermediate,,/?p=section&a=details&id=36808,,,['ebd4a3728c6f2306d0a908d6b4f684fa41e7e6f7.bps'],['ebd4a3728c6f2306d0a908d6b4f684fa41e7e6f7.json'],
,,09 Feb 2024,36827,Amberland,,,,,Joosh,,,,,"Standard: Easy, Standard: Normal",,/?p=section&a=details&id=36827,,,['bdff9dcc5fd6f5cf953d3f1309ca2ae88e727ca6.bps'],['bdff9dcc5fd6f5cf953d3f1309ca2ae88e727ca6.json'],
,,10 Feb 2024,36829,Mario's Misadventures: The Secret of The 11 Gems,,,,,signature_steve,,,,,Standard: Normal,,/?p=section&a=details&id=36829,,,['2f2ac10f396cb98743b77f5289129fea4511e9f5.bps'],['2f2ac10f396cb98743b77f5289129fea4511e9f5.json'],
,,12 Feb 2024,36837,Lost Lasagna,,,,,Hectorpn13,,,,,Standard: Normal,,/?p=section&a=details&id=36837,,,['e37ec615e522adefe31ef11a1ac3d4f28465da2e.bps'],['e37ec615e522adefe31ef11a1ac3d4f28465da2e.json'],
,,13 Feb 2024,36845,Super Mario Adventure: Nice World,,,,,Joaoplays99,,,,,Standard: Hard,,/?p=section&a=details&id=36845,,,['0fdd72eec0803815b4a34fa2d6421212870b4d89.bps'],['0fdd72eec0803815b4a34fa2d6421212870b4d89.json'],
,,17 Feb 2024,36913,Super Pitro Shell,,,,,Gab Grego,,,,,Kaizo: Beginner,,/?p=section&a=details&id=36913,,,['9a7b21f708edd23b50bf3744b10a4f87b3095160.bps'],['9a7b21f708edd23b50bf3744b10a4f87b3095160.json'],
,,17 Feb 2024,36914,Med's World - A Stick's Birthday,,,,,GlitchyR-01,,,,,Standard: Hard,,/?p=section&a=details&id=36914,,,['7cc28b623ac771ef6c082e32c047bb3ee481f940.bps'],['7cc28b623ac771ef6c082e32c047bb3ee481f940.json'],
,,18 Feb 2024,36917,Mint Chocolate,,,,,dashlet,,,,,Standard: Hard,,/?p=section&a=details&id=36917,,,['c5edbec595e4a0e4bfc44917e2bab72c8cfee023.bps'],['c5edbec595e4a0e4bfc44917e2bab72c8cfee023.json'],
,,21 Feb 2024,36963,Super Mario's Moonjang,,,,,Nyngatin1234,,,,,Misc.: Troll,,/?p=section&a=details&id=36963,,,['7ef578de6fa811c6e786c8bd265b22f120b375de.bps'],['7ef578de6fa811c6e786c8bd265b22f120b375de.json'],
,,23 Feb 2024,36966,Super Mario World Wonder,,,,,SysDataSoft,,,,,Standard: Normal,,/?p=section&a=details&id=36966,,,['dd1e34073f56e87b1e215b02179935de9b5fe66d.bps'],['dd1e34073f56e87b1e215b02179935de9b5fe66d.json'],
,,23 Feb 2024,37009,Foxx BGG World,,,,,thefoxx87,,,,,Kaizo: Intermediate,,/?p=section&a=details&id=37009,,,['c4455698a201dfb401b35a3386700e023c6ebc3d.bps'],['c4455698a201dfb401b35a3386700e023c6ebc3d.json'],
,,23 Feb 2024,37022,Sonic the Hedgehog Kaizo Version,,,,,sholmes,,,,,Kaizo: Intermediate,,/?p=section&a=details&id=37022,,,"['8a292b38c207d0b9a32093887a30ffa41cc085fa.bps', '3d59d6c12efc5ddd7a15db9187d0556ae03a5756.bps']","['8a292b38c207d0b9a32093887a30ffa41cc085fa.json', '3d59d6c12efc5ddd7a15db9187d0556ae03a5756.json']",
,,24 Feb 2024,37026,Foxx BGG World,,,,,thefoxx87,,,,,Kaizo: Intermediate,,/?p=section&a=details&id=37026,,,['de54415583a64b3c11477d12628fa383ee7d96d9.bps'],['de54415583a64b3c11477d12628fa383ee7d96d9.json'],
,,26 Feb 2024,37067,B10H4Z4RD,,,,,Royal Nico TS,,,,,Kaizo: Intermediate,,/?p=section&a=details&id=37067,,,['69772d4d2f9cf95f90de881fa745174b42ce761a.bps'],['69772d4d2f9cf95f90de881fa745174b42ce761a.json'],
,,02 Mar 2024,37315,Hack 7,,,,,Golden Yoshi,,,,,Standard: Hard,,/?p=section&a=details&id=37315,,,['4b32a20c5d5f4b36cbc16ac0e5d9d2d8d09022e0.bps'],['4b32a20c5d5f4b36cbc16ac0e5d9d2d8d09022e0.json'],
,,11 Mar 2024,37376,Mariofan World,,,,,MariGanza 1995,,,,,Standard: Normal,,/?p=section&a=details&id=37376,,,['d20161a4cb9f5500a66c46a80285422f95763464.bps'],['d20161a4cb9f5500a66c46a80285422f95763464.json'],
,,13 Mar 2024,37403,Super Kyle World,,,,,Rauf,,,,,Standard: Normal,,/?p=section&a=details&id=37403,,,['1f6d74742fbb5d0fce088262e7feb16e4a86e3cd.bps'],['1f6d74742fbb5d0fce088262e7feb16e4a86e3cd.json'],
,,13 Mar 2024,37405,Super Muncher Slopes,,,,,tOaO,,,,,"Kaizo: Intermediate, Misc.: Troll",,/?p=section&a=details&id=37405,,,"['60dca7a20462152e8e54062c5193bd41a32d14a4.bps', 'd89d97b419908310ce6c6e94e8d57a2d25556587.bps', '019fa1e54621ea6a646ba0136c534622f1a99783.bps']","['60dca7a20462152e8e54062c5193bd41a32d14a4.json', 'd89d97b419908310ce6c6e94e8d57a2d25556587.json', '019fa1e54621ea6a646ba0136c534622f1a99783.json']",
,,13 Mar 2024,37413,What did Mario do?,,,,,None,,,,,Standard: Very Hard,,/?p=section&a=details&id=37413,,,['5b3d973a93a7cfb61b298c63cf01c3c4452825fd.bps'],['5b3d973a93a7cfb61b298c63cf01c3c4452825fd.json'],
,,14 Mar 2024,37423,Yoshi's Bizarre Adventure,,,,,Kirby Brasileiro,,,,,Tool-Assisted: Kaizo,,/?p=section&a=details&id=37423,,,['4a77d4e48a8da19030d1a1961477ba656af2e1b1.bps'],['4a77d4e48a8da19030d1a1961477ba656af2e1b1.json'],
,,14 Mar 2024,37451,Hardest Kaizo,,,,,Joaoplays99,,,,,"Tool-Assisted: Kaizo, Tool-Assisted: Pit",,/?p=section&a=details&id=37451,,,"['d55b6d32ae33ea2ec704e2f27fc213add94541ef.bps', '594552002780ba1ea387ae3df10d4aa94b7b23e5.bps', 'e3b8fd0b45dcf7a4fd5b07f8bb251f417430fb9e.bps']","['d55b6d32ae33ea2ec704e2f27fc213add94541ef.json', '594552002780ba1ea387ae3df10d4aa94b7b23e5.json', 'e3b8fd0b45dcf7a4fd5b07f8bb251f417430fb9e.json']",
,,15 Mar 2024,37457,L I M B O,,,,,GRIMMKIN,,,,,"Standard: Hard, Kaizo: Intermediate",,/?p=section&a=details&id=37457,,,"['ad192430e6d190e77a9dbc7b49e17e7d9f28a9f5.bps', 'bcf1b242e1156d171ff74ffa1e915815fc87cc05.bps']","['ad192430e6d190e77a9dbc7b49e17e7d9f28a9f5.json', 'bcf1b242e1156d171ff74ffa1e915815fc87cc05.json']",
,,15 Mar 2024,37458,The Adventures of Bucken Berry and Ala-Gold,,,,,bandicoot,,,,,Standard: Hard,,/?p=section&a=details&id=37458,,,"['473de11ec0ec2c962329cbb7af328d51391f312b.bps', 'a0552670ed07c19f5af68613ec9a4f4fccebcff9.bps']","['473de11ec0ec2c962329cbb7af328d51391f312b.json', 'a0552670ed07c19f5af68613ec9a4f4fccebcff9.json']",
,,16 Mar 2024,37459,Nuatepra,,,,,None,,,,,Kaizo: Intermediate,,/?p=section&a=details&id=37459,,,['eb7e693211df1bdad7ff6e545e991d1f76c03ee6.bps'],['eb7e693211df1bdad7ff6e545e991d1f76c03ee6.json'],
,,19 Mar 2024,37479,Super Weird Mario World,,,,,Yuvi,,,,,Standard: Normal,,/?p=section&a=details&id=37479,,,['7eaa2ea16d65ec80bcb15024fb6ead9fb921c3f7.bps'],['7eaa2ea16d65ec80bcb15024fb6ead9fb921c3f7.json'],
,,22 Mar 2024,37499,SOUP! [Demo v4,,,,,couchpotato__,,,,,Standard: Normal,,/?p=section&a=details&id=37499,,,['257d4e8a143717e3f31e4f61933756896b7211f5.bps'],['257d4e8a143717e3f31e4f61933756896b7211f5.json'],
,,23 Mar 2024,37501,Chopped N' Screwed,,,,,deported,,,,,Kaizo: Expert,,/?p=section&a=details&id=37501,,,['ba0586c0d169804e15ddb7c79e9b799d9356d9d2.bps'],['ba0586c0d169804e15ddb7c79e9b799d9356d9d2.json'],
,,23 Mar 2024,37502,Mega Mario World 2: Awakened Power,,,,,yoshi3706,,,,,Standard: Hard,,/?p=section&a=details&id=37502,,,"['545c1a0c7724be62d14adba85b31ea6c0b69099a.bps', '838ba20e5f45094c4d1aa6147bab6ab1df1a9d90.bps']","['545c1a0c7724be62d14adba85b31ea6c0b69099a.json', '838ba20e5f45094c4d1aa6147bab6ab1df1a9d90.json']",
,,24 Mar 2024,37503,Super Mario World 2: The Lost Levels,,,,,Easy Difficulty,,,,,Standard: Very Hard,,/?p=section&a=details&id=37503,,,['6574e661fc9e6cdb53c6c6daed3a29a533ee17ce.bps'],['6574e661fc9e6cdb53c6c6daed3a29a533ee17ce.json'],
,,24 Mar 2024,37508,Super Mario World-2,,,,,Easy Difficulty,,,,,Standard: Very Hard,,/?p=section&a=details&id=37508,,,['3eb5c1e0b4f090a6ddc86847c519f3be3e4302c8.bps'],['3eb5c1e0b4f090a6ddc86847c519f3be3e4302c8.json'],
,,26 Mar 2024,37525,Chopped N' Screwed,,,,,deported,,,,,Kaizo: Expert,,/?p=section&a=details&id=37525,,,['a194ccdd6ef100b9dc18cd62a35aa23c2cd97f77.bps'],['a194ccdd6ef100b9dc18cd62a35aa23c2cd97f77.json'],
,,28 Mar 2024,37529,Gambol 2,,,,,JezJitzu,,,,,Kaizo: Intermediate,,/?p=section&a=details&id=37529,,,['f5ba3548a8dcaf3da27086522d90346d3dcbcd8a.bps'],['f5ba3548a8dcaf3da27086522d90346d3dcbcd8a.json'],
,,28 Mar 2024,37533,What did Mario do?,,,,,None,,,,,"Standard: Hard, Standard: Very Hard",,/?p=section&a=details&id=37533,,,['ecfbb3afdc02bb8ddea53bc099f5b541b3c6fa01.bps'],['ecfbb3afdc02bb8ddea53bc099f5b541b3c6fa01.json'],
,,28 Mar 2024,37537,Pizza of challenges,,,,,Pizzagamer9791,,,,,Kaizo: Expert,,/?p=section&a=details&id=37537,,,['082e8bc4c11d68139f6e680c9015f9d676152e93.bps'],['082e8bc4c11d68139f6e680c9015f9d676152e93.json'],
,,29 Mar 2024,37545,The Path from Prisminia,,,,,Sayuri,,,,,Standard: Hard,,/?p=section&a=details&id=37545,,,['e0521cd3ab470f173f322b8dce090b17889f3e6d.bps'],['e0521cd3ab470f173f322b8dce090b17889f3e6d.json'],
,,29 Mar 2024,37550,Easyland,,,,,RicardoDeMelo,,,,,Kaizo: Beginner,,/?p=section&a=details&id=37550,,,['2f51bcc546df96ff0966661c2167e8d4ca40e264.bps'],['2f51bcc546df96ff0966661c2167e8d4ca40e264.json'],
,,30 Mar 2024,37553,Mario World but it not Kaizo (Trust),,,,,GuilhermeYT,,,,,Kaizo: Beginner,,/?p=section&a=details&id=37553,,,['bded094e4a46597ca7eb90294bc61bd2aa231805.bps'],['bded094e4a46597ca7eb90294bc61bd2aa231805.json'],
,,01 Apr 2024,37564,L I M B O,,,,,GRIMMKIN,,,,,Kaizo: Expert,,/?p=section&a=details&id=37564,,,"['bc2004596e2fd8d1120c18454ef45626f5bb3181.bps', 'ed504662016f86053cac9716a8f6f1c05eabd199.bps']","['bc2004596e2fd8d1120c18454ef45626f5bb3181.json', 'ed504662016f86053cac9716a8f6f1c05eabd199.json']",
,,04 Apr 2024,37584,Super Mario's Moonjang  SP1,,,,,Nyngatin1234,,,,,Misc.: Troll,,/?p=section&a=details&id=37584,,,['b4999a7319b8b60693e9ca0917a97e0d9706cab1.bps'],['b4999a7319b8b60693e9ca0917a97e0d9706cab1.json'],
,,04 Apr 2024,37588,L I M B O,,,,,GRIMMKIN,,,,,Kaizo: Expert,,/?p=section&a=details&id=37588,,,"['1c2ff9ad373d5fbb1fcdfa2f6844e7a2c0a64074.bps', '7ddfe149e8055dfe8c5b5ef6e99a00b91d828a32.bps']","['1c2ff9ad373d5fbb1fcdfa2f6844e7a2c0a64074.json', '7ddfe149e8055dfe8c5b5ef6e99a00b91d828a32.json']",
,,05 Apr 2024,37592,Ja Tack,,,,,strong,,,,,Kaizo: Intermediate,,/?p=section&a=details&id=37592,,,['7cf3a26935c5b66d0b32fa555003d466a3727af2.bps'],['7cf3a26935c5b66d0b32fa555003d466a3727af2.json'],
,,05 Apr 2024,37593,Super Mario 16: Land of Crisis Demo,,,,,Alex No,,,,,Standard: Normal,,/?p=section&a=details&id=37593,,,['7501aa08c8255a9178d163812e4c6bc1b253cd3d.bps'],['7501aa08c8255a9178d163812e4c6bc1b253cd3d.json'],
,,08 Apr 2024,37608,SUPER EGOR (v2.0),,,,,EXUD3,,,,,Kaizo: Beginner,,/?p=section&a=details&id=37608,,,['6602092b6dee2ec8c5d085bc177e48e52bb56a97.bps'],['6602092b6dee2ec8c5d085bc177e48e52bb56a97.json'],
,,08 Apr 2024,37610,Adventures Begin,,,,,Yutuz,,,,,Standard: Hard,,/?p=section&a=details&id=37610,,,['b89c79d535bb5f92554da3547afe218763f5d887.bps'],['b89c79d535bb5f92554da3547afe218763f5d887.json'],
,,09 Apr 2024,37617,Adventures Begin,,,,,Yutuz,,,,,Standard: Hard,,/?p=section&a=details&id=37617,,,['7ae2b6359591c062ae21bba10b4f1a94ca2fe655.bps'],['7ae2b6359591c062ae21bba10b4f1a94ca2fe655.json'],
,,09 Apr 2024,37618,Adventures Begin,,,,,Yutuz,,,,,"Standard: Normal, Standard: Hard",,/?p=section&a=details&id=37618,,,['7ae2b6359591c062ae21bba10b4f1a94ca2fe655.bps'],['7ae2b6359591c062ae21bba10b4f1a94ca2fe655.json'],
,,12 Apr 2024,37628,You Won,,,,,pinguwahoo,,,,,Tool-Assisted: Kaizo,,/?p=section&a=details&id=37628,,,['3aba1f44245c855f77d03d61c913f0e7fce266f9.bps'],['3aba1f44245c855f77d03d61c913f0e7fce266f9.json'],
,,13 Apr 2024,37630,Long Road to Ruin,,,,,xhsdf,,,,,Kaizo: Intermediate,,/?p=section&a=details&id=37630,,,['deddd6ad6266a61fe7e515b5d96158601b6ec41a.bps'],['deddd6ad6266a61fe7e515b5d96158601b6ec41a.json'],
,,13 Apr 2024,37637,Shell is hell,,,,,Lucas0910,,,,,Tool-Assisted: Kaizo,,/?p=section&a=details&id=37637,,,['4f70a77e927fe5df8d0a4a44cd9e17f16c49446a.bps'],['4f70a77e927fe5df8d0a4a44cd9e17f16c49446a.json'],
,,14 Apr 2024,37643,Venture,,,,,jirok1,,,,,Kaizo: Intermediate,,/?p=section&a=details&id=37643,,,['919a33f8b22766beca5d3f84e2dd58ca95d3fc67.bps'],['919a33f8b22766beca5d3f84e2dd58ca95d3fc67.json'],
,,14 Apr 2024,37647,OK Mario,,,,,FiveFactor,,,,,Kaizo: Intermediate,,/?p=section&a=details&id=37647,,,['ec210f645c316b9757e90f0bf78f14fc2fa4d6a6.bps'],['ec210f645c316b9757e90f0bf78f14fc2fa4d6a6.json'],
,,15 Apr 2024,37650,Super Mario World written by Vivziepop,,,,,TheWohao,,,,,Standard: Normal,,/?p=section&a=details&id=37650,,,['b4ca3162df5a46a11e73f4b19a57516162dad29e.bps'],['b4ca3162df5a46a11e73f4b19a57516162dad29e.json'],
,,16 Apr 2024,37657,Bowser's Revenge 2 v1.1,,,,,Easy Difficulty,,,,,Standard: Very Hard,,/?p=section&a=details&id=37657,,,['1ffc5d17d9bb17f3dbb9fa22ff83990e0ec4cc8b.bps'],['1ffc5d17d9bb17f3dbb9fa22ff83990e0ec4cc8b.json'],
,,18 Apr 2024,37661,Super Barb World,,,,,rnelson,,,,,Standard: Easy,,/?p=section&a=details&id=37661,,,['6f80b2f2db5819676e707d91c7e6da2629814000.bps'],['6f80b2f2db5819676e707d91c7e6da2629814000.json'],
,,22 Apr 2024,37672,Burning Star 2,,,,,PixlBitNick,,,,,Kaizo: Expert,,/?p=section&a=details&id=37672,,,['553e2940926aac82f50e651b925af2258153cfd0.bps'],['553e2940926aac82f50e651b925af2258153cfd0.json'],
,,23 Apr 2024,37676,OK Mario,,,,,FiveFactor,,,,,Kaizo: Intermediate,,/?p=section&a=details&id=37676,,,['ba4fbfb0ff15ef7d34df1b157c4880916cf681bf.bps'],['ba4fbfb0ff15ef7d34df1b157c4880916cf681bf.json'],
,,27 Apr 2024,37704,Jeitor Land: The Lost Lasagna,,,,,Hectorpn13,,,,,Standard: Normal,,/?p=section&a=details&id=37704,,,"['93eaf5ae280966fd6468749f0e95abd229d79e62.bps', 'c1fdc1743e2e2e19d33e0a10f3217d8d4e2365b0.bps']","['93eaf5ae280966fd6468749f0e95abd229d79e62.json', 'c1fdc1743e2e2e19d33e0a10f3217d8d4e2365b0.json']",
,,01 May 2024,37719,Titan Mario 2,,,,,orka-bln,,,,,Kaizo: Expert,,/?p=section&a=details&id=37719,,,['25b277895a069eff80d870a9b3823c8d8eec5057.bps'],['25b277895a069eff80d870a9b3823c8d8eec5057.json'],
,,02 May 2024,37725,Tower Of Glory,,,,,ShoopDaWhoop,,,,,Kaizo: Intermediate,,/?p=section&a=details&id=37725,,,['c9fc22018743ca8ed111636690e2eb41e4c878e2.bps'],['c9fc22018743ca8ed111636690e2eb41e4c878e2.json'],
,,03 May 2024,37729,Pumpkin Plains,,,,,pinguwahoo,,,,,Standard: Very Hard,,/?p=section&a=details&id=37729,,,['4fa446b0b8d120fed8915e53a0cd00677e01f11e.bps'],['4fa446b0b8d120fed8915e53a0cd00677e01f11e.json'],
,,04 May 2024,37730,Mint Chocolate,,,,,dashlet,,,,,Standard: Hard,,/?p=section&a=details&id=37730,,,['b8bf1adaf213cf777cf696286cee21ce253f4ba0.bps'],['b8bf1adaf213cf777cf696286cee21ce253f4ba0.json'],
,,05 May 2024,37742,Krams World,,,,,kramsdell,,,,,Standard: Easy,,/?p=section&a=details&id=37742,,,['62b7a4ddcda3818b72b4b47a7c9099ce2fdb9ebf.bps'],['62b7a4ddcda3818b72b4b47a7c9099ce2fdb9ebf.json'],
,,06 May 2024,37748,Super Mario 16: Demo,,,,,Alex No,,,,,Standard: Normal,,/?p=section&a=details&id=37748,,,['15c9cfc83f07e84b2c838625cdc0507e45575aff.bps'],['15c9cfc83f07e84b2c838625cdc0507e45575aff.json'],
,,10 May 2024,37768,Isaac's First Romhack,,,,,IsTheWit,,,,,Standard: Easy,,/?p=section&a=details&id=37768,,,['ed34bd01d84639748fc0144f3faa1b967c1607dd.bps'],['ed34bd01d84639748fc0144f3faa1b967c1607dd.json'],
,,12 May 2024,37776,urmom.smc,,,,,None,,,,,Kaizo: Expert,,/?p=section&a=details&id=37776,,,"['c1d7cc5ca5c53c8da98b599c29c7b7b7b44a8c3d.bps', 'b2f20675257ce7da7a2b502ad755471c63e1a5c0.bps']","['c1d7cc5ca5c53c8da98b599c29c7b7b7b44a8c3d.json', 'b2f20675257ce7da7a2b502ad755471c63e1a5c0.json']",
,,12 May 2024,37777,Sonic the Hedgehog 2 Kaizo Version,,,,,sholmes,,,,,Kaizo: Intermediate,,/?p=section&a=details&id=37777,,,"['bb520f008c272625ad9dafc3b068a8aa26b6abf4.bps', '7134fac25b3325b9ac34be8c063347d3e4b05600.bps']","['bb520f008c272625ad9dafc3b068a8aa26b6abf4.json', '7134fac25b3325b9ac34be8c063347d3e4b05600.json']",
,,13 May 2024,37782,Super Nario World,,,,,Nario31415,,,,,Standard: Normal,,/?p=section&a=details&id=37782,,,['61c8159b4c243e6f588f815ace517b587908ee4e.bps'],['61c8159b4c243e6f588f815ace517b587908ee4e.json'],
,,14 May 2024,37785,Kaizo New World,,,,,MrFelix_,,,,,Kaizo: Expert,,/?p=section&a=details&id=37785,,,['e5f93fdcb1dcf9af3ae5f4344e2685bf5f787426.bps'],['e5f93fdcb1dcf9af3ae5f4344e2685bf5f787426.json'],
,,17 May 2024,37800,My (MichaelE3)'s first rom hack,,,,,MichaelE3,,,,,Standard: Easy,,/?p=section&a=details&id=37800,,,['85860ab3f7d09615fc3232984c24270b9d2b7458.bps'],['85860ab3f7d09615fc3232984c24270b9d2b7458.json'],
,,17 May 2024,37801,Super Mario World CE (PT-BR),,,,,test212,,,,,Standard: Normal,,/?p=section&a=details&id=37801,,,['927b923a197160387bf791fac13eb65582f95f12.bps'],['927b923a197160387bf791fac13eb65582f95f12.json'],
,,24 May 2024,37824,Luigi White Zero,,,,,WONIU,,,,,Kaizo: Intermediate,,/?p=section&a=details&id=37824,,,['04ec8f838afbffb5528323fe37ff0cae6765cb5c.bps'],['04ec8f838afbffb5528323fe37ff0cae6765cb5c.json'],
,,24 May 2024,37825,Sonic CD SMW hack (USA),,,,,figuiDOS,,,,,Standard: Hard,,/?p=section&a=details&id=37825,,,"['338cca104cfaac1d2a24f7557b0991ebd0771473.bps', '9c81651a2906f538f6345c0619a4313acd08ef76.bps']","['338cca104cfaac1d2a24f7557b0991ebd0771473.json', '9c81651a2906f538f6345c0619a4313acd08ef76.json']",
,,25 May 2024,37835,Sonic CD SMW hack (USA),,,,,figuiDOS,,,,,Standard: Hard,,/?p=section&a=details&id=37835,,,['9c81651a2906f538f6345c0619a4313acd08ef76.bps'],['9c81651a2906f538f6345c0619a4313acd08ef76.json'],
,,25 May 2024,37836,SMW TRUE NIGHTMARE,,,,,Joseh1ph,,,,,"Tool-Assisted: Pit, Misc.: Troll",,/?p=section&a=details&id=37836,,,['af7a85bc2ecafbfd6332c44e56e29692a99a514e.bps'],['af7a85bc2ecafbfd6332c44e56e29692a99a514e.json'],
,,25 May 2024,37837,SMW TRUE NIGHTMARE 1.1,,,,,Joseh1ph,,,,,"Tool-Assisted: Pit, Misc.: Troll",,/?p=section&a=details&id=37837,,,['b915f51f9f92af71c84a0023d32b599b63bdb11f.bps'],['b915f51f9f92af71c84a0023d32b599b63bdb11f.json'],
,,26 May 2024,37842,Fulfill the Dream,,,,,Abstract,,,,,Kaizo: Intermediate,,/?p=section&a=details&id=37842,,,['9203445734b661794b00d761244aef6b9e705672.bps'],['9203445734b661794b00d761244aef6b9e705672.json'],
,,27 May 2024,37843,SMW TRUE NIGHTMARE,,,,,Joseh1ph,,,,,"Tool-Assisted: Pit, Misc.: Troll",,/?p=section&a=details&id=37843,,,['9895d38237b0fb3a2ac7aab18dbd92297bcbd4f2.bps'],['9895d38237b0fb3a2ac7aab18dbd92297bcbd4f2.json'],
,,27 May 2024,37844,Super Mario goes on a perfectly normal trip outside,,,,,Zute,,,,,Standard: Normal,,/?p=section&a=details&id=37844,,,['ce1adb49942be5f600318b9891f7919ef13ec9ba.bps'],['ce1adb49942be5f600318b9891f7919ef13ec9ba.json'],
,,28 May 2024,37845,SMW. TRUE NIGHTMARE,,,,,Joseh1ph,,,,,Tool-Assisted: Pit,,/?p=section&a=details&id=37845,,,['cfb0805a5f5ac372ffc9cc045bbcec756a02b32e.bps'],['cfb0805a5f5ac372ffc9cc045bbcec756a02b32e.json'],
,,30 May 2024,37860,New Super Mario World 2: Luigi's Quest,,,,,Bullymario,,,,,Standard: Normal,,/?p=section&a=details&id=37860,,,['d51e1664b2809040daab7c6c19e6de541ca4ce77.bps'],['d51e1664b2809040daab7c6c19e6de541ca4ce77.json'],
,,01 Jun 2024,37874,Transatlantic Flights,,,,,l337f00l,,,,,Kaizo: Expert,,/?p=section&a=details&id=37874,,,['5845578abc4e9ffd604433974be8d2c4ff9a0f0a.bps'],['5845578abc4e9ffd604433974be8d2c4ff9a0f0a.json'],
,,01 Jun 2024,37875,Unnamed Hack (Unfinished),,,,,VitorSao,,,,,Standard: Hard,,/?p=section&a=details&id=37875,,,['fe99a878be2625ba1695e175a7f846a123f34198.bps'],['fe99a878be2625ba1695e175a7f846a123f34198.json'],
,,02 Jun 2024,37879,Knuckles Saves Christmas,,,,,sholmes,,,,,Standard: Normal,,/?p=section&a=details&id=37879,,,['1d263214efd6f5c3e211b9d51710a2a0ffd0f120.bps'],['1d263214efd6f5c3e211b9d51710a2a0ffd0f120.json'],
,,02 Jun 2024,37883,Simple Symphony,,,,,altline_,,,,,Kaizo: Expert,,/?p=section&a=details&id=37883,,,['b1cbe5ebeeeb1d9505124e41e78a588be9556684.bps'],['b1cbe5ebeeeb1d9505124e41e78a588be9556684.json'],
,,03 Jun 2024,37891,The True Super Mario World 2 (demo),,,,,VitorPlaysYT,,,,,Standard: Normal,,/?p=section&a=details&id=37891,,,['6d69250b2fe47e8744b6a9447744e365eaec557d.bps'],['6d69250b2fe47e8744b6a9447744e365eaec557d.json'],
,,03 Jun 2024,37892,The True Super Mario World 2 (demo),,,,,VitorPlaysYT,,,,,Standard: Normal,,/?p=section&a=details&id=37892,,,['6d69250b2fe47e8744b6a9447744e365eaec557d.bps'],['6d69250b2fe47e8744b6a9447744e365eaec557d.json'],
,,04 Jun 2024,37895,Kaizo Of Hell,,,,,MrFelix_,,,,,Kaizo: Intermediate,,/?p=section&a=details&id=37895,,,['97a4ae773ba065002b07153132212632e53f817a.bps'],['97a4ae773ba065002b07153132212632e53f817a.json'],
,,05 Jun 2024,37898,TERRIBLE,,,,,Lmao,,,,,Standard: Normal,,/?p=section&a=details&id=37898,,,['7fe448cc968013eca63e0f0742f8892ae4ee3bca.bps'],['7fe448cc968013eca63e0f0742f8892ae4ee3bca.json'],
,,06 Jun 2024,37902,Mario's Low-Budget Adventure,,,,,tranvucam,,,,,Standard: Hard,,/?p=section&a=details&id=37902,,,['2f8ae07e1f2ed46d4f49555bbfb4c771fbf26f4d.bps'],['2f8ae07e1f2ed46d4f49555bbfb4c771fbf26f4d.json'],
,,08 Jun 2024,37915,Boosheid,,,,,Hans,,,,,Kaizo: Intermediate,,/?p=section&a=details&id=37915,,,['a122d4b92e3c4f2a0d897c349e62ebd61af2692b.bps'],['a122d4b92e3c4f2a0d897c349e62ebd61af2692b.json'],
,,08 Jun 2024,37916,Super Bulti World,,,,,bulti,,,,,Kaizo: Beginner,,/?p=section&a=details&id=37916,,,['93f5262ad52cf532ba90c008a849e2c7dd74758d.bps'],['93f5262ad52cf532ba90c008a849e2c7dd74758d.json'],
,,09 Jun 2024,37920,Shooey,,,,,bald_ridge,,,,,Kaizo: Intermediate,,/?p=section&a=details&id=37920,,,['3e09578afcc4097cad06fb5222a0a712e6e2caa2.bps'],['3e09578afcc4097cad06fb5222a0a712e6e2caa2.json'],
,,10 Jun 2024,37922,A Rose for Emily,,,,,shovda,,,,,Kaizo: Expert,,/?p=section&a=details&id=37922,,,['eca7b8d4d8fa76f08258bcdb0c5500050d43f053.bps'],['eca7b8d4d8fa76f08258bcdb0c5500050d43f053.json'],
,,18 Jun 2024,37972,Diffidence,,,,,Firstnamebutt,,,,,Kaizo: Intermediate,,/?p=section&a=details&id=37972,,,['1dab10f3557fc3545edad64563cc89891214f746.bps'],['1dab10f3557fc3545edad64563cc89891214f746.json'],
,,20 Jun 2024,37984,Super Claire World,,,,,Claire_Chan,,,,,Kaizo: Intermediate,,/?p=section&a=details&id=37984,,,['71a7025aeff7ef4fab8f4d7f7f72d65f707b7841.bps'],['71a7025aeff7ef4fab8f4d7f7f72d65f707b7841.json'],
,,21 Jun 2024,37988,Knuckles Saves Christmas,,,,,sholmes,,,,,Standard: Very Hard,,/?p=section&a=details&id=37988,,,['343929638d0c3489b58732a7468a87f3c59bff99.bps'],['343929638d0c3489b58732a7468a87f3c59bff99.json'],
,,01 Jul 2024,38037,Sonic Kaizo Forces,,,,,sholmes,,,,,Kaizo: Intermediate,,/?p=section&a=details&id=38037,,,"['b5b566694c0fee49d529cfd43224ba19dbc50433.bps', '8d1f4f5242b52ad03960bdba49c4ff367a2e9954.bps', '758617824c59ae68b08c5efa02797b90bc1b33be.bps']","['b5b566694c0fee49d529cfd43224ba19dbc50433.json', '8d1f4f5242b52ad03960bdba49c4ff367a2e9954.json', '758617824c59ae68b08c5efa02797b90bc1b33be.json']",
,,02 Jul 2024,38050,Project '90,,,,,ZakenCentralSMW,,,,,Standard: Normal,,/?p=section&a=details&id=38050,,,['57a2a7497df81533a05e6c2045bc0cb6918073dd.bps'],['57a2a7497df81533a05e6c2045bc0cb6918073dd.json'],
,,07 Jul 2024,38075,Super Mario World CE,,,,,test212,,,,,Standard: Normal,,/?p=section&a=details&id=38075,,,['927b923a197160387bf791fac13eb65582f95f12.bps'],['927b923a197160387bf791fac13eb65582f95f12.json'],
,,10 Jul 2024,38089,Moltov Mario World,,,,,Moltov,,,,,Tool-Assisted: Pit,,/?p=section&a=details&id=38089,,,['7bb9d2e6c400143cd066f4f127fb520778a4bce6.bps'],['7bb9d2e6c400143cd066f4f127fb520778a4bce6.json'],
,,11 Jul 2024,38092,Storm Line World,,,,,None,,,,,Kaizo: Intermediate,,/?p=section&a=details&id=38092,,,['78537ce2f3676ad979055600ef4c6964b71f473f.bps'],['78537ce2f3676ad979055600ef4c6964b71f473f.json'],
,,13 Jul 2024,38100,JDCGames Collab,,,,,JDCGames,,,,,Standard: Hard,,/?p=section&a=details&id=38100,,,['95328aed59c2e38629b160229c0f6144e2b8e733.bps'],['95328aed59c2e38629b160229c0f6144e2b8e733.json'],
,,20 Jul 2024,38120,Super Mario World PT-BR edition,,,,,gustavotono,,,,,Standard: Normal,,/?p=section&a=details&id=38120,,,['6cf9bef72ea3f55078edf22aabc5eda03a3a9460.bps'],['6cf9bef72ea3f55078edf22aabc5eda03a3a9460.json'],
,,21 Jul 2024,38122,Super Mario New World,,,,,Link13,,,,,Standard: Normal,,/?p=section&a=details&id=38122,,,['708545164a7f14fa2f5b338cd61e252ca036aaf9.bps'],['708545164a7f14fa2f5b338cd61e252ca036aaf9.json'],
,,21 Jul 2024,38123,Super Mario 212,,,,,test212,,,,,Kaizo: Expert,,/?p=section&a=details&id=38123,,,['949e2b4ffba55ef95dc4389f9067681599ac894f.bps'],['949e2b4ffba55ef95dc4389f9067681599ac894f.json'],
,,21 Jul 2024,38125,Initiation 2 Da_Queest (german),,,,,Rudi_Schrausch,,,,,Kaizo: Intermediate,,/?p=section&a=details&id=38125,,,['5ad5693535fe90e07ea5f737a1709ff7e7067a72.bps'],['5ad5693535fe90e07ea5f737a1709ff7e7067a72.json'],
,,21 Jul 2024,38126,Dan's Evil Mario Game,,,,,DanDent777,,,,,Standard: Normal,,/?p=section&a=details&id=38126,,,['f454a448470288b074bea520180c54e9874afbe9.bps'],['f454a448470288b074bea520180c54e9874afbe9.json'],
,,23 Jul 2024,38134,Super Mario World: Season 3,,,,,DaHitmenGuy,,,,,Standard: Normal,,/?p=section&a=details&id=38134,,,['b9ea85bef1504bd4f0153d894fe5078ef7b1766d.bps'],['b9ea85bef1504bd4f0153d894fe5078ef7b1766d.json'],
,,24 Jul 2024,38135,Magic Kaizo Light,,,,,WONIU,,,,,Kaizo: Intermediate,,/?p=section&a=details&id=38135,,,['82df3353776ebd434ba95c3c1b910638c72cc77e.bps'],['82df3353776ebd434ba95c3c1b910638c72cc77e.json'],
,,25 Jul 2024,38139,Super KaizoStar World,,,,,TobiTopstar,,,,,Kaizo: Beginner,,/?p=section&a=details&id=38139,,,['12a58691aa91b89ebdcfdc5a9106fcd2b5d44a00.bps'],['12a58691aa91b89ebdcfdc5a9106fcd2b5d44a00.json'],
,,26 Jul 2024,38140,Back to the Green Hill,,,,,sholmes,,,,,Kaizo: Expert,,/?p=section&a=details&id=38140,,,['32dfec17ac1eb460a98560ea17769f6ee199e2fa.bps'],['32dfec17ac1eb460a98560ea17769f6ee199e2fa.json'],
,,06 Aug 2024,38163,SMW My Hack Academy,,,,,None,,,,,Kaizo: Intermediate,,/?p=section&a=details&id=38163,,,['013aec28f3f8fb9015dc232fba82427813888648.bps'],['013aec28f3f8fb9015dc232fba82427813888648.json'],
,,06 Aug 2024,38182,Mario e o caminho da escuridão,,,,,Games Maker,,,,,Standard: Easy,,/?p=section&a=details&id=38182,,,['0e7c0301ce063538574153b0beed6b95c3c52fd9.bps'],['0e7c0301ce063538574153b0beed6b95c3c52fd9.json'],
,,06 Aug 2024,38185,Awful Mario World,,,,,KoJi,,,,,Kaizo: Intermediate,,/?p=section&a=details&id=38185,,,['59f13617227481cc2a15a895ac21ee93b37e44d5.bps'],['59f13617227481cc2a15a895ac21ee93b37e44d5.json'],
,,07 Aug 2024,38192,Ben The Musical,,,,,Ennui Goldfeld,,,,,Standard: Hard,,/?p=section&a=details&id=38192,,,['08734dc00cc99f9dca459cac04b8be1f68853928.bps'],['08734dc00cc99f9dca459cac04b8be1f68853928.json'],
,,07 Aug 2024,38194,Tonkachi World (Demo),,,,,test212,,,,,Kaizo: Expert,,/?p=section&a=details&id=38194,,,['eefc88965b8f464506cb892736ee4b4cfe0cf647.bps'],['eefc88965b8f464506cb892736ee4b4cfe0cf647.json'],
,,09 Aug 2024,38198,Kaizo Consistency,,,,,35TCB77,,,,,Kaizo: Beginner,,/?p=section&a=details&id=38198,,,['36b5df8b8bce55095319accbbff81584680561ff.bps'],['36b5df8b8bce55095319accbbff81584680561ff.json'],
,,09 Aug 2024,38199,super yoshi word,,,,,Yoshi639256,,,,,Standard: Easy,,/?p=section&a=details&id=38199,,,['d84bb4dd5ff73b9e03168313533be5fe74bf5b3f.bps'],['d84bb4dd5ff73b9e03168313533be5fe74bf5b3f.json'],
,,10 Aug 2024,38202,Pumpkin Plains,,,,,pinguwahoo,,,,,Standard: Very Hard,,/?p=section&a=details&id=38202,,,['42d08e6ea55dc729232fb8a92a16f7377db4fd2f.bps'],['42d08e6ea55dc729232fb8a92a16f7377db4fd2f.json'],
,,10 Aug 2024,38204,Back to the Green Hill,,,,,sholmes,,,,,Kaizo: Expert,,/?p=section&a=details&id=38204,,,['d24c650af6a1e90aa1f351c0f61ced4d0cfcb3b9.bps'],['d24c650af6a1e90aa1f351c0f61ced4d0cfcb3b9.json'],
,,11 Aug 2024,38210,From Moon To Sun,,,,,WONIU,,,,,Kaizo: Intermediate,,/?p=section&a=details&id=38210,,,['2281d70d64d541d2736f982ad62223d80bdd8484.bps'],['2281d70d64d541d2736f982ad62223d80bdd8484.json'],
,,12 Aug 2024,38214,Sonic Kaizo Forces,,,,,sholmes,,,,,Kaizo: Intermediate,,/?p=section&a=details&id=38214,,,['e3feea643b1acea0a3b704eea9523ed6bdd27a3a.bps'],['e3feea643b1acea0a3b704eea9523ed6bdd27a3a.json'],
,,14 Aug 2024,38229,Super WorldWorldWorldWorldWorldWorldWorldWorldWorldWorldWorld demo,,,,,LtLuke808,,,,,Standard: Hard,,/?p=section&a=details&id=38229,,,['fc819961771dffe54d0499b3fdd843ad7248c5ab.bps'],['fc819961771dffe54d0499b3fdd843ad7248c5ab.json'],
,,17 Aug 2024,38235,Candy Shop,,,,,Saphros,,,,,Kaizo: Intermediate,,/?p=section&a=details&id=38235,,,['a94dbb70c72697b9b0d0cf5cdb703423c7d90c8a.bps'],['a94dbb70c72697b9b0d0cf5cdb703423c7d90c8a.json'],
,,17 Aug 2024,38236,Sprint Kuzco,,,,,user65985,,,,,Kaizo: Expert,,/?p=section&a=details&id=38236,,,['0092094624f821d2c7be942ff700dac205facc81.bps'],['0092094624f821d2c7be942ff700dac205facc81.json'],
,,18 Aug 2024,38244,Pumpkin Plains,,,,,pinguwahoo,,,,,Standard: Very Hard,,/?p=section&a=details&id=38244,,,['b76cf057268db45eac637fdaa78bc1e064f12a16.bps'],['b76cf057268db45eac637fdaa78bc1e064f12a16.json'],
,,20 Aug 2024,38256,There is no sence unless everything is arranger completely,,,,,hitmonbottom,,,,,"Standard: Very Hard, Kaizo: Expert",,/?p=section&a=details&id=38256,,,['e932c44565cfe44973ab4ac3feb77726f2915416.bps'],['e932c44565cfe44973ab4ac3feb77726f2915416.json'],
,,20 Aug 2024,38257,my first hack,,,,,joe gaming,,,,,Standard: Hard,,/?p=section&a=details&id=38257,,,['52e479e7cb1e0c05b9d73924c03736ea9b0f5f51.bps'],['52e479e7cb1e0c05b9d73924c03736ea9b0f5f51.json'],
,,23 Aug 2024,38277,Luigi's Misadventures 6 - Bambulua,,,,,Roberto zampari,,,,,Standard: Hard,,/?p=section&a=details&id=38277,,,['0ba175cd5099dce743624e5b735cf929a9a25ecb.bps'],['0ba175cd5099dce743624e5b735cf929a9a25ecb.json'],
,,23 Aug 2024,38281,Mario In Mushroom Rix Land 5 C3 Summer 2024 Demo,,,,,Enan63,,,,,Standard: Normal,,/?p=section&a=details&id=38281,,,['3eb560e39f74ce089f6933ce29d971ef6ce60400.bps'],['3eb560e39f74ce089f6933ce29d971ef6ce60400.json'],
,,23 Aug 2024,38282,REMIX,,,,,Prestinator13,,,,,Kaizo: Expert,,/?p=section&a=details&id=38282,,,"['25c6b67a088b6129ccf3817905be8a6c486581fc.bps', '25c6b67a088b6129ccf3817905be8a6c486581fc.bps']","['25c6b67a088b6129ccf3817905be8a6c486581fc.json', '25c6b67a088b6129ccf3817905be8a6c486581fc.json']",
,,24 Aug 2024,38284,22H,,,,,random_box,,,,,Kaizo: Expert,,/?p=section&a=details&id=38284,,,['b106538a38228ee6ec171004f1546cc2342aee99.bps'],['b106538a38228ee6ec171004f1546cc2342aee99.json'],
,,26 Aug 2024,38328,Back to the Green Hill,,,,,sholmes,,,,,Kaizo: Expert,,/?p=section&a=details&id=38328,,,['4dd1e2fcd9b6333adc662863198be2e8e9745653.bps'],['4dd1e2fcd9b6333adc662863198be2e8e9745653.json'],
,,28 Aug 2024,38344,Leopardus HELL,,,,,None,,,,,Standard: Hard,,/?p=section&a=details&id=38344,,,['10b1eaa5603283a5788f00938552c0becc62527d.bps'],['10b1eaa5603283a5788f00938552c0becc62527d.json'],
,,30 Aug 2024,38363,Retro Marioland,,,,,LocoFuzzyPants,,,,,Kaizo: Intermediate,,/?p=section&a=details&id=38363,,,['1896d9c07a6d567c91f577c01fa85443579d34fb.bps'],['1896d9c07a6d567c91f577c01fa85443579d34fb.json'],
,,30 Aug 2024,38365,Back to the Green Hill,,,,,sholmes,,,,,Kaizo: Expert,,/?p=section&a=details&id=38365,,,['9ff4f21d749517da1eb8128638b5632ed659644e.bps'],['9ff4f21d749517da1eb8128638b5632ed659644e.json'],
,,30 Aug 2024,38366,Back to the Green Hill,,,,,sholmes,,,,,Kaizo: Expert,,/?p=section&a=details&id=38366,,,['06cf7b4977d25d08d4458ab78c56edef71133944.bps'],['06cf7b4977d25d08d4458ab78c56edef71133944.json'],
,,31 Aug 2024,38368,Knuckles Saves Christmas,,,,,sholmes,,,,,Standard: Very Hard,,/?p=section&a=details&id=38368,,,['76f082d895cf48acf6e52fe416ed5687b80390d7.bps'],['76f082d895cf48acf6e52fe416ed5687b80390d7.json'],
,,01 Sep 2024,38372,Crab Shells,,,,,Jaozin712,,,,,Kaizo: Expert,,/?p=section&a=details&id=38372,,,['3c17fb1eaa3bd48b4aeb748a9653bf2e281e3fdf.bps'],['3c17fb1eaa3bd48b4aeb748a9653bf2e281e3fdf.json'],
,,02 Sep 2024,38380,Super Foo World 3,,,,,xhsdf,,,,,Kaizo: Intermediate,,/?p=section&a=details&id=38380,,,['b3c2b44b53d6c336178549e7f53e314b29dc63d0.bps'],['b3c2b44b53d6c336178549e7f53e314b29dc63d0.json'],
,,02 Sep 2024,38384,Crab Shells,,,,,Jaozin712,,,,,Kaizo: Expert,,/?p=section&a=details&id=38384,,,['b7007cf3ed06613867471062d25fc21481b4635a.bps'],['b7007cf3ed06613867471062d25fc21481b4635a.json'],
,,06 Sep 2024,38393,Crab Shells,,,,,Jaozin712,,,,,Kaizo: Expert,,/?p=section&a=details&id=38393,,,['5614dd1a08695c8945262391b7e743663b7fc798.bps'],['5614dd1a08695c8945262391b7e743663b7fc798.json'],
,,06 Sep 2024,38403,Journey To Peak,,,,,Silver Wind,,,,,Kaizo: Beginner,,/?p=section&a=details&id=38403,,,['4d659e555bccbd725ff05702a619f3f5d5de70ee.bps'],['4d659e555bccbd725ff05702a619f3f5d5de70ee.json'],
,,08 Sep 2024,38410,Knuckles Saves Christmas,,,,,sholmes,,,,,Standard: Very Hard,,/?p=section&a=details&id=38410,,,['f1cca9d1490dfe4cc4756268b1f2d3703e45c699.bps'],['f1cca9d1490dfe4cc4756268b1f2d3703e45c699.json'],
,,08 Sep 2024,38414,Simpatico,,,,,None,,,,,Kaizo: Expert,,/?p=section&a=details&id=38414,,,['3d0b5cc33f945bae955673332a639a890f250733.bps'],['3d0b5cc33f945bae955673332a639a890f250733.json'],
,,08 Sep 2024,38416,Journey to Peak,,,,,Silver Wind,,,,,Kaizo: Beginner,,/?p=section&a=details&id=38416,,,['03c004333ab669a35cdf7865998c811603a47cd0.bps'],['03c004333ab669a35cdf7865998c811603a47cd0.json'],
,,11 Sep 2024,38455,Illuminati,,,,,bulti,,,,,Kaizo: Intermediate,,/?p=section&a=details&id=38455,,,['3e1d47f777a6f263dc852c6423aa2a68fa9da223.bps'],['3e1d47f777a6f263dc852c6423aa2a68fa9da223.json'],
,,12 Sep 2024,38461,Simpatico,,,,,None,,,,,Kaizo: Expert,,/?p=section&a=details&id=38461,,,['bafecf0ac29eeed329044e9fabfc2443d3152ee0.bps'],['bafecf0ac29eeed329044e9fabfc2443d3152ee0.json'],
,,12 Sep 2024,38462,Simpatico,,,,,None,,,,,Kaizo: Expert,,/?p=section&a=details&id=38462,,,['326f76ba3d3461aa7166923e11468d385b90febb.bps'],['326f76ba3d3461aa7166923e11468d385b90febb.json'],
,,13 Sep 2024,38464,Super Mario World: New Adventures Demo 1,,,,,EpicGamer64,,,,,Standard: Easy,,/?p=section&a=details&id=38464,,,['e1ecafe1c00bcec7a821a1cfeec2b108546bb081.bps'],['e1ecafe1c00bcec7a821a1cfeec2b108546bb081.json'],
,,13 Sep 2024,38465,Journey To Peak,,,,,None,,,,,Kaizo: Intermediate,,/?p=section&a=details&id=38465,,,['fb5e29658473f48a861b367b037a4af0909fae5c.bps'],['fb5e29658473f48a861b367b037a4af0909fae5c.json'],
,,13 Sep 2024,38466,Simpatico,,,,,None,,,,,Kaizo: Expert,,/?p=section&a=details&id=38466,,,['87b738a08803897eefcc3e5ca46fdd297ea29941.bps'],['87b738a08803897eefcc3e5ca46fdd297ea29941.json'],
,,13 Sep 2024,38470,Simpatico,,,,,None,,,,,Kaizo: Expert,,/?p=section&a=details&id=38470,,,['20f51cbf98b07419076545ed2d87d342a5d5f2c2.bps'],['20f51cbf98b07419076545ed2d87d342a5d5f2c2.json'],
,,14 Sep 2024,38477,Simpatico,,,,,None,,,,,Kaizo: Expert,,/?p=section&a=details&id=38477,,,['0abb0c884d1af5c35ae528fd14952bb02720f52b.bps'],['0abb0c884d1af5c35ae528fd14952bb02720f52b.json'],
,,22 Sep 2024,38518,Super Mario's Wacky Worlds SD2NES,,,,,figuiDOS,,,,,Standard: Hard,,/?p=section&a=details&id=38518,,,['14354355fa197a0d65e32ac8ae83cbb711d33eac.bps'],['14354355fa197a0d65e32ac8ae83cbb711d33eac.json'],
,,22 Sep 2024,38519,Crab Shells,,,,,Jaozin712,,,,,Kaizo: Expert,,/?p=section&a=details&id=38519,,,['195e6dd7dc84ecdae5e9f326a9ce547b662057a5.bps'],['195e6dd7dc84ecdae5e9f326a9ce547b662057a5.json'],
,,22 Sep 2024,38520,The adventures end,,,,,Yutuz,,,,,Standard: Hard,,/?p=section&a=details&id=38520,,,['bd20dd1f92a1ea982e524e18c8713c901dbd33b8.bps'],['bd20dd1f92a1ea982e524e18c8713c901dbd33b8.json'],
,,27 Sep 2024,38537,The Big Mistake I Made In My Life,,,,,Gasterus155,,,,,Kaizo: Expert,,/?p=section&a=details&id=38537,,,['c5de365e29308c682fa3ac1be6b8109a88732e71.bps'],['c5de365e29308c682fa3ac1be6b8109a88732e71.json'],
,,29 Sep 2024,38553,Toad's cherry tracker,,,,,Lush_50,,,,,Standard: Normal,,/?p=section&a=details&id=38553,,,['a2537ef3fdc7da00eae8f9ad25df02fb9c263bea.bps'],['a2537ef3fdc7da00eae8f9ad25df02fb9c263bea.json'],
,,29 Sep 2024,38558,Super WorldWorldWorldWorldWorldWorldWorldWorldWorldWorldWorld demo,,,,,LtLuke808,,,,,Standard: Hard,,/?p=section&a=details&id=38558,,,['fc819961771dffe54d0499b3fdd843ad7248c5ab.bps'],['fc819961771dffe54d0499b3fdd843ad7248c5ab.json'],
,,30 Sep 2024,38559,Cute as Shell,,,,,slopcore,,,,,Kaizo: Beginner,,/?p=section&a=details&id=38559,,,['b76cca4e986c5da9cfb13e90ad5881b7af198bc0.bps'],['b76cca4e986c5da9cfb13e90ad5881b7af198bc0.json'],
,,03 Oct 2024,38578,A Thing w/ Peiton,,,,,Peyton,,,,,Standard: Very Hard,,/?p=section&a=details&id=38578,,,['e09a83458c592b15adea13f994472a2028ba1226.bps'],['e09a83458c592b15adea13f994472a2028ba1226.json'],
,,04 Oct 2024,38581,Super Mario's Wacky Worlds SD2NES,,,,,figuiDOS,,,,,Standard: Hard,,/?p=section&a=details&id=38581,,,['907daa1c909e0e282c978febf08732e495864e12.bps'],['907daa1c909e0e282c978febf08732e495864e12.json'],
,,05 Oct 2024,38586,Vaccaro Theory,,,,,WONIU,,,,,Kaizo: Intermediate,,/?p=section&a=details&id=38586,,,['d4197f7d39028fa0eeb45d42884c8b1e924acfd3.bps'],['d4197f7d39028fa0eeb45d42884c8b1e924acfd3.json'],
,,09 Oct 2024,38638,SMW Friends and Rivalry,,,,,bandicoot,,,,,Standard: Hard,,/?p=section&a=details&id=38638,,,['d814836d21ba076e4b3b745b20e2b9cb74afa38e.bps'],['d814836d21ba076e4b3b745b20e2b9cb74afa38e.json'],
,,18 Oct 2024,38658,Mario is looking for the Golden Pizzaland,,,,,Saibot1997,,,,,Standard: Hard,,/?p=section&a=details&id=38658,,,['e950dfbad261d1e0745c2994fa62bf0670a45b58.bps'],['e950dfbad261d1e0745c2994fa62bf0670a45b58.json'],
,,20 Oct 2024,38674,Looking For The Leisurely Triangle,,,,,WONIU,,,,,"Kaizo: Beginner, Kaizo: Intermediate",,/?p=section&a=details&id=38674,,,['001b7349f451e1332feeea16333e3a02d76802f6.bps'],['001b7349f451e1332feeea16333e3a02d76802f6.json'],
,,23 Oct 2024,38687,Knuckles Saves Christmas,,,,,sholmes,,,,,Standard: Very Hard,,/?p=section&a=details&id=38687,,,['3f582d377ae6f6cbe485497dae0928250c36ef9b.bps'],['3f582d377ae6f6cbe485497dae0928250c36ef9b.json'],
,,24 Oct 2024,38689,Baker's Dozen,,,,,LazyRuns,,,,,Kaizo: Intermediate,,/?p=section&a=details&id=38689,,,['816f52249e92f1aed3daaa51837d31eae808433d.bps'],['816f52249e92f1aed3daaa51837d31eae808433d.json'],
,,28 Oct 2024,38709,Luigi's Misadventures 6 - Bambulua,,,,,Roberto zampari,,,,,Standard: Hard,,/?p=section&a=details&id=38709,,,['e74f5bda319174326bb7eb96587b777846d6579f.bps'],['e74f5bda319174326bb7eb96587b777846d6579f.json'],
,,31 Oct 2024,38721,First Step Forward,,,,,None,,,,,Kaizo: Beginner,,/?p=section&a=details&id=38721,,,['3c7e72973b40d496026b81fdc8200d715ecd0c30.bps'],['3c7e72973b40d496026b81fdc8200d715ecd0c30.json'],
,,31 Oct 2024,38722,The Big Mistake I Made In My Life,,,,,Gasterus155,,,,,Kaizo: Expert,,/?p=section&a=details&id=38722,,,['3a6cd74f7250c2da0fc207e3628fc76ab5734dde.bps'],['3a6cd74f7250c2da0fc207e3628fc76ab5734dde.json'],
,,31 Oct 2024,38724,Onegai My Melody - Detour Land Conquest,,,,,Big Brawler,,,,,Standard: Hard,,/?p=section&a=details&id=38724,,,['d00baa2db0873c0607317789e52878691d1a106a.bps'],['d00baa2db0873c0607317789e52878691d1a106a.json'],
,,02 Nov 2024,38730,Deez Knucks,,,,,CousinCatnip,,,,,Standard: Normal,,/?p=section&a=details&id=38730,,,['3c54ccd9094c96ec17f2af27aeb439e7e1655a72.bps'],['3c54ccd9094c96ec17f2af27aeb439e7e1655a72.json'],
,,03 Nov 2024,38732,Tower Of Nopecr,,,,,WONIU,,,,,Kaizo: Intermediate,,/?p=section&a=details&id=38732,,,['0e373d58ee316e45ad90647e620d76c8b9ccab1f.bps'],['0e373d58ee316e45ad90647e620d76c8b9ccab1f.json'],
,,03 Nov 2024,38734,Dreadshredder,,,,,Reese,,,,,Kaizo: Expert,,/?p=section&a=details&id=38734,,,['7c730d0b19359f51908889dd4764025f644c945e.bps'],['7c730d0b19359f51908889dd4764025f644c945e.json'],
,,11 Nov 2024,38770,Super Mario World: Season 3,,,,,DaHitmenGuy,,,,,Standard: Normal,,/?p=section&a=details&id=38770,,,['3b0be1dbd15066923e584eee4deda2ce5c73c650.bps'],['3b0be1dbd15066923e584eee4deda2ce5c73c650.json'],
,,13 Nov 2024,38778,Deez Knucks,,,,,CousinCatnip,,,,,Standard: Normal,,/?p=section&a=details&id=38778,,,['3c54ccd9094c96ec17f2af27aeb439e7e1655a72.bps'],['3c54ccd9094c96ec17f2af27aeb439e7e1655a72.json'],
,,13 Nov 2024,38780,Deathshredder,,,,,Reese,,,,,Kaizo: Expert,,/?p=section&a=details&id=38780,,,['7c4a8230c0ca6cff3fefb61ce6f8658473021519.bps'],['7c4a8230c0ca6cff3fefb61ce6f8658473021519.json'],
,,15 Nov 2024,38788,Epiphany,,,,,Saela,,,,,Kaizo: Intermediate,,/?p=section&a=details&id=38788,,,['ed821fff0693c95320ec734f3dc161c4b258107e.bps'],['ed821fff0693c95320ec734f3dc161c4b258107e.json'],
,,16 Nov 2024,38792,Simpatico,,,,,None,,,,,Kaizo: Expert,,/?p=section&a=details&id=38792,,,['fa86e90eb407293457e9701c57502067cd680187.bps'],['fa86e90eb407293457e9701c57502067cd680187.json'],
,,17 Nov 2024,38797,The Big Mistake I Made In My Life,,,,,Gasterus155,,,,,Kaizo: Expert,,/?p=section&a=details&id=38797,,,['776fb845d855349a9a809ff3151864f2f27acf22.bps'],['776fb845d855349a9a809ff3151864f2f27acf22.json'],
,,19 Nov 2024,38809,The Big Mistake I Made In My Life,,,,,Gasterus155,,,,,Standard: Normal,,/?p=section&a=details&id=38809,,,['776fb845d855349a9a809ff3151864f2f27acf22.bps'],['776fb845d855349a9a809ff3151864f2f27acf22.json'],
,,20 Nov 2024,38811,my first hack 2,,,,,joe gaming,,,,,Standard: Hard,,/?p=section&a=details&id=38811,,,['10fd3c2c37989fd0801c9fc36cf62674d07e28c5.bps'],['10fd3c2c37989fd0801c9fc36cf62674d07e28c5.json'],
,,20 Nov 2024,38812,Super Mario World: Season 3,,,,,DaHitmenGuy,,,,,Standard: Normal,,/?p=section&a=details&id=38812,,,['ad4dc94a3f37c3ae1df89a0abe76304280cea843.bps'],['ad4dc94a3f37c3ae1df89a0abe76304280cea843.json'],
,,21 Nov 2024,38815,The Big Mistake I Made In My Life,,,,,Gasterus155,,,,,Kaizo: Expert,,/?p=section&a=details&id=38815,,,['583f16a6dc5393f3e0ff9a5a835b69b42a0f53c5.bps'],['583f16a6dc5393f3e0ff9a5a835b69b42a0f53c5.json'],
,,23 Nov 2024,38822,Mario & Friends in: Volcanic Panic,,,,,None,,,,,Standard: Normal,,/?p=section&a=details&id=38822,,,['3eaaade12c81efa8bd8913bff0b57651841a5f6e.bps'],['3eaaade12c81efa8bd8913bff0b57651841a5f6e.json'],
,,25 Nov 2024,38828,Marios Christmas Adventure,,,,,Saphros,,,,,Kaizo: Beginner,,/?p=section&a=details&id=38828,,,['3059bdb1ceae04ea1edb483da9001e43611772ed.bps'],['3059bdb1ceae04ea1edb483da9001e43611772ed.json'],
,,25 Nov 2024,38829,"oops, all 1-1.",,,,,Aracnocat,,,,,Standard: Hard,,/?p=section&a=details&id=38829,,,['c19e263e92c3527ce5f2259e94e300e2d5d47268.bps'],['c19e263e92c3527ce5f2259e94e300e2d5d47268.json'],
,,26 Nov 2024,38831,Epiphany,,,,,Saela,,,,,Kaizo: Intermediate,,/?p=section&a=details&id=38831,,,['d4b0f75cc504190121a766c9b249c26947d6c6e0.bps'],['d4b0f75cc504190121a766c9b249c26947d6c6e0.json'],
,,26 Nov 2024,38832,Banana's Quest,,,,,BDgames2023,,,,,Standard: Hard,,/?p=section&a=details&id=38832,,,['8c145653b87da9b231bd55d880690aa8b5b3b94a.bps'],['8c145653b87da9b231bd55d880690aa8b5b3b94a.json'],
,,26 Nov 2024,38833,The Big Mistake I Made In My Life,,,,,Gasterus155,,,,,Kaizo: Expert,,/?p=section&a=details&id=38833,,,['1b593752bd66a1ef02a0958996762cc62305a612.bps'],['1b593752bd66a1ef02a0958996762cc62305a612.json'],
,,27 Nov 2024,38838,Neighborhood of Make-Believe,,,,,The_Uber_Camper,,,,,Kaizo: Beginner,,/?p=section&a=details&id=38838,,,['fb4d859c7fa4b485b96fc57e222d30390e3e658a.bps'],['fb4d859c7fa4b485b96fc57e222d30390e3e658a.json'],
,,28 Nov 2024,38841,Super Mario World: Season 3,,,,,DaHitmenGuy,,,,,Standard: Normal,,/?p=section&a=details&id=38841,,,['b3e2234f2c8a1c6859112f95b799893da1d2072a.bps'],['b3e2234f2c8a1c6859112f95b799893da1d2072a.json'],
,,28 Nov 2024,38842,Poked,,,,,akseliv,,,,,Standard: Hard,,/?p=section&a=details&id=38842,,,['93c0304440ac21794221bd7b12d0e46ad2086ad9.bps'],['93c0304440ac21794221bd7b12d0e46ad2086ad9.json'],
,,29 Nov 2024,38843,Sauna Mario World 2,,,,,pnaha,,,,,Kaizo: Intermediate,,/?p=section&a=details&id=38843,,,['7bda32c988235e72e94094408f28ea1fcd0290f8.bps'],['7bda32c988235e72e94094408f28ea1fcd0290f8.json'],
,,29 Nov 2024,38845,Banana's Quest,,,,,BDgames2023,,,,,Standard: Hard,,/?p=section&a=details&id=38845,,,['6bc1b3305a111f3ef7f8120565877d352135b3b0.bps'],['6bc1b3305a111f3ef7f8120565877d352135b3b0.json'],
,,01 Dec 2024,38858,Thanksgiving Twenty Foar,,,,,Koopenstein,,,,,Kaizo: Beginner,,/?p=section&a=details&id=38858,,,['8e5dc8dfce0d11249d05a2f86ab1dc5404da9631.bps'],['8e5dc8dfce0d11249d05a2f86ab1dc5404da9631.json'],
,,02 Dec 2024,38859,My Name is Goal,,,,,sholmes,,,,,Standard: Very Hard,,/?p=section&a=details&id=38859,,,['49f82e43a6ee3e13acbf3d0996ef854a12102357.bps'],['49f82e43a6ee3e13acbf3d0996ef854a12102357.json'],
,,02 Dec 2024,38860,Super Mario World: Season 3,,,,,DaHitmenGuy,,,,,Standard: Normal,,/?p=section&a=details&id=38860,,,['9b9aa3f2b79122ae94884b8d3166a376cdf8f814.bps'],['9b9aa3f2b79122ae94884b8d3166a376cdf8f814.json'],
,,02 Dec 2024,38861,My Name is Goal,,,,,sholmes,,,,,Standard: Very Hard,,/?p=section&a=details&id=38861,,,['da8d27d842f61f57132b94cbaa268d04e8a64599.bps'],['da8d27d842f61f57132b94cbaa268d04e8a64599.json'],
,,04 Dec 2024,38869,Click-Locked,,,,,AbuseFreakHacker,,,,,Kaizo: Intermediate,,/?p=section&a=details&id=38869,,,['b7231213e35609ee16ccc55500ae7aed7ff59769.bps'],['b7231213e35609ee16ccc55500ae7aed7ff59769.json'],
,,04 Dec 2024,38871,Triptoc,,,,,sholmes,,,,,Kaizo: Intermediate,,/?p=section&a=details&id=38871,,,['237e1077afb456d61ccea67667184fcbc14e9c5d.bps'],['237e1077afb456d61ccea67667184fcbc14e9c5d.json'],
,,04 Dec 2024,38872,My Name is Goal,,,,,sholmes,,,,,Standard: Very Hard,,/?p=section&a=details&id=38872,,,['1fa5c0449ec8ee5a32270beae1d9f6ce5ea0d245.bps'],['1fa5c0449ec8ee5a32270beae1d9f6ce5ea0d245.json'],
,,04 Dec 2024,38873,Triptoc,,,,,sholmes,,,,,Kaizo: Intermediate,,/?p=section&a=details&id=38873,,,['237e1077afb456d61ccea67667184fcbc14e9c5d.bps'],['237e1077afb456d61ccea67667184fcbc14e9c5d.json'],
,,05 Dec 2024,38874,Super Tanoshii World,,,,,Firstnamebutt,,,,,Kaizo: Beginner,,/?p=section&a=details&id=38874,,,['d1f1a06fc829ecd2c89ce2c1001046950372f59b.bps'],['d1f1a06fc829ecd2c89ce2c1001046950372f59b.json'],
,,05 Dec 2024,38876,Super Tanoshii World,,,,,Firstnamebutt,,,,,Kaizo: Beginner,,/?p=section&a=details&id=38876,,,['d1f1a06fc829ecd2c89ce2c1001046950372f59b.bps'],['d1f1a06fc829ecd2c89ce2c1001046950372f59b.json'],
,,05 Dec 2024,38877,Triptoc,,,,,sholmes,,,,,Kaizo: Intermediate,,/?p=section&a=details&id=38877,,,['b2641e19a03eda423c7de370b6ec89f16e9a0d59.bps'],['b2641e19a03eda423c7de370b6ec89f16e9a0d59.json'],
,,05 Dec 2024,38880,Digital Rage World,,,,,WONIU,,,,,Kaizo: Intermediate,,/?p=section&a=details&id=38880,,,['facd14ee7555a4c2cb9860b5c63c0bda7527a3f4.bps'],['facd14ee7555a4c2cb9860b5c63c0bda7527a3f4.json'],
,,10 Dec 2024,38898,Back to the Green Hill,,,,,sholmes,,,,,Kaizo: Expert,,/?p=section&a=details&id=38898,,,['6bafaa3df5f7c159be96c3de6f720f66e0f06a07.bps'],['6bafaa3df5f7c159be96c3de6f720f66e0f06a07.json'],
,,12 Dec 2024,38906,Kuzo Heaven,,,,,jirok1,,,,,Kaizo: Beginner,,/?p=section&a=details&id=38906,,,['089f0619e85c3c4d358d4f04bacadb453aad4e83.bps'],['089f0619e85c3c4d358d4f04bacadb453aad4e83.json'],
,,12 Dec 2024,38907,Kaizo Funny,,,,,Gaimer_69,,,,,Standard: Hard,,/?p=section&a=details&id=38907,,,['ee31204dcf9ecf2cb78904e4d86e15ad8f7c1afe.bps'],['ee31204dcf9ecf2cb78904e4d86e15ad8f7c1afe.json'],
,,13 Dec 2024,38910,Gaizo,,,,,Gaimer_69,,,,,Kaizo: Beginner,,/?p=section&a=details&id=38910,,,['2a51ea8f00a935c4e8391eb0e06be9ac2e454d85.bps'],['2a51ea8f00a935c4e8391eb0e06be9ac2e454d85.json'],
,,13 Dec 2024,38911,super Mario world easy mode,,,,,nanothehog,,,,,Standard: Easy,,/?p=section&a=details&id=38911,,,['0ad78e3366fcf2425e2064fb13e959ca27ee81e1.bps'],['0ad78e3366fcf2425e2064fb13e959ca27ee81e1.json'],
,,14 Dec 2024,38918,Gaizo (V2),,,,,Gaimer_69,,,,,"Standard: Normal, Kaizo: Beginner",,/?p=section&a=details&id=38918,,,['1ddf38b9a870742db425aa4492c36519d9e72645.bps'],['1ddf38b9a870742db425aa4492c36519d9e72645.json'],
,,14 Dec 2024,38928,Cold Nightmare,,,,,luukzmithv 2,,,,,Kaizo: Beginner,,/?p=section&a=details&id=38928,,,['441470ae0e8edd52677b28524161cc509b286c57.bps'],['441470ae0e8edd52677b28524161cc509b286c57.json'],
,,17 Dec 2024,38937,Ein Spiel mit dem Papa 1 + 2,,,,,Shimtex,,,,,Standard: Normal,,/?p=section&a=details&id=38937,,,"['a9a80addb4904625580d58cf713c7ee7e3b11175.bps', '36a7c15cba2c1ac6544db88ccdf8a26808932a4c.bps']","['a9a80addb4904625580d58cf713c7ee7e3b11175.json', '36a7c15cba2c1ac6544db88ccdf8a26808932a4c.json']",
,,17 Dec 2024,38938,BLACKOUT.exe,,,,,bald_ridge,,,,,Kaizo: Intermediate,,/?p=section&a=details&id=38938,,,"['9701b5a0cad66a5ed467c8611f71c0606bee2b03.bps', '81c6d67d1f71b6e2986a1f9fe1359bec81c8c695.bps']","['9701b5a0cad66a5ed467c8611f71c0606bee2b03.json', '81c6d67d1f71b6e2986a1f9fe1359bec81c8c695.json']",
,,18 Dec 2024,38940,Incredibous Shells 2,,,,,arantes,,,,,Kaizo: Expert,,/?p=section&a=details&id=38940,,,['7d3df4a0cee677cde8677d079d51cbae19707a04.bps'],['7d3df4a0cee677cde8677d079d51cbae19707a04.json'],
,,19 Dec 2024,38944,Super Mario World 1/2: Bowser's Revenge - Demo,,,,,Ultramegagigantor,,,,,Standard: Normal,,/?p=section&a=details&id=38944,,,['8d1478840103cc072c6abaac20c66d9e5b7712dd.bps'],['8d1478840103cc072c6abaac20c66d9e5b7712dd.json'],
,,20 Dec 2024,38946,Hypnagogia,,,,,Blaagon,,,,,Kaizo: Expert,,/?p=section&a=details&id=38946,,,['ef2b4bda109635f821442b1a80ba2f705cff6dea.bps'],['ef2b4bda109635f821442b1a80ba2f705cff6dea.json'],
,,23 Dec 2024,38961,SMW: Yoshi's Super Adventure,,,,,aroohwahoou,,,,,Standard: Normal,,/?p=section&a=details&id=38961,,,['91086abbb87637b773203df5035c6d595f66df64.bps'],['91086abbb87637b773203df5035c6d595f66df64.json'],
,,24 Dec 2024,38963,Toad's World 2,,,,,Ice Man,,,,,"Standard: Hard, Standard: Very Hard",,/?p=section&a=details&id=38963,,,['cad51ed9243a1e6bb86465ffc8b50c989e3f4a73.bps'],['cad51ed9243a1e6bb86465ffc8b50c989e3f4a73.json'],
,,24 Dec 2024,38965,Pac's Hac,,,,,pacmanboss256,,,,,Kaizo: Intermediate,,/?p=section&a=details&id=38965,,,['ff94e4190cab7563d8a7382fbbb4254e2e148cb9.bps'],['ff94e4190cab7563d8a7382fbbb4254e2e148cb9.json'],
,,27 Dec 2024,38970,Super Mario World - Bowser's Return,,,,,None,,,,,"Standard: Easy, Standard: Normal",,/?p=section&a=details&id=38970,,,['4e7b5874e0e2ab068ed48ceb32359292595829b0.bps'],['4e7b5874e0e2ab068ed48ceb32359292595829b0.json'],
,,28 Dec 2024,38975,Mario Goes To The Store,,,,,eltiolavara9,,,,,Standard: Hard,,/?p=section&a=details&id=38975,,,['ef8d817ac89f3f3d3ddec4e27096729f5c9f1008.bps'],['ef8d817ac89f3f3d3ddec4e27096729f5c9f1008.json'],
,,30 Dec 2024,38980,Super Short Kaizo Nightmare,,,,,luukzmithv 2,,,,,Kaizo: Beginner,,/?p=section&a=details&id=38980,,,['886736276b9f6dde234776aed61de82a274f30f3.bps'],['886736276b9f6dde234776aed61de82a274f30f3.json'],
,,02 Jan 2025,38989,Super Mario World 2025,,,,,Hamilton64,,,,,Standard: Normal,,/?p=section&a=details&id=38989,,,['99c3a1732775e96bb7cb691641c5615133d40c2e.bps'],['99c3a1732775e96bb7cb691641c5615133d40c2e.json'],
,,02 Jan 2025,38990,SMW - The Lost Islands,,,,,None,,,,,Standard: Normal,,/?p=section&a=details&id=38990,,,['f98bce16faaef44a76bf4be37a6534f2d2b9c0cc.bps'],['f98bce16faaef44a76bf4be37a6534f2d2b9c0cc.json'],
,,02 Jan 2025,38993,Super Mario World 2025,,,,,Hamilton64,,,,,Standard: Normal,,/?p=section&a=details&id=38993,,,['fe66d89f83e1758024c7635630e42a6e4a6eb4e6.bps'],['fe66d89f83e1758024c7635630e42a6e4a6eb4e6.json'],
,,02 Jan 2025,38995,Super Toest World,,,,,WONIU,,,,,Kaizo: Intermediate,,/?p=section&a=details&id=38995,,,['66cc6b2952faf1fb752db0935b626ba03d735eac.bps'],['66cc6b2952faf1fb752db0935b626ba03d735eac.json'],
,,03 Jan 2025,39006,Mastery Shells,,,,,Jaozin712,,,,,Kaizo: Intermediate,,/?p=section&a=details&id=39006,,,['dc4de32aa9c2974319da929e1fe68f12d28dd171.bps'],['dc4de32aa9c2974319da929e1fe68f12d28dd171.json'],
,,04 Jan 2025,39008,SV World,,,,,RenanSV,,,,,Kaizo: Intermediate,,/?p=section&a=details&id=39008,,,['de2520dd42b741d9febaf07acb4080c52c33bd3f.bps'],['de2520dd42b741d9febaf07acb4080c52c33bd3f.json'],
,,05 Jan 2025,39010,SV World,,,,,RenanSV,,,,,Kaizo: Intermediate,,/?p=section&a=details&id=39010,,,['698d00bc271d887c6556cfdc91cf04076b043a45.bps'],['698d00bc271d887c6556cfdc91cf04076b043a45.json'],
,,05 Jan 2025,39011,SV World,,,,,RenanSV,,,,,Kaizo: Intermediate,,/?p=section&a=details&id=39011,,,['698d00bc271d887c6556cfdc91cf04076b043a45.bps'],['698d00bc271d887c6556cfdc91cf04076b043a45.json'],
,,06 Jan 2025,39015,misarom,,,,,iemhacke,,,,,Standard: Easy,,/?p=section&a=details&id=39015,,,['67dc2af1d03ba3a3155e7533cedf42be3b9ce399.bps'],['67dc2af1d03ba3a3155e7533cedf42be3b9ce399.json'],
,,07 Jan 2025,39023,SV World,,,,,RenanSV,,,,,Kaizo: Intermediate,,/?p=section&a=details&id=39023,,,['cf29682bf4793240277194c606f8d18966a9867f.bps'],['cf29682bf4793240277194c606f8d18966a9867f.json'],
,,11 Jan 2025,39030,Pandarosa,,,,,YouTibbles,,,,,Kaizo: Intermediate,,/?p=section&a=details&id=39030,,,['ae5225350b3730f878eba53ed36566d3ad2ed046.bps'],['ae5225350b3730f878eba53ed36566d3ad2ed046.json'],
,,12 Jan 2025,39035,kaizo mario must die,,,,,Gustavo2011,,,,,Kaizo: Intermediate,,/?p=section&a=details&id=39035,,,['c6c587e7534adf1087d97cc92559fdb73c2df611.bps'],['c6c587e7534adf1087d97cc92559fdb73c2df611.json'],
,,12 Jan 2025,39038,d,,,,,hanokah,,,,,"Standard: Hard, Kaizo: Beginner",,/?p=section&a=details&id=39038,,,['2f7e13d97e11f0ead11ee853faee228d279bb92c.bps'],['2f7e13d97e11f0ead11ee853faee228d279bb92c.json'],
,,15 Jan 2025,39056,My Name is Goal,,,,,sholmes,,,,,Standard: Very Hard,,/?p=section&a=details&id=39056,,,['5fdea88daed17829a481193d68ee3226614d5e65.bps'],['5fdea88daed17829a481193d68ee3226614d5e65.json'],
,,15 Jan 2025,39057,Pandarosa,,,,,YouTibbles,,,,,Kaizo: Intermediate,,/?p=section&a=details&id=39057,,,['23f49c74abd54cabeba4ebef04238d63f3902f86.bps'],['23f49c74abd54cabeba4ebef04238d63f3902f86.json'],
,,18 Jan 2025,39067,Ultimate Carl Heaven,,,,,WONIU,,,,,Kaizo: Intermediate,,/?p=section&a=details&id=39067,,,['e747f58ab1b5fbfad0caa5b1e02767d901141a65.bps'],['e747f58ab1b5fbfad0caa5b1e02767d901141a65.json'],
,,18 Jan 2025,39075,The adventures begin,,,,,Yutuz,,,,,"Standard: Very Hard, Kaizo: Beginner",,/?p=section&a=details&id=39075,,,['d957a071a015d0564dd3ad89800b3855b4d04743.bps'],['d957a071a015d0564dd3ad89800b3855b4d04743.json'],
,,18 Jan 2025,39076,The adventures end,,,,,Yutuz,,,,,Standard: Very Hard,,/?p=section&a=details&id=39076,,,"['ff20361a918ccd92515a8ba00b107922fbd04c48.bps', '4b906ccef78ed4c97c91a319fe0d7024610ed84a.bps']","['ff20361a918ccd92515a8ba00b107922fbd04c48.json', '4b906ccef78ed4c97c91a319fe0d7024610ed84a.json']",
,,19 Jan 2025,39077,kaizo mario must die,,,,,Gustavo2011,,,,,Kaizo: Intermediate,,/?p=section&a=details&id=39077,,,['169d09ddd783c1c5e70f0b3bdadbbb09d5565d3e.bps'],['169d09ddd783c1c5e70f0b3bdadbbb09d5565d3e.json'],
,,20 Jan 2025,39082,Mario and the Mystical Islands 0.1.0 Beta,,,,,Hacks Maker,,,,,Standard: Normal,,/?p=section&a=details&id=39082,,,['95718c7e715f6f4fc8acfc53b044f2d605e172ca.bps'],['95718c7e715f6f4fc8acfc53b044f2d605e172ca.json'],
,,21 Jan 2025,39088,Pandarosa,,,,,YouTibbles,,,,,Kaizo: Intermediate,,/?p=section&a=details&id=39088,,,['5e45bc27254912c7e994988fc7948d5191e606ef.bps'],['5e45bc27254912c7e994988fc7948d5191e606ef.json'],
,,23 Jan 2025,39097,Pandarosa,,,,,YouTibbles,,,,,Kaizo: Intermediate,,/?p=section&a=details&id=39097,,,['2c9c2dcdc655cbb4f88d7a83735286ca159589d1.bps'],['2c9c2dcdc655cbb4f88d7a83735286ca159589d1.json'],
,,24 Jan 2025,39101,levels 1.0,,,,,Cwole23,,,,,Standard: Easy,,/?p=section&a=details&id=39101,,,['42e6bbe6bd9867304738debc64c881dd33130f38.bps'],['42e6bbe6bd9867304738debc64c881dd33130f38.json'],
,,27 Jan 2025,39113,Super Mario World 2025,,,,,Hamilton64,,,,,Standard: Normal,,/?p=section&a=details&id=39113,,,"['e8f9903437262dcb9989b8568aaf692e6632e3b7.bps', 'd95292f753794ca8c50cd269b911e38ef8940334.bps']","['e8f9903437262dcb9989b8568aaf692e6632e3b7.json', 'd95292f753794ca8c50cd269b911e38ef8940334.json']",
,,27 Jan 2025,39114,levels 1.0,,,,,Cwole23,,,,,Standard: Easy,,/?p=section&a=details&id=39114,,,['42e6bbe6bd9867304738debc64c881dd33130f38.bps'],['42e6bbe6bd9867304738debc64c881dd33130f38.json'],
,,29 Jan 2025,39119,Toad's World 2 v1.1,,,,,Ice Man,,,,,Standard: Hard,,/?p=section&a=details&id=39119,,,['53b258e8e0b120d250ffc890d6da96f4f4e0f59d.bps'],['53b258e8e0b120d250ffc890d6da96f4f4e0f59d.json'],
,,30 Jan 2025,39127,Super Mario 16: The Fall of Yoshi,,,,,Alex No,,,,,Standard: Normal,,/?p=section&a=details&id=39127,,,['e53c8bdd9ea3dad432d9253f9e3c1afae47f514c.bps'],['e53c8bdd9ea3dad432d9253f9e3c1afae47f514c.json'],
,,01 Feb 2025,39133,Super Emma Quest Turbo,,,,,CalFox,,,,,Standard: Hard,,/?p=section&a=details&id=39133,,,['216009512f5b8ac247e02eca979558eee1d6e00e.bps'],['216009512f5b8ac247e02eca979558eee1d6e00e.json'],
,,01 Feb 2025,39134,Sauna Mario World 2,,,,,pnaha,,,,,Kaizo: Intermediate,,/?p=section&a=details&id=39134,,,['c6e568609e29a78adfeb19fa7733f3f0637a872b.bps'],['c6e568609e29a78adfeb19fa7733f3f0637a872b.json'],
,,05 Feb 2025,39149,Pac's Hac Demo,,,,,pacmanboss256,,,,,Kaizo: Expert,,/?p=section&a=details&id=39149,,,['179c8da5577740d1cf3e09df733cde83c42ad8d3.bps'],['179c8da5577740d1cf3e09df733cde83c42ad8d3.json'],
,,07 Feb 2025,39153,super mateus world,,,,,Gustavo2011,,,,,Standard: Normal,,/?p=section&a=details&id=39153,,,['3daaca6ace860c03997f1a79d9931109b55d1f67.bps'],['3daaca6ace860c03997f1a79d9931109b55d1f67.json'],
,,08 Feb 2025,39162,Super Mario World 2025: Stage 1-72,,,,,None,,,,,Standard: Normal,,/?p=section&a=details&id=39162,,,"['86cc81a876e65b5019fdf707e4a5f317b3aecefc.bps', '7fb6e026faa1525954b0904963f5f6b1d25bb683.bps']","['86cc81a876e65b5019fdf707e4a5f317b3aecefc.json', '7fb6e026faa1525954b0904963f5f6b1d25bb683.json']",
,,09 Feb 2025,39166,super mateus world,,,,,Gustavo2011,,,,,Standard: Normal,,/?p=section&a=details&id=39166,,,['b33c320dd990f428196d04c6f8906dd659a3e09d.bps'],['b33c320dd990f428196d04c6f8906dd659a3e09d.json'],
,,12 Feb 2025,39189,Jack Marspotter,,,,,PixelFhacks,,,,,Kaizo: Intermediate,,/?p=section&a=details&id=39189,,,['caf887ff085545dd364b5732f160e9878e87881e.bps'],['caf887ff085545dd364b5732f160e9878e87881e.json'],
,,13 Feb 2025,39200,Jack Marspotter,,,,,PixelFhacks,,,,,Kaizo: Intermediate,,/?p=section&a=details&id=39200,,,['c8bd097da8b328c36ccc2459e3093e9c3de01287.bps'],['c8bd097da8b328c36ccc2459e3093e9c3de01287.json'],
,,14 Feb 2025,39202,Gynura,,,,,neidoodle,,,,,Kaizo: Intermediate,,/?p=section&a=details&id=39202,,,['a0dd526aad7fd7710b5689a1b903ad3f7623eedb.bps'],['a0dd526aad7fd7710b5689a1b903ad3f7623eedb.json'],
,,14 Feb 2025,39203,Annihilation,,,,,7kzinn.x,,,,,Standard: Normal,,/?p=section&a=details&id=39203,,,['1ad4f89eda15eb3554fc56d987d8a5500f07270e.bps'],['1ad4f89eda15eb3554fc56d987d8a5500f07270e.json'],
,,14 Feb 2025,39205,Mario No Kumorizora,,,,,Azula16,,,,,Kaizo: Expert,,/?p=section&a=details&id=39205,,,['2ea17dc603b95da282375ef5ef3e1b16b64b2991.bps'],['2ea17dc603b95da282375ef5ef3e1b16b64b2991.json'],
,,15 Feb 2025,39299,Super Mario World 2025: Stage 1-72,,,,,None,,,,,Standard: Normal,,/?p=section&a=details&id=39299,,,"['86cc81a876e65b5019fdf707e4a5f317b3aecefc.bps', '7fb6e026faa1525954b0904963f5f6b1d25bb683.bps']","['86cc81a876e65b5019fdf707e4a5f317b3aecefc.json', '7fb6e026faa1525954b0904963f5f6b1d25bb683.json']",
,,16 Feb 2025,39300,Gynura,,,,,neidoodle,,,,,Kaizo: Intermediate,,/?p=section&a=details&id=39300,,,['dff593f2a7c90300676ebce1d1f8b979bff3a2ad.bps'],['dff593f2a7c90300676ebce1d1f8b979bff3a2ad.json'],
,,16 Feb 2025,39325,SHINE,,,,,Doopu,,,,,Kaizo: Intermediate,,/?p=section&a=details&id=39325,,,['e05311a1df2fdc6956fb9be8a461f570bbdba8a1.bps'],['e05311a1df2fdc6956fb9be8a461f570bbdba8a1.json'],
,,16 Feb 2025,39327,kaizo mario must die 2,,,,,gustavo2011smw,,,,,Tool-Assisted: Kaizo,,/?p=section&a=details&id=39327,,,['06fb42338df1bd99cf224dc2e494be3499b60ca6.bps'],['06fb42338df1bd99cf224dc2e494be3499b60ca6.json'],
,,16 Feb 2025,39331,Hack 0 3,,,,,Golden Yoshi,,,,,Standard: Hard,,/?p=section&a=details&id=39331,,,['a82c402d9238f68717e4669cfd405f8aafd3e19d.bps'],['a82c402d9238f68717e4669cfd405f8aafd3e19d.json'],
,,17 Feb 2025,39343,Super I Will Make One Level a Day Until Doopu Publishes SHINE World,,,,,EvilAdmiralKivi,,,,,Kaizo: Intermediate,,/?p=section&a=details&id=39343,,,['417f2f67fed72bb14c4ceb4a557083bfb120a4fd.bps'],['417f2f67fed72bb14c4ceb4a557083bfb120a4fd.json'],
,,17 Feb 2025,39347,Hack: Greatest Hits,,,,,Golden Yoshi,,,,,Standard: Hard,,/?p=section&a=details&id=39347,,,['85d8069471aa67a4398acf2d5d0c0920ee859a75.bps'],['85d8069471aa67a4398acf2d5d0c0920ee859a75.json'],
,,19 Feb 2025,39395,Super Luigi Land 2,,,,,Gamma V,,,,,Standard: Normal,,/?p=section&a=details&id=39395,,,['e0cc9eac0f72eaceab4fa308b768f05ff5564003.bps'],['e0cc9eac0f72eaceab4fa308b768f05ff5564003.json'],
,,19 Feb 2025,39397,Mario's Dying Simulator,,,,,Sokobansolver,,,,,Tool-Assisted: Kaizo,,/?p=section&a=details&id=39397,,,['46541a4d7e6907016fe4ee30804339c5bf7bacf7.bps'],['46541a4d7e6907016fe4ee30804339c5bf7bacf7.json'],
,,22 Feb 2025,39435,Super Luigi Land 2,,,,,Gamma V,,,,,Standard: Normal,,/?p=section&a=details&id=39435,,,['de4ded21e04651da93fd6eeea7114e06d65fe9dd.bps'],['de4ded21e04651da93fd6eeea7114e06d65fe9dd.json'],
,,23 Feb 2025,39440,"Super Mario world, Fern style",,,,,Fernchess,,,,,Standard: Easy,,/?p=section&a=details&id=39440,,,['1fc5fadb179fa9fa5f433a3690f4c637163b26e3.bps'],['1fc5fadb179fa9fa5f433a3690f4c637163b26e3.json'],
,,23 Feb 2025,39444,Mario e Luigi queijo lunar,,,,,AbiLee,,,,,Kaizo: Intermediate,,/?p=section&a=details&id=39444,,,['70c80e95d4392043e681e25063a469838694406c.bps'],['70c80e95d4392043e681e25063a469838694406c.json'],
,,25 Feb 2025,39456,Hack: Greatest Hits,,,,,Golden Yoshi,,,,,"Standard: Hard, Kaizo: Beginner",,/?p=section&a=details&id=39456,,,['1279c09466d8b382d7c32178f85ec26c53b3ae65.bps'],['1279c09466d8b382d7c32178f85ec26c53b3ae65.json'],
,,25 Feb 2025,39457,Candy Shop - Light Edition,,,,,Saphros,,,,,Kaizo: Beginner,,/?p=section&a=details&id=39457,,,['f98426897447381c3f8d8685b820c11546197d56.bps'],['f98426897447381c3f8d8685b820c11546197d56.json'],
,,25 Feb 2025,39462,Super Mario Floats Anywhere!,,,,,luukzmithv,,,,,Kaizo: Intermediate,,/?p=section&a=details&id=39462,,,['58f1c07078a55dff55b619016cda408a5b01782a.bps'],['58f1c07078a55dff55b619016cda408a5b01782a.json'],
,,27 Feb 2025,39479,Super Mario World 2025,,,,,Hamilton64,,,,,Standard: Normal,,/?p=section&a=details&id=39479,,,"['ff616fac1485933e80761331380004544624a18c.bps', '1d63bbfffb8cc61b48a7b02ba514823da6fb8735.bps']","['ff616fac1485933e80761331380004544624a18c.json', '1d63bbfffb8cc61b48a7b02ba514823da6fb8735.json']",
,,28 Feb 2025,39483,World of Wonder,,,,,Craftyimposter,,,,,Standard: Easy,,/?p=section&a=details&id=39483,,,['e2df807d660aaaee0f289d952567db9b560f3794.bps'],['e2df807d660aaaee0f289d952567db9b560f3794.json'],
,,28 Feb 2025,39484,A Very Special Mario World,,,,,PyroKastrix,,,,,Standard: Normal,,/?p=section&a=details&id=39484,,,['e3da556cd19409e08a091e3cedba0127da813ba0.bps'],['e3da556cd19409e08a091e3cedba0127da813ba0.json'],
,,28 Feb 2025,39485,Mario And The Diamond Moon,,,,,Enan63,,,,,"Standard: Normal, Standard: Hard",,/?p=section&a=details&id=39485,,,['eef4e41ca40697bebc902ee65bd459acc332996b.bps'],['eef4e41ca40697bebc902ee65bd459acc332996b.json'],
,,02 Mar 2025,39496,Showtime,,,,,TheMorganah,,,,,Standard: Normal,,/?p=section&a=details&id=39496,,,['a88a39ac5f823d3cf0b75342fac8411de200ab6d.bps'],['a88a39ac5f823d3cf0b75342fac8411de200ab6d.json'],
,,05 Mar 2025,39512,Mario Quits 2,,,,,DasFueller,,,,,Kaizo: Intermediate,,/?p=section&a=details&id=39512,,,['66d22a25df8040674cb4913e0c13a56c3e58a35a.bps'],['66d22a25df8040674cb4913e0c13a56c3e58a35a.json'],
,,05 Mar 2025,39515,Le plume,,,,,None,,,,,Kaizo: Intermediate,,/?p=section&a=details&id=39515,,,['8e39a290eef5e80c66db2361947c8922732fb2f0.bps'],['8e39a290eef5e80c66db2361947c8922732fb2f0.json'],
,,07 Mar 2025,39525,World of Wonder,,,,,Craftyimposter,,,,,Standard: Easy,,/?p=section&a=details&id=39525,,,['816d4ed471cc8cecd11c92ddcb7aa3f9f37e1ddb.bps'],['816d4ed471cc8cecd11c92ddcb7aa3f9f37e1ddb.json'],
,,07 Mar 2025,39539,A Very Special Mario World (v0.3),,,,,PyroKastrix,,,,,Standard: Normal,,/?p=section&a=details&id=39539,,,['2543e221f56bde94e1bab36a75c32f966263ac8d.bps'],['2543e221f56bde94e1bab36a75c32f966263ac8d.json'],
,,08 Mar 2025,39540,hyper mario,,,,,luigi's mansions 9054,,,,,Standard: Easy,,/?p=section&a=details&id=39540,,,['93748a5ce28c4a441290416565f2eda3a706371c.bps'],['93748a5ce28c4a441290416565f2eda3a706371c.json'],
,,09 Mar 2025,39543,Gratitude,,,,,Fransen86,,,,,Kaizo: Intermediate,,/?p=section&a=details&id=39543,,,['7780af02be96bc7bb66c47372f78dd0a797048d1.bps'],['7780af02be96bc7bb66c47372f78dd0a797048d1.json'],
,,09 Mar 2025,39544,Gynura,,,,,neidoodle,,,,,Kaizo: Intermediate,,/?p=section&a=details&id=39544,,,['79d7b6a85826a66eb6947a6f306f65d10f001a1a.bps'],['79d7b6a85826a66eb6947a6f306f65d10f001a1a.json'],
,,11 Mar 2025,39556,Deep In The Island,,,,,dashlet,,,,,Standard: Hard,,/?p=section&a=details&id=39556,,,['49ad7aadd99b0539a26bd92def669357d75c340b.bps'],['49ad7aadd99b0539a26bd92def669357d75c340b.json'],
,,12 Mar 2025,39568,Kaitenzushi,,,,,JeepySol,,,,,Kaizo: Intermediate,,/?p=section&a=details&id=39568,,,['70bf04bda6f8d3bec8f99709ca94fe8d8550ba10.bps'],['70bf04bda6f8d3bec8f99709ca94fe8d8550ba10.json'],
,,13 Mar 2025,39571,Super Corn World,,,,,PopCorn181,,,,,Kaizo: Beginner,,/?p=section&a=details&id=39571,,,['9445a1e472800084bc0e912a841d0bd4e2904c95.bps'],['9445a1e472800084bc0e912a841d0bd4e2904c95.json'],
,,13 Mar 2025,39572,The adventures end,,,,,Yutuz,,,,,Standard: Very Hard,,/?p=section&a=details&id=39572,,,"['86d2d94c7a0bae5d52fd5f3772709fba9fce05a3.bps', '574a671ab674a3367c59c6285d3486d2e171cdc6.bps']","['86d2d94c7a0bae5d52fd5f3772709fba9fce05a3.json', '574a671ab674a3367c59c6285d3486d2e171cdc6.json']",
,,15 Mar 2025,39579,Super Ninji Land Reawakened,,,,,Idunno,,,,,Standard: Normal,,/?p=section&a=details&id=39579,,,['b4a04bbd1109ea1e042f66f9cbeac6f985f4c2f0.bps'],['b4a04bbd1109ea1e042f66f9cbeac6f985f4c2f0.json'],
,,15 Mar 2025,39586,Illuminati,,,,,bulti,,,,,Kaizo: Intermediate,,/?p=section&a=details&id=39586,,,['c143adca17af20dcc957018383f3aaedfb16deb2.bps'],['c143adca17af20dcc957018383f3aaedfb16deb2.json'],
,,16 Mar 2025,39590,A Supposedly Fun Thing I'll Never Do Again,,,,,Abstract,,,,,Kaizo: Expert,,/?p=section&a=details&id=39590,,,['d1cdc9c7dea5a76e6f31927d28dcf3fcfee6a1fa.bps'],['d1cdc9c7dea5a76e6f31927d28dcf3fcfee6a1fa.json'],
,,18 Mar 2025,39592,Mario's Dying Simulator,,,,,Sokobansolver,,,,,Tool-Assisted: Kaizo,,/?p=section&a=details&id=39592,,,['433647596a1295963e4dd2d42cdc9373d1f5369f.bps'],['433647596a1295963e4dd2d42cdc9373d1f5369f.json'],
,,21 Mar 2025,39605,Bernardo's World,,,,,VGHack,,,,,Standard: Easy,,/?p=section&a=details&id=39605,,,['504cf0d56edd4ded4eb85d7309cf909d26d5d5b7.bps'],['504cf0d56edd4ded4eb85d7309cf909d26d5d5b7.json'],
,,21 Mar 2025,39607,Super Maizen Sisters: Save The World Under 72 Hours!,,,,,thatwaterblockrk,,,,,Standard: Hard,,/?p=section&a=details&id=39607,,,['495411d8253dc0b4b8e5197aa3b9bbcce96609bd.bps'],['495411d8253dc0b4b8e5197aa3b9bbcce96609bd.json'],
,,21 Mar 2025,39608,Super Mario Colors Adventure,,,,,Ashura4126,,,,,Standard: Very Hard,,/?p=section&a=details&id=39608,,,['b033dff24af43ad52b1b51350b5e127fd047978b.bps'],['b033dff24af43ad52b1b51350b5e127fd047978b.json'],
,,22 Mar 2025,39613,super tiny world,,,,,None,,,,,Standard: Easy,,/?p=section&a=details&id=39613,,,['1cb1f835f815512fa45eecf356ef726dd5e347e2.bps'],['1cb1f835f815512fa45eecf356ef726dd5e347e2.json'],
,,22 Mar 2025,39618,Super Mario World: Return to Mushroom Kingdom DEMO,,,,,megfan2008,,,,,Standard: Normal,,/?p=section&a=details&id=39618,,,['04ff4b1322d229ce23e9051168e759d59fba9275.bps'],['04ff4b1322d229ce23e9051168e759d59fba9275.json'],
,,23 Mar 2025,39619,Gynura,,,,,neidoodle,,,,,Kaizo: Intermediate,,/?p=section&a=details&id=39619,,,['5c6513be48547d51da6648974bd5466f7f92c29e.bps'],['5c6513be48547d51da6648974bd5466f7f92c29e.json'],
,,24 Mar 2025,39633,Super Mario Colors 2 Adventure Yoshi Mission,,,,,Ashura4126,,,,,Standard: Hard,,/?p=section&a=details&id=39633,,,['a3e240ba523f2c9d81978418bd434a590a535635.bps'],['a3e240ba523f2c9d81978418bd434a590a535635.json'],
,,29 Mar 2025,39657,Super Mario in Yoshi's Island 2 World Demo 1,,,,,Link13,,,,,Standard: Normal,,/?p=section&a=details&id=39657,,,['da71c3c0162b46629f9c7622f68bc333d338b812.bps'],['da71c3c0162b46629f9c7622f68bc333d338b812.json'],
,,31 Mar 2025,39676,96 Shells,,,,,HmWhyNot,,,,,"Kaizo: Beginner, Kaizo: Intermediate, Kaizo: Expert, Misc.: Troll",,/?p=section&a=details&id=39676,,,['c478efe3046f799079a11bbbe6f12d8c78317677.bps'],['c478efe3046f799079a11bbbe6f12d8c78317677.json'],
,,31 Mar 2025,39677,96 Shells,,,,,HmWhyNot,,,,,"Kaizo: Beginner, Kaizo: Intermediate, Kaizo: Expert, Misc.: Troll",,/?p=section&a=details&id=39677,,,['c478efe3046f799079a11bbbe6f12d8c78317677.bps'],['c478efe3046f799079a11bbbe6f12d8c78317677.json'],
,,01 Apr 2025,39683,SMW The Princess Rescue 3 - The Turnabout,,,,,bandicoot,,,,,Standard: Hard,,/?p=section&a=details&id=39683,,,"['26c2cb2ce6b62b32ee5103c879e3fe37c6eb3ead.bps', 'e0628b6a0e4ad3a365d5624c8880ea8da62bc8ec.bps']","['26c2cb2ce6b62b32ee5103c879e3fe37c6eb3ead.json', 'e0628b6a0e4ad3a365d5624c8880ea8da62bc8ec.json']",
,,02 Apr 2025,39688,stop. [first 'scary' romhack,,,,,ale,,,,,Standard: Easy,,/?p=section&a=details&id=39688,,,['38974086a54314e305a5c4db735873268ae0af7d.bps'],['38974086a54314e305a5c4db735873268ae0af7d.json'],
,,06 Apr 2025,39700,The Big Mistake I Made In My Life,,,,,Gasterus155,,,,,Kaizo: Expert,,/?p=section&a=details&id=39700,,,['f54b15cea23df8d967de815d464c2000addba39d.bps'],['f54b15cea23df8d967de815d464c2000addba39d.json'],
,,09 Apr 2025,39716,Kaizo Consistency,,,,,35TCB77,,,,,Kaizo: Beginner,,/?p=section&a=details&id=39716,,,['e14f26dc72ba3c76e72863a79b6465985933774c.bps'],['e14f26dc72ba3c76e72863a79b6465985933774c.json'],
,,09 Apr 2025,39717,Kaizo Consistency,,,,,35TCB77,,,,,Kaizo: Beginner,,/?p=section&a=details&id=39717,,,['c7869e42ca39f14d6a36026dcad534bb2b40e5b0.bps'],['c7869e42ca39f14d6a36026dcad534bb2b40e5b0.json'],
,,13 Apr 2025,39730,A Supposedly Fun Thing I'll Never Do Again,,,,,Abstract,,,,,Kaizo: Expert,,/?p=section&a=details&id=39730,,,['c5d67186f95627dafc9f238f8e61657f9033064e.bps'],['c5d67186f95627dafc9f238f8e61657f9033064e.json'],
,,13 Apr 2025,39732,You Have No Life,,,,,lmendo,,,,,Kaizo: Intermediate,,/?p=section&a=details&id=39732,,,['1214c16355cbb248fe724e87b5a774051407bfe2.bps'],['1214c16355cbb248fe724e87b5a774051407bfe2.json'],
,,16 Apr 2025,39749,Super Wallclip,,,,,ale,,,,,Standard: Easy,,/?p=section&a=details&id=39749,,,['d23e93330e4358afba6464a85925fca7d8433f97.bps'],['d23e93330e4358afba6464a85925fca7d8433f97.json'],
,,16 Apr 2025,39750,Super Gafe World,,,,,MarioRio131,,,,,Standard: Normal,,/?p=section&a=details&id=39750,,,['02312cf1010198958796256e5492e371fae4ad28.bps'],['02312cf1010198958796256e5492e371fae4ad28.json'],
,,17 Apr 2025,39754,Darkside 2,,,,,Insanit,,,,,Kaizo: Intermediate,,/?p=section&a=details&id=39754,,,['2e273657b138633b52ed8cd45202de32f86eb070.bps'],['2e273657b138633b52ed8cd45202de32f86eb070.json'],
,,20 Apr 2025,39761,Mario YOUR Mustache!,,,,,Bobilovemario,,,,,Standard: Normal,,/?p=section&a=details&id=39761,,,['51b589ae5b8b12a6d262e1cd8ec0d02ea278ea0e.bps'],['51b589ae5b8b12a6d262e1cd8ec0d02ea278ea0e.json'],
,,21 Apr 2025,39763,Super Xoxao World,,,,,Mary's Dreamland,,,,,Standard: Normal,,/?p=section&a=details&id=39763,,,['3d7c3db050b90a590f3579eaf0c3424980a0f30e.bps'],['3d7c3db050b90a590f3579eaf0c3424980a0f30e.json'],
,,21 Apr 2025,39768,The adventures end,,,,,Yutuz,,,,,Standard: Very Hard,,/?p=section&a=details&id=39768,,,['0f5f45fa32d0f4a91f6b711f7a6d636ddf2b41d3.bps'],['0f5f45fa32d0f4a91f6b711f7a6d636ddf2b41d3.json'],
,,24 Apr 2025,39781,SMW Tweaked,,,,,SusHat77,,,,,Standard: Normal,,/?p=section&a=details&id=39781,,,['fd1fcdb9b58070fba861251c9049b75313389f75.bps'],['fd1fcdb9b58070fba861251c9049b75313389f75.json'],
,,25 Apr 2025,39782,Kaizo Consistency,,,,,35TCB77,,,,,Kaizo: Beginner,,/?p=section&a=details&id=39782,,,['cd0c510f929597b56a1460b2cbba509b9eb3ded8.bps'],['cd0c510f929597b56a1460b2cbba509b9eb3ded8.json'],
,,30 Apr 2025,39794,The Dimensional Castle Starring Aeron,,,,,Anorakun,,,,,Standard: Very Hard,,/?p=section&a=details&id=39794,,,['3c09fa89d5a33d7db4d46ed62f5eed777cb0d36e.bps'],['3c09fa89d5a33d7db4d46ed62f5eed777cb0d36e.json'],
,,04 May 2025,39804,SUPER MARIO TIMESHIFT 2025,,,,,qylina,,,,,Standard: Normal,,/?p=section&a=details&id=39804,,,['029cb5a84035d31833697fd085b5e893df727dfd.bps'],['029cb5a84035d31833697fd085b5e893df727dfd.json'],
,,05 May 2025,39810,The adventures end,,,,,Yutuz,,,,,Standard: Very Hard,,/?p=section&a=details&id=39810,,,['7f5ea19e77219797af4acc79ad9c524d79364761.bps'],['7f5ea19e77219797af4acc79ad9c524d79364761.json'],
,,07 May 2025,39818,Made of Fantasy,,,,,Saphros,,,,,Kaizo: Intermediate,,/?p=section&a=details&id=39818,,,['f9a912bb02059ccb1608cb95625d60f1a5a34dfd.bps'],['f9a912bb02059ccb1608cb95625d60f1a5a34dfd.json'],
,,07 May 2025,39819,Masterpiece,,,,,YMM,,,,,"Kaizo: Intermediate, Kaizo: Expert",,/?p=section&a=details&id=39819,,,['dcdfb5089dbc75229c03e70a0903d64b30665f69.bps'],['dcdfb5089dbc75229c03e70a0903d64b30665f69.json'],
,,10 May 2025,39826,super mario bros ultimate kaizo(pt-br),,,,,matheussmwc201,,,,,Kaizo: Expert,,/?p=section&a=details&id=39826,,,['67cf1034d0e6b428bff60cb21e03e3c75290d958.bps'],['67cf1034d0e6b428bff60cb21e03e3c75290d958.json'],
,,10 May 2025,39829,Super Koopa Land - Demo 1,,,,,ale,,,,,Standard: Normal,,/?p=section&a=details&id=39829,,,['1c2d3df31e20385f929d28cabb2a672820492afe.bps'],['1c2d3df31e20385f929d28cabb2a672820492afe.json'],
,,11 May 2025,39833,Mario goes on an adventure for apparently no reason,,,,,Alfombra de madera,,,,,Standard: Hard,,/?p=section&a=details&id=39833,,,['6484bc0d8f96d61831014482e333dba9d9ab6e93.bps'],['6484bc0d8f96d61831014482e333dba9d9ab6e93.json'],
,,15 May 2025,39848,Motor Shells,,,,,Pottsie,,,,,Kaizo: Expert,,/?p=section&a=details&id=39848,,,['3386f76b06c2f1c6ce1ad078d78f61d76ba491a4.bps'],['3386f76b06c2f1c6ce1ad078d78f61d76ba491a4.json'],
,,17 May 2025,39854,Cosmic Expedition,,,,,GrenudoGames,,,,,Kaizo: Expert,,/?p=section&a=details&id=39854,,,['a637e3587ffd05a7b3fd0865c8a8e3bab5d134ac.bps'],['a637e3587ffd05a7b3fd0865c8a8e3bab5d134ac.json'],
,,17 May 2025,39856,Chaos Control,,,,,sholmes,,,,,Kaizo: Intermediate,,/?p=section&a=details&id=39856,,,['4b5cf59f860274926288e450ee055414d7522a5c.bps'],['4b5cf59f860274926288e450ee055414d7522a5c.json'],
,,18 May 2025,39864,Super Wow,,,,,Firstnamebutt,,,,,Kaizo: Beginner,,/?p=section&a=details&id=39864,,,['2de00f832ad0e8d5e4e06d05ab192e281be6558f.bps'],['2de00f832ad0e8d5e4e06d05ab192e281be6558f.json'],
,,20 May 2025,39870,Cosmic Expedition,,,,,GrenudoGames,,,,,Kaizo: Expert,,/?p=section&a=details&id=39870,,,['ed19a2d84c19ab88073389ce05d90cc972326f45.bps'],['ed19a2d84c19ab88073389ce05d90cc972326f45.json'],
,,20 May 2025,39872,Motor Shells,,,,,Pottsie,,,,,Kaizo: Expert,,/?p=section&a=details&id=39872,,,['bf3f612ab43653706c6bf08591fec9f4037fe24b.bps'],['bf3f612ab43653706c6bf08591fec9f4037fe24b.json'],
,,21 May 2025,39877,THROWING HANDS,,,,,Xulon,,,,,Standard: Very Hard,,/?p=section&a=details&id=39877,,,['16f72a7e6fef704e613d4dbf08c9e481b1e32591.bps'],['16f72a7e6fef704e613d4dbf08c9e481b1e32591.json'],
,,22 May 2025,39878,Sponge's Quest,,,,,MasterLance2025,,,,,Standard: Hard,,/?p=section&a=details&id=39878,,,['9059f3e9af4dc5d0cf171a74df393cb667bf54ea.bps'],['9059f3e9af4dc5d0cf171a74df393cb667bf54ea.json'],
,,22 May 2025,39879,ONE,,,,,MasterLance2025,,,,,Standard: Easy,,/?p=section&a=details&id=39879,,,['8aea2816dc0be196fd40c8a08694ca8c6686290c.bps'],['8aea2816dc0be196fd40c8a08694ca8c6686290c.json'],
,,22 May 2025,39880,The Tales of Mario and Luigi: Highway to Heaven,,,,,None,,,,,Standard: Easy,,/?p=section&a=details&id=39880,,,['efc315bd774a280b024d7a5bae1c36e2eed9f619.bps'],['efc315bd774a280b024d7a5bae1c36e2eed9f619.json'],
,,23 May 2025,39882,Super Corn World III,,,,,PopCorn181,,,,,Kaizo: Expert,,/?p=section&a=details&id=39882,,,['78bdd9643939b31af2aa9df3299b2eca74a0f716.bps'],['78bdd9643939b31af2aa9df3299b2eca74a0f716.json'],
,,25 May 2025,39885,BUTT GRAVY's Presentaton,,,,,None,,,,,Kaizo: Expert,,/?p=section&a=details&id=39885,,,['efd57de1edf22dc17ad6ca89223b3b19644c841f.bps'],['efd57de1edf22dc17ad6ca89223b3b19644c841f.json'],
,,26 May 2025,39890,Super 380,,,,,ToadOMG,,,,,Standard: Hard,,/?p=section&a=details&id=39890,,,['83a96dc2136efaa1cc55adbf527b7f43f66fe990.bps'],['83a96dc2136efaa1cc55adbf527b7f43f66fe990.json'],
,,28 May 2025,39902,Super Bros Mario Bird World,,,,,16GAMES,,,,,Misc.: Puzzle,,/?p=section&a=details&id=39902,,,['8b8fce0b924878509d3cf28ced26974d880c2870.bps'],['8b8fce0b924878509d3cf28ced26974d880c2870.json'],
,,30 May 2025,39915,The adventures end,,,,,Yutuz,,,,,Standard: Very Hard,,/?p=section&a=details&id=39915,,,['d0d227caf1671d4a72ae9f7e212dd733dda9c5a2.bps'],['d0d227caf1671d4a72ae9f7e212dd733dda9c5a2.json'],
,,01 Jun 2025,39930,Super LAME World,,,,,Big Brawler,,,,,"Standard: Easy, Kaizo: Beginner",,/?p=section&a=details&id=39930,,,['7e98c42c5db4888feb31bf1f8d864fab891fa1b5.bps'],['7e98c42c5db4888feb31bf1f8d864fab891fa1b5.json'],
,,04 Jun 2025,39937,Super Mario Craziness,,,,,GabrielTurista4,,,,,Standard: Normal,,/?p=section&a=details&id=39937,,,['ffc48deafc2a47658c4e8d4bd980376b4bac58ef.bps'],['ffc48deafc2a47658c4e8d4bd980376b4bac58ef.json'],
,,04 Jun 2025,39942,Super Mario World Style Nes (USA),,,,,Rva921,,,,,Standard: Easy,,/?p=section&a=details&id=39942,,,['b7419891f6f6fafc422da7e04383d5f1c3657d26.bps'],['b7419891f6f6fafc422da7e04383d5f1c3657d26.json'],
,,06 Jun 2025,39949,Super Mario World: Legend of the Four Keys,,,,,Gamma V,,,,,Standard: Normal,,/?p=section&a=details&id=39949,,,['b7cd724c89ba01d911cea0a7ecb775d073dfc1eb.bps'],['b7cd724c89ba01d911cea0a7ecb775d073dfc1eb.json'],
,,09 Jun 2025,39963,Learn To Shell Jump,,,,,Pottsie,,,,,Kaizo: Beginner,,/?p=section&a=details&id=39963,,,['f9f02a823f41bb1d262dcb822ea5aa1f06aca6f7.bps'],['f9f02a823f41bb1d262dcb822ea5aa1f06aca6f7.json'],
,,10 Jun 2025,39969,Learn To Shell Jump,,,,,Pottsie,,,,,Kaizo: Beginner,,/?p=section&a=details&id=39969,,,['cdab23b17aae7a40c67e4aed1245bb6bc12ff40e.bps'],['cdab23b17aae7a40c67e4aed1245bb6bc12ff40e.json'],
,,14 Jun 2025,39978,The Thousand Year Castle: A Sholmes Adventure,,,,,sholmes,,,,,Kaizo: Intermediate,,/?p=section&a=details&id=39978,,,['e99c7daf11a6922c00ae5ed8fb16784caec5de27.bps'],['e99c7daf11a6922c00ae5ed8fb16784caec5de27.json'],
,,14 Jun 2025,39979,The Thousand Year Castle: A Sholmes Adventure,,,,,sholmes,,,,,Kaizo: Intermediate,,/?p=section&a=details&id=39979,,,['e99c7daf11a6922c00ae5ed8fb16784caec5de27.bps'],['e99c7daf11a6922c00ae5ed8fb16784caec5de27.json'],
,,15 Jun 2025,39984,Mario Goes To The Store,,,,,eltiolavara9,,,,,Standard: Hard,,/?p=section&a=details&id=39984,,,"['3c79202ad4f964cc72c50e46cd8e35a9d8c023ea.bps', 'ec2bc34b726ec88f440f8275647fbd386e362b17.bps']","['3c79202ad4f964cc72c50e46cd8e35a9d8c023ea.json', 'ec2bc34b726ec88f440f8275647fbd386e362b17.json']",
,,17 Jun 2025,39989,The Thousand Year Castle: A Sholmes Adventure,,,,,sholmes,,,,,Kaizo: Expert,,/?p=section&a=details&id=39989,,,['af251b124b6bebbf550a50ac7d82185ecd83dd75.bps'],['af251b124b6bebbf550a50ac7d82185ecd83dd75.json'],
,,17 Jun 2025,39991,Super BeeBoo World,,,,,BeeBoo190,,,,,Standard: Normal,,/?p=section&a=details&id=39991,,,['df1863c28e645b33d5a298ff92204edbbb47410a.bps'],['df1863c28e645b33d5a298ff92204edbbb47410a.json'],
,,20 Jun 2025,39999,Koopa Hopper's Delight,,,,,gabesoranges,,,,,Kaizo: Intermediate,,/?p=section&a=details&id=39999,,,['df564480c0c72ab6bca9db0f451e4e3147ae5eb3.bps'],['df564480c0c72ab6bca9db0f451e4e3147ae5eb3.json'],
,,20 Jun 2025,40000,Buzzed,,,,,bald_ridge,,,,,Kaizo: Intermediate,,/?p=section&a=details&id=40000,,,['30d7c2559c56f627ae2691b39f16168a47c76139.bps'],['30d7c2559c56f627ae2691b39f16168a47c76139.json'],
,,26 Jun 2025,40019,Super Wood World,,,,,Craftyimposter,,,,,Standard: Easy,,/?p=section&a=details&id=40019,,,['38b191e200f39d7c3a61598151c9b38ef831c825.bps'],['38b191e200f39d7c3a61598151c9b38ef831c825.json'],
,,26 Jun 2025,40020,Super Mario World-3,,,,,Easy Difficulty,,,,,Standard: Very Hard,,/?p=section&a=details&id=40020,,,['a74b8a6d1240278a8ce8eae931b4925cb4399c8f.bps'],['a74b8a6d1240278a8ce8eae931b4925cb4399c8f.json'],
,,26 Jun 2025,40021,Very Hard Mario,,,,,lolyoshi,,,,,Kaizo: Expert,,/?p=section&a=details&id=40021,,,['36873e380a946f231bc67c08d86899c2d56083aa.bps'],['36873e380a946f231bc67c08d86899c2d56083aa.json'],
,,26 Jun 2025,40022,Very Hard Mario,,,,,lolyoshi,,,,,Kaizo: Expert,,/?p=section&a=details&id=40022,,,['06fa0be170cf79ab3964e740978991e3e3d1387f.bps'],['06fa0be170cf79ab3964e740978991e3e3d1387f.json'],
,,27 Jun 2025,40025,Moltov Mario World REMASTERED,,,,,GuilhermeYT,,,,,Tool-Assisted: Kaizo,,/?p=section&a=details&id=40025,,,['ce3c22806d12c78d6ac7314bb6578d6bd534fb8a.bps'],['ce3c22806d12c78d6ac7314bb6578d6bd534fb8a.json'],
,,29 Jun 2025,40042,Super Mirror Dimension,,,,,AIM-pine,,,,,Kaizo,,/?p=section&a=details&id=40042,,,['7ae7469b7f54ae82063df56d7b681c7cb758ecd4.bps'],['7ae7469b7f54ae82063df56d7b681c7cb758ecd4.json'],
,,30 Jun 2025,40048,June 1th Demo,,,,,Shvan Vabbit,,,,,Standard,,/?p=section&a=details&id=40048,,,['b2b9ae960a32b88d3a2671abd7f9b6fb7e6b0318.bps'],['b2b9ae960a32b88d3a2671abd7f9b6fb7e6b0318.json'],
,,03 Jul 2025,40055,Super Maizen Sisters 2: Escape The Dream!,,,,,None,,,,,Standard,,/?p=section&a=details&id=40055,,,['d7a8500bd5e0de25611770833f34fa7c000795a2.bps'],['d7a8500bd5e0de25611770833f34fa7c000795a2.json'],
,,05 Jul 2025,40064,Super Bluestreak Bros,,,,,jasonfaro2015,,,,,Standard,,/?p=section&a=details&id=40064,,,['685bb2d3d3ce6e5e2381511db1b1ea0c10ec2804.bps'],['685bb2d3d3ce6e5e2381511db1b1ea0c10ec2804.json'],
,,07 Jul 2025,40074,Super Rehash World Demo 1,,,,,Quite430Goo,,,,,Standard,,/?p=section&a=details&id=40074,,,['5e2cf8b48e27f9bb4de4801b7524833b527b663e.bps'],['5e2cf8b48e27f9bb4de4801b7524833b527b663e.json'],
,,08 Jul 2025,40079,Super Brame World,,,,,PixelFhacks,,,,,Kaizo,,/?p=section&a=details&id=40079,,,['8251de0fe1f9e47fc8bc51b305acc7983347a706.bps'],['8251de0fe1f9e47fc8bc51b305acc7983347a706.json'],
,,09 Jul 2025,40082,Super Luigi World DELUXE,,,,,SMW Miguelix,,,,,Standard,,/?p=section&a=details&id=40082,,,['d7ab69a59c25b917c5ddd574aaa9d94721422dee.bps'],['d7ab69a59c25b917c5ddd574aaa9d94721422dee.json'],
,,10 Jul 2025,40087,Super Luigi World DELUXE,,,,,SMW Miguelix,,,,,Standard,,/?p=section&a=details&id=40087,,,['486c633d1cb177312c5d67dd33904df3d52b9ddc.bps'],['486c633d1cb177312c5d67dd33904df3d52b9ddc.json'],
,,12 Jul 2025,40097,Marios Pizza Party 3,,,,,Saphros,,,,,Kaizo,,/?p=section&a=details&id=40097,,,['503526f1fa231be5915ce192cd3ac4f6d46c3bff.bps'],['503526f1fa231be5915ce192cd3ac4f6d46c3bff.json'],
,,13 Jul 2025,40101,You Are Just A Blue Switch,,,,,Daizo Dee Von,,,,,Standard,,/?p=section&a=details&id=40101,,,['4840591a9105bf05a507a380a86d366471ae0bca.bps'],['4840591a9105bf05a507a380a86d366471ae0bca.json'],
,,13 Jul 2025,40104,Mario Normal Hack,,,,,GabrielTurista4,,,,,Standard,,/?p=section&a=details&id=40104,,,['48fed97e6791ddd8fde2c500a90a52d18bd06194.bps'],['48fed97e6791ddd8fde2c500a90a52d18bd06194.json'],
,,13 Jul 2025,40108,Reverie,,,,,None,,,,,"Standard, Puzzle",,/?p=section&a=details&id=40108,,,"['00870b5c29b22f47bacaba4a4b6b549ccd167e2c.bps', 'd10db3d7df2509e82657b17ac52c633fb07902cf.bps']","['00870b5c29b22f47bacaba4a4b6b549ccd167e2c.json', 'd10db3d7df2509e82657b17ac52c633fb07902cf.json']",
,,15 Jul 2025,40114,Super Luigi World DELUXE,,,,,SMW Miguelix,,,,,Standard,,/?p=section&a=details&id=40114,,,['659d67039fd38725369af38a738b180ac4e2c0a5.bps'],['659d67039fd38725369af38a738b180ac4e2c0a5.json'],
,,15 Jul 2025,40115,Super Luigi World DELUXE,,,,,SMW Miguelix,,,,,Standard,,/?p=section&a=details&id=40115,,,['fd45a016fafdd3d435d98495e8d4d591d45c3b73.bps'],['fd45a016fafdd3d435d98495e8d4d591d45c3b73.json'],
,,15 Jul 2025,40116,Super Luigi World DELUXE,,,,,SMW Miguelix,,,,,Standard,,/?p=section&a=details&id=40116,,,['fd45a016fafdd3d435d98495e8d4d591d45c3b73.bps'],['fd45a016fafdd3d435d98495e8d4d591d45c3b73.json'],
,,16 Jul 2025,40117,Super Luigi World DELUXE,,,,,SMW Miguelix,,,,,Standard,,/?p=section&a=details&id=40117,,,['fd45a016fafdd3d435d98495e8d4d591d45c3b73.bps'],['fd45a016fafdd3d435d98495e8d4d591d45c3b73.json'],
,,20 Jul 2025,40133,The Four Boos of the Apocalypse,,,,,Redspyda9,,,,,Kaizo,,/?p=section&a=details&id=40133,,,['f443b5fd5e30f452b9ca950c2b2060369be8f3af.bps'],['f443b5fd5e30f452b9ca950c2b2060369be8f3af.json'],
,,20 Jul 2025,40134,The Four Boos of the Apocalypse,,,,,Redspyda9,,,,,Kaizo,,/?p=section&a=details&id=40134,,,['d20525fc581c8d25fe80f5824faaf7d6eb681cbb.bps'],['d20525fc581c8d25fe80f5824faaf7d6eb681cbb.json'],
,,20 Jul 2025,40135,Castlemania II,,,,,xMANGRAVYx,,,,,Standard,,/?p=section&a=details&id=40135,,,['2bb97d61940e34a1c46f98cc88cee93e50ebbdce.bps'],['2bb97d61940e34a1c46f98cc88cee93e50ebbdce.json'],
,,21 Jul 2025,40147,The 4 Heroes Of The Great Land,,,,,Gamet2004,,,,,Standard,,/?p=section&a=details&id=40147,,,['e115b43b39b32b2aafe1d46ced6242ba91057f7a.bps'],['e115b43b39b32b2aafe1d46ced6242ba91057f7a.json'],
,,22 Jul 2025,40153,Critter Quest,,,,,JakesBRjust,,,,,Kaizo,,/?p=section&a=details&id=40153,,,['b9130afc3a68f9c8e1f6923806959c549beb12fa.bps'],['b9130afc3a68f9c8e1f6923806959c549beb12fa.json'],
,,22 Jul 2025,40154,The 4 Heroes Of The Great Land,,,,,Gamet2004,,,,,Standard,,/?p=section&a=details&id=40154,,,['dfb6fe16fc1194cfeec3b3d5cf8809270df3ae52.bps'],['dfb6fe16fc1194cfeec3b3d5cf8809270df3ae52.json'],
,,24 Jul 2025,40167,The Four Boos of the Apocalypse,,,,,Redspyda9,,,,,Kaizo,,/?p=section&a=details&id=40167,,,['53fa4bec5ea7048305ae795463a27016b4b539c2.bps'],['53fa4bec5ea7048305ae795463a27016b4b539c2.json'],
,,31 Jul 2025,40206,KOREHA,,,,,steelsburg,,,,,Puzzle,,/?p=section&a=details&id=40206,,,['922992b8bf99806f16fe4ee6a8cc64ebdfa59e48.bps'],['922992b8bf99806f16fe4ee6a8cc64ebdfa59e48.json'],
,,31 Jul 2025,40210,Shellshock,,,,,Riu_69,,,,,Kaizo,,/?p=section&a=details&id=40210,,,['74a6147e104963c16c48665888390d540df93eaf.bps'],['74a6147e104963c16c48665888390d540df93eaf.json'],
,,02 Aug 2025,40220,taktic world,,,,,taktic2smwc,,,,,Kaizo,,/?p=section&a=details&id=40220,,,['89494955c945c7165c2deead145b4e2c606fd666.bps'],['89494955c945c7165c2deead145b4e2c606fd666.json'],
,,07 Aug 2025,40246,The Four Boos of the Apocalypse,,,,,Redspyda9,,,,,Kaizo,,/?p=section&a=details&id=40246,,,['c94fcbd6525f30d234912052e0c8830eb8c94888.bps'],['c94fcbd6525f30d234912052e0c8830eb8c94888.json'],
,,09 Aug 2025,40254,Broken Shell,,,,,Pottsie,,,,,Kaizo,,/?p=section&a=details&id=40254,,,['8a2e52a7c1db6300413e7e616e5d3a4b3fbb5dbb.bps'],['8a2e52a7c1db6300413e7e616e5d3a4b3fbb5dbb.json'],
,,12 Aug 2025,40269,Starting with Kaizo,,,,,Saphros,,,,,Kaizo,,/?p=section&a=details&id=40269,,,['6c91311eceff7cd3a3a82af38ab6b3fed0bf4d5f.bps'],['6c91311eceff7cd3a3a82af38ab6b3fed0bf4d5f.json'],
,,14 Aug 2025,40278,"Super Peach World (1990, Classic Edition)",,,,,Rodolfo Gallegos,,,,,Standard,,/?p=section&a=details&id=40278,,,['fd585562de4697ae908d7d4402a9c8fec2dc03a4.bps'],['fd585562de4697ae908d7d4402a9c8fec2dc03a4.json'],
,,15 Aug 2025,40280,Peach's Challenging Quiz And Easy Kaizoes!,,,,,Rodolfo Gallegos,,,,,Kaizo,,/?p=section&a=details&id=40280,,,['1c4c85fd35f600388ee6ced44642ac33919cd930.bps'],['1c4c85fd35f600388ee6ced44642ac33919cd930.json'],
,,16 Aug 2025,40288,Jumpscare,,,,,Gasterus155,,,,,Kaizo,,/?p=section&a=details&id=40288,,,['dd5565423a0fe877526b2a7b0b4aed0ba43fd82f.bps'],['dd5565423a0fe877526b2a7b0b4aed0ba43fd82f.json'],
,,17 Aug 2025,40289,normal mario world,,,,,kimkyujin,,,,,Kaizo,,/?p=section&a=details&id=40289,,,['4c1d42299ffff01d8e79994a9acca91b81149150.bps'],['4c1d42299ffff01d8e79994a9acca91b81149150.json'],
,,17 Aug 2025,40291,"Super Peach World (1990, Classic Edition, Don't Delete)",,,,,Rodolfo Gallegos,,,,,Standard,,/?p=section&a=details&id=40291,,,['d56054a5362db0a14f9af50aa531a611bf8b81a7.bps'],['d56054a5362db0a14f9af50aa531a611bf8b81a7.json'],
,,20 Aug 2025,40301,Mario's Misadventures 2: The Black Hole Bomb,,,,,signature_steve,,,,,Standard,,/?p=section&a=details&id=40301,,,['c75d29142b81f91854728fb01d636f21afaf80ec.bps'],['c75d29142b81f91854728fb01d636f21afaf80ec.json'],
,,20 Aug 2025,40302,Super Mario World Mix Beta 2.0,,,,,Steven Atauchi C.,,,,,Standard,,/?p=section&a=details&id=40302,,,['e81d772621049cddd61d6cbf5847b97fb19dbf59.bps'],['e81d772621049cddd61d6cbf5847b97fb19dbf59.json'],
,,20 Aug 2025,40303,Easy Mario,,,,,Joseph yut,,,,,Tool-Assisted,,/?p=section&a=details&id=40303,,,['a88f36ca5a16de3e0e23f93ed153534ad474c43e.bps'],['a88f36ca5a16de3e0e23f93ed153534ad474c43e.json'],
,,22 Aug 2025,40317,Chain Reaction 2,,,,,Sweetdude,,,,,Kaizo,,/?p=section&a=details&id=40317,,,['7acfc9552f2a1675122834f448003bd43c85417e.bps'],['7acfc9552f2a1675122834f448003bd43c85417e.json'],
,,22 Aug 2025,40318,Super Foreag World,,,,,MarioFan1337,,,,,Kaizo,,/?p=section&a=details&id=40318,,,['0a30227f0129840a302bf86dd23fb62b67bdf67d.bps'],['0a30227f0129840a302bf86dd23fb62b67bdf67d.json'],
,,22 Aug 2025,40338,good old days: recycle bin,,,,,OEO6,,,,,Standard,,/?p=section&a=details&id=40338,,,['f33532f410e2582f0ca1979db854239f4eefd5c9.bps'],['f33532f410e2582f0ca1979db854239f4eefd5c9.json'],
,,25 Aug 2025,40457,Staycation,,,,,Housemeister,,,,,Kaizo,,/?p=section&a=details&id=40457,,,['3db9510c31b195c4ac0814b9df14f0efc09f394e.bps'],['3db9510c31b195c4ac0814b9df14f0efc09f394e.json'],
,,26 Aug 2025,40473,good old days: recycle bin,,,,,OEO6,,,,,Standard,,/?p=section&a=details&id=40473,,,['55d6298d4352dcb761f443e1da9ec13d4e570059.bps'],['55d6298d4352dcb761f443e1da9ec13d4e570059.json'],
,,26 Aug 2025,40476,Impossible Super Mario World,,,,,kimkyujin,,,,,Kaizo,,/?p=section&a=details&id=40476,,,['b3a0a865e5a3f9825e11941251de1038dae17129.bps'],['b3a0a865e5a3f9825e11941251de1038dae17129.json'],
,,29 Aug 2025,40522,Super Mario World Mix Beta 2.0,,,,,Steven Atauchi C.,,,,,Standard,,/?p=section&a=details&id=40522,,,['272069da38f10ca3c7b8df1ae2ffd4737179cccb.bps'],['272069da38f10ca3c7b8df1ae2ffd4737179cccb.json'],
,,31 Aug 2025,40547,Cygnus,,,,,oyok,,,,,Kaizo,,/?p=section&a=details&id=40547,,,['239253da2fb857ad4925bfb82e81a4c2414f4a82.bps'],['239253da2fb857ad4925bfb82e81a4c2414f4a82.json'],
,1757876544,,40631,Really Neat Gimmicks [SMWC-Waiting 2025-09-14],No,No,No,Jeffw,Jeffw,Jeffw,"Standard, Kaizo: Grandmaster (diff_7) (standard, kaizo)",14 exit(s),"Standard, Kaizo",Grandmaster,,/?p=section&a=details&id=40631,smwhacks,"['bosses', 'custom music', 'gimmick', 'puzzle', 'variety', 'smwc-waiting']",['a8aa25376d42f9bbb447c8d3e6dd4d6bf24828c6.bps'],['a8aa25376d42f9bbb447c8d3e6dd4d6bf24828c6.json'],
,,28 Sep 2025,40680,Super N3TS World v2,,,,,"luisparra666, nets",,,,,Kaizo,,/?p=section&a=details&id=40680,,,['3ea047450eef96e7d628f1dea7d9dd8d887055be.bps'],['3ea047450eef96e7d628f1dea7d9dd8d887055be.json'],
,,28 Sep 2025,40681,"Super Peach World (1990, Classic Edition, v1.2 Refixed)",,,,,Rodolfo Gallegos,,,,,Standard,,/?p=section&a=details&id=40681,,,['e79d53552c9a5978637b9bf2b1f76c97277e13c4.bps'],['e79d53552c9a5978637b9bf2b1f76c97277e13c4.json'],
,,28 Sep 2025,40685,Beneath the Bottom of the Screen,,,,,Lyfuh,,,,,Kaizo,,/?p=section&a=details&id=40685,,,"['5b3c269542faa8e622cb71e17efcd94b3ca25d54.bps', '814af66c8f4eac37736c0ab2690f2b2bccf62ef4.bps']","['5b3c269542faa8e622cb71e17efcd94b3ca25d54.json', '814af66c8f4eac37736c0ab2690f2b2bccf62ef4.json']",
,,28 Sep 2025,40690,Super N3TS World v2 FIX,,,,,nets,,,,,Kaizo,,/?p=section&a=details&id=40690,,,['095b4cac3add7cb94f5c7ae3ffabd999b24b9d30.bps'],['095b4cac3add7cb94f5c7ae3ffabd999b24b9d30.json'],
,,28 Sep 2025,40707,Masterpiece,,,,,YMM,,,,,Kaizo,,/?p=section&a=details&id=40707,,,['3f5405a75d2bf77b5ae76aaaf16edb3508772ff6.bps'],['3f5405a75d2bf77b5ae76aaaf16edb3508772ff6.json'],
,,29 Sep 2025,40711,Fresh Hops 2,,,,,MorrieTheMagpie,,,,,Kaizo,,/?p=section&a=details&id=40711,,,['bb30f4a74df6037c010c349d5be4333c08598b37.bps'],['bb30f4a74df6037c010c349d5be4333c08598b37.json'],
,,29 Sep 2025,40714,Masterpiece,,,,,YMM,,,,,Kaizo,,/?p=section&a=details&id=40714,,,['c0b2cc82ecf5d545d1a7ba6610281de066e197fc.bps'],['c0b2cc82ecf5d545d1a7ba6610281de066e197fc.json'],
,,29 Sep 2025,40717,Super N3TS World v2,,,,,nets,,,,,Kaizo,,/?p=section&a=details&id=40717,,,['ec8fa5ae3109c6358ce31a36c9fc27b8cebf2b5c.bps'],['ec8fa5ae3109c6358ce31a36c9fc27b8cebf2b5c.json'],
,,01 Oct 2025,40724,Super Mario World 12 Beta 1,,,,,F12,,,,,Standard,,/?p=section&a=details&id=40724,,,['bf0b879c16471810db1bcdd879091a67273aa1df.bps'],['bf0b879c16471810db1bcdd879091a67273aa1df.json'],
,,01 Oct 2025,40725,Super N3TS World v2 FIX!,,,,,nets,,,,,Kaizo,,/?p=section&a=details&id=40725,,,['5944dcd87a37cdd6ba50476a4ad2717fc93fbdea.bps'],['5944dcd87a37cdd6ba50476a4ad2717fc93fbdea.json'],
,,02 Oct 2025,40726,Super Oreetv World,,,,,MarioFan1337,,,,,Kaizo,,/?p=section&a=details&id=40726,,,['2672d41837d2fe2f822de80feba62c1c235a536b.bps'],['2672d41837d2fe2f822de80feba62c1c235a536b.json'],
,,08 Oct 2025,40747,Fresh Hops 2,,,,,MorrieTheMagpie,,,,,Kaizo,,/?p=section&a=details&id=40747,,,['b559531a104a11091874054778d40a45d5d878c5.bps'],['b559531a104a11091874054778d40a45d5d878c5.json'],
,,09 Oct 2025,40751,Hi!,,,,,3dsalmon,,,,,Kaizo,,/?p=section&a=details&id=40751,,,['93443a0aa1f4a12b10d2f2b1e2c8d70b484e1633.bps'],['93443a0aa1f4a12b10d2f2b1e2c8d70b484e1633.json'],
,,10 Oct 2025,40753,6 HOURS,,,,,aur,,,,,Kaizo,,/?p=section&a=details&id=40753,,,['553651ccc4ef47349c2e09a011faeee7c49dc65f.bps'],['553651ccc4ef47349c2e09a011faeee7c49dc65f.json'],
,,12 Oct 2025,40774,The Cave of Loathing 2,,,,,NixKillsMyths,,,,,Kaizo,,/?p=section&a=details&id=40774,,,"['fe21915070b5a66ccc0a19e69dbc234a6251d303.bps', '478f5878393bdeead145b619c4f9879cc323cf43.bps']","['fe21915070b5a66ccc0a19e69dbc234a6251d303.json', '478f5878393bdeead145b619c4f9879cc323cf43.json']",
,,14 Oct 2025,40786,Broken Shell,,,,,Pottsie,,,,,Kaizo,,/?p=section&a=details&id=40786,,,['eca5f031402526f5d7e7fcd9fde6bb8fbcd3af2a.bps'],['eca5f031402526f5d7e7fcd9fde6bb8fbcd3af2a.json'],
,,14 Oct 2025,40790,2 Hour Hack,,,,,Magmatic,,,,,Standard,,/?p=section&a=details&id=40790,,,['978bd19d446b914c8429922c82ee1c4fb189fec2.bps'],['978bd19d446b914c8429922c82ee1c4fb189fec2.json'],
,,14 Oct 2025,40794,Easy Three Screen Puzzle,,,,,Magikey,,,,,"Puzzle, Tool-Assisted, Pit",,/?p=section&a=details&id=40794,,,['292ffa71fc55ebecfb03a9aca6f371953bd3ba1e.bps'],['292ffa71fc55ebecfb03a9aca6f371953bd3ba1e.json'],
,,16 Oct 2025,40813,Adventure in Gemstone Islands,,,,,Burst Man,,,,,Standard,,/?p=section&a=details&id=40813,,,['106ffede7c6fe3c7efc3f954dabf1df5744422a0.bps'],['106ffede7c6fe3c7efc3f954dabf1df5744422a0.json'],
,,17 Oct 2025,40816,Super N3TS Kaizo World 2,,,,,nets,,,,,Standard,,/?p=section&a=details&id=40816,,,['e9a9f62db352e0a015f4250dfdcd23d998aa3ffc.bps'],['e9a9f62db352e0a015f4250dfdcd23d998aa3ffc.json'],
,,17 Oct 2025,40818,Super N3TS Kaizo World 2 FIX,,,,,nets,,,,,Kaizo,,/?p=section&a=details&id=40818,,,['e840836d409a62ccd8a3c724e352898f8d32058b.bps'],['e840836d409a62ccd8a3c724e352898f8d32058b.json'],
,,17 Oct 2025,40819,Super Windows 95 World,,,,,jogos antigos,,,,,Standard,,/?p=section&a=details&id=40819,,,['ee80bb0310b48c17cc2cef1f067d5f08438d4e96.bps'],['ee80bb0310b48c17cc2cef1f067d5f08438d4e96.json'],
,,17 Oct 2025,40820,Super N3TS Kaizo World 2 FIX,,,,,nets,,,,,Kaizo,,/?p=section&a=details&id=40820,,,['0491dfe5eace1183db00fab2ceffe062ed725e64.bps'],['0491dfe5eace1183db00fab2ceffe062ed725e64.json'],
,,18 Oct 2025,40823,Broken Shell,,,,,Pottsie,,,,,Kaizo,,/?p=section&a=details&id=40823,,,['d83edf4005acc683dfe09717ccaab16e05892c11.bps'],['d83edf4005acc683dfe09717ccaab16e05892c11.json'],
,,19 Oct 2025,40838,The Devious Four Chronicles 4: Hunter's Revenge ReVised,,,,,"Skewer, amhunter",,,,,Standard,,/?p=section&a=details&id=40838,,,['c8a3dc0772257189ac19dc34559f83fb208948e7.bps'],['c8a3dc0772257189ac19dc34559f83fb208948e7.json'],
,,20 Oct 2025,40844,Super Refund World,,,,,Arobam,,,,,Kaizo,,/?p=section&a=details&id=40844,,,['ed68558b4f154a48123d19ee6cc577e143aa1667.bps'],['ed68558b4f154a48123d19ee6cc577e143aa1667.json'],
,,24 Oct 2025,40870,Everyone's Gone,,,,,GamesInTweed,,,,,Puzzle,,/?p=section&a=details&id=40870,,,['5f3f1e0601354d2fcc0cb41eab7373835604ef93.bps'],['5f3f1e0601354d2fcc0cb41eab7373835604ef93.json'],
,,24 Oct 2025,40871,Dusty Shells,,,,,BielDusty,,,,,Kaizo,,/?p=section&a=details&id=40871,,,['244ef010acbf36b3a3497caa8e49ee5823844087.bps'],['244ef010acbf36b3a3497caa8e49ee5823844087.json'],
,,27 Oct 2025,40888,Blackout Shells,,,,,flavioinsanity,,,,,Kaizo,,/?p=section&a=details&id=40888,,,['95964c8b8bd07349f7da2c13646e56d9f327d99f.bps'],['95964c8b8bd07349f7da2c13646e56d9f327d99f.json'],
,,27 Oct 2025,40889,Blackout Shells,,,,,flavioinsanity,,,,,Kaizo,,/?p=section&a=details&id=40889,,,['fa0b2d19582bc023f91a06f5fb7397be7042903c.bps'],['fa0b2d19582bc023f91a06f5fb7397be7042903c.json'],
,,27 Oct 2025,40890,Super Mario World Master Quest 4: Redrawn,,,,,Alex No,,,,,Standard,,/?p=section&a=details&id=40890,,,['1afad97a7f06afa21782e1383d1b1f2f86cc0b59.bps'],['1afad97a7f06afa21782e1383d1b1f2f86cc0b59.json'],
,,28 Oct 2025,40893,HEHEYYEYAAEYAAAEYAEYAA,,,,,16GAMES,,,,,Puzzle,,/?p=section&a=details&id=40893,,,['880f70dbeff5ec5d66c4a801c78b767d45603e00.bps'],['880f70dbeff5ec5d66c4a801c78b767d45603e00.json'],
,,29 Oct 2025,40899,Mastery Shells 2,,,,,Jaozin712,,,,,Kaizo,,/?p=section&a=details&id=40899,,,['2d83dbd4a8193ab5e7bb75d83ac00acfe8ca7761.bps'],['2d83dbd4a8193ab5e7bb75d83ac00acfe8ca7761.json'],
,,29 Oct 2025,40903,Super Mario World: The Halloween Quest 25' Edition,,,,,Hawkathone,,,,,Standard,,/?p=section&a=details&id=40903,,,['2f0af01fb03d6f1852ccf8bc5a0fc5c31a88029a.bps'],['2f0af01fb03d6f1852ccf8bc5a0fc5c31a88029a.json'],
,,01 Nov 2025,40926,Super Mario DX,,,,,Reynner Contreras,,,,,Standard,,/?p=section&a=details&id=40926,,,['c2e0444911c12867cfabd9226783a4c3b8dfcecb.bps'],['c2e0444911c12867cfabd9226783a4c3b8dfcecb.json'],
,,02 Nov 2025,40933,Dusty Shells,,,,,BielDusty,,,,,Kaizo,,/?p=section&a=details&id=40933,,,['07e731ca67cf3fbc345dd40eb0c3864417295a19.bps'],['07e731ca67cf3fbc345dd40eb0c3864417295a19.json'],
,,02 Nov 2025,40934,Dusty Shells,,,,,BielDusty,,,,,Kaizo,,/?p=section&a=details&id=40934,,,['a246620dac3e1c837056618ab1775eb73c9af98a.bps'],['a246620dac3e1c837056618ab1775eb73c9af98a.json'],
,,02 Nov 2025,40935,World,,,,,DarkX,,,,,Standard,,/?p=section&a=details&id=40935,,,['1e99e16c683108b6c9e6369ee059a276eb54f084.bps'],['1e99e16c683108b6c9e6369ee059a276eb54f084.json'],
,,02 Nov 2025,40936,GADZOOKS,,,,,1mslakingoff,,,,,Kaizo,,/?p=section&a=details&id=40936,,,['71b6031280506e23a4f19bf9b83f8a9ecd5be24f.bps'],['71b6031280506e23a4f19bf9b83f8a9ecd5be24f.json'],
,,03 Nov 2025,40944,Dusty Shells,,,,,BielDusty,,,,,Kaizo,,/?p=section&a=details&id=40944,,,['2406fe611ae5b6f6918fcf48361be377291f91a2.bps'],['2406fe611ae5b6f6918fcf48361be377291f91a2.json'],
,,03 Nov 2025,40947,100 Rooms Of Torment,,,,,Gasterus155,,,,,Kaizo,,/?p=section&a=details&id=40947,,,['8d30a4870f568dd2ecc474741e1da90cdb23267f.bps'],['8d30a4870f568dd2ecc474741e1da90cdb23267f.json'],
,,03 Nov 2025,40950,6 HOURS,,,,,aur,,,,,Kaizo,,/?p=section&a=details&id=40950,,,['164d20b45409965056f7fcfa1762cc23ba92e03c.bps'],['164d20b45409965056f7fcfa1762cc23ba92e03c.json'],
,,03 Nov 2025,40951,Dusty Shells,,,,,BielDusty,,,,,Kaizo,,/?p=section&a=details&id=40951,,,['fd7ef4011274d88bd6978e8891ef2388da512023.bps'],['fd7ef4011274d88bd6978e8891ef2388da512023.json'],
,,04 Nov 2025,40955,Waluigi's Road To Glory 2 - Azathomura,,,,,Roberto zampari,,,,,Standard,,/?p=section&a=details&id=40955,,,['f85e18f5e79b264a41b980dce7f985e8580aa2e7.bps'],['f85e18f5e79b264a41b980dce7f985e8580aa2e7.json'],
,,05 Nov 2025,40959,zef's ''Fennekin Kaizo World'' Nostaligia Redump,,,,,zefennekinfan1,,,,,Kaizo,,/?p=section&a=details&id=40959,,,['56e8e0748dc071e6ee1aca8a2f0e499cb0688196.bps'],['56e8e0748dc071e6ee1aca8a2f0e499cb0688196.json'],
,,05 Nov 2025,40961,Super Mario DX,,,,,Reynner Contreras,,,,,Standard,,/?p=section&a=details&id=40961,,,['74e9ddc2ceff0650f141e6f8d1744bbc089554d2.bps'],['74e9ddc2ceff0650f141e6f8d1744bbc089554d2.json'],
,,06 Nov 2025,40962,Dusty Shells,,,,,BielDusty,,,,,Kaizo,,/?p=section&a=details&id=40962,,,['77a776b05ded64cccaed19969b757452c12b9cf6.bps'],['77a776b05ded64cccaed19969b757452c12b9cf6.json'],
,,06 Nov 2025,40968,zef's ''Fennekin Kaizo World'' Nostaligia Redump,,,,,zefennekinfan1,,,,,Kaizo,,/?p=section&a=details&id=40968,,,['74e8ed07c9b613e48753d528b7cac364c748c414.bps'],['74e8ed07c9b613e48753d528b7cac364c748c414.json'],
,,09 Nov 2025,41003,zef's ''Fennekin Kaizo World'' Nostaligia Redump,,,,,zefennekinfan1,,,,,Tool-Assisted,,/?p=section&a=details&id=41003,,,['1ae913cfc7b93b737ae5d91b381a5cd04e539396.bps'],['1ae913cfc7b93b737ae5d91b381a5cd04e539396.json'],
,,10 Nov 2025,41010,Sorry not Sorry,,,,,LukeSauce,,,,,Puzzle,,/?p=section&a=details&id=41010,,,['d5add1bb4d796e28959a3ad9b392bc49d4c6ca44.bps'],['d5add1bb4d796e28959a3ad9b392bc49d4c6ca44.json'],
,,13 Nov 2025,41027,Super Color World,,,,,videomaker580,,,,,Kaizo,,/?p=section&a=details&id=41027,,,['194454bab0760f7c454a27dab8bfe8e705cbedb1.bps'],['194454bab0760f7c454a27dab8bfe8e705cbedb1.json'],
,,15 Nov 2025,41039,Replica,,,,,Saela,,,,,Kaizo,,/?p=section&a=details&id=41039,,,['4377ac703ceb28e3bd4d0ef3ef49820e1866623c.bps'],['4377ac703ceb28e3bd4d0ef3ef49820e1866623c.json'],
,,20 Nov 2025,41077,Blackout Shells,,,,,flavioinsanity,,,,,Kaizo,,/?p=section&a=details&id=41077,,,['9c3ded59d4a8164a165328c2849ff0a0284d4e82.bps'],['9c3ded59d4a8164a165328c2849ff0a0284d4e82.json'],
,,21 Nov 2025,41078,SpaceCastles Deluxe,,,,,Breno Henrique,,,,,Kaizo,,/?p=section&a=details&id=41078,,,['e4b67eace64d5f45b25c9f2f84302883bcca0029.bps'],['e4b67eace64d5f45b25c9f2f84302883bcca0029.json'],
,,21 Nov 2025,41079,SpaceCastles Deluxe,,,,,Breno Henrique,,,,,Kaizo,,/?p=section&a=details&id=41079,,,['afc4cedf1c4030d5050eb4233b620405a8259635.bps'],['afc4cedf1c4030d5050eb4233b620405a8259635.json'],
,,21 Nov 2025,41083,Super Mario DX (Fixed),,,,,RGA-2011,,,,,Standard,,/?p=section&a=details&id=41083,,,['565e11ae64d10563ac701dd9e98b3b8d8fee8fd4.bps'],['565e11ae64d10563ac701dd9e98b3b8d8fee8fd4.json'],
,,21 Nov 2025,41085,Replica,,,,,Saela,,,,,Kaizo,,/?p=section&a=details&id=41085,,,['8175361bffa18065206af7d9c8ca102b4de94a84.bps'],['8175361bffa18065206af7d9c8ca102b4de94a84.json'],
,,21 Nov 2025,41087,Straight Shellin',,,,,RedPandaa_,,,,,Kaizo,,/?p=section&a=details&id=41087,,,['a7c48d8420a59e0dda5096690fddd602943797aa.bps'],['a7c48d8420a59e0dda5096690fddd602943797aa.json'],
,,27 Nov 2025,41118,Super Mario World Bootleg ROM.smc,,,,,RGA-2011,,,,,Standard,,/?p=section&a=details&id=41118,,,['f742a90ff0466f1f8cc77453b2b15401ae2ca66a.bps'],['f742a90ff0466f1f8cc77453b2b15401ae2ca66a.json'],
,,28 Nov 2025,41140,Aventureiro Mario 9 - Kooper ao Resgate,,,,,"Dev154, dev15",,,,,Standard,,/?p=section&a=details&id=41140,,,['8ba4762be322278cc2b179f59730841a8d11f870.bps'],['8ba4762be322278cc2b179f59730841a8d11f870.json'],
,,28 Nov 2025,41141,Aventureiro Mario 10,,,,,"Dev154, dev15",,,,,Standard,,/?p=section&a=details&id=41141,,,['6c3cd84c8d8b8ccfee370bf3edf1781a6b95e045.bps'],['6c3cd84c8d8b8ccfee370bf3edf1781a6b95e045.json'],
,,28 Nov 2025,41159,Easyland 3,,,,,RicardoDeMelo,,,,,Kaizo,,/?p=section&a=details&id=41159,,,['1de16f26d2adaa2f631b8921d5f7232915567b93.bps'],['1de16f26d2adaa2f631b8921d5f7232915567b93.json'],
,,29 Nov 2025,41174,SpaceDeluxe,,,,,Breno Henrique,,,,,Kaizo,,/?p=section&a=details&id=41174,,,['afc4cedf1c4030d5050eb4233b620405a8259635.bps'],['afc4cedf1c4030d5050eb4233b620405a8259635.json'],
,,30 Nov 2025,41188,Super Mario DX (Fixed),,,,,RGA-2011,,,,,Standard,,/?p=section&a=details&id=41188,,,['d81c107039d61f73547bf08bba0e4a944923a8a7.bps'],['d81c107039d61f73547bf08bba0e4a944923a8a7.json'],
,,30 Nov 2025,41190,Band Practice (Demo),,,,,qbear,,,,,Kaizo,,/?p=section&a=details&id=41190,,,['50d0dc606f3fe476cc9cea3208112510d0a9db61.bps'],['50d0dc606f3fe476cc9cea3208112510d0a9db61.json'],
,,01 Dec 2025,41192,JokerShellOk,,,,,Nowieso,,,,,Kaizo,,/?p=section&a=details&id=41192,,,"['268c6a70a44b36feed0e0d5b53ba6bb581f25f8a.bps', '9a1c76317263585b176c9993ccb06e034e5140f1.bps']","['268c6a70a44b36feed0e0d5b53ba6bb581f25f8a.json', '9a1c76317263585b176c9993ccb06e034e5140f1.json']",
,,01 Dec 2025,41198,NH World 2,,,,,l337f00l,,,,,Kaizo,,/?p=section&a=details&id=41198,,,['f7d44a7fd38d900f074a6a000275d724a1179cf4.bps'],['f7d44a7fd38d900f074a6a000275d724a1179cf4.json'],
,,02 Dec 2025,41200,Super Cole World (U) [!,,,,,SuperCole304,,,,,Standard,,/?p=section&a=details&id=41200,,,['31ff0019025a8c8cd65df86a0e1da6b2dff930dd.bps'],['31ff0019025a8c8cd65df86a0e1da6b2dff930dd.json'],
,,02 Dec 2025,41202,Super Color World 1.1,,,,,videomaker580,,,,,Kaizo,,/?p=section&a=details&id=41202,,,['5162367e72933f5ffb0251e35a052dc3dd0d337b.bps'],['5162367e72933f5ffb0251e35a052dc3dd0d337b.json'],
,,03 Dec 2025,41221,Super N3TS Kaizo World 3 ( Revenge Of The Lost Shells ) V.1.1,,,,,nets,,,,,Kaizo,,/?p=section&a=details&id=41221,,,['e3166c82fb234afe890aff1275da28060c6638a8.bps'],['e3166c82fb234afe890aff1275da28060c6638a8.json'],
,,04 Dec 2025,41223,Super N3TS Kaizo World 3  (Revenge Of The Lost Shells) V 1.2,,,,,nets,,,,,Kaizo,,/?p=section&a=details&id=41223,,,['043802e4fd30763937df9b1319ad308a031b30d5.bps'],['043802e4fd30763937df9b1319ad308a031b30d5.json'],
,,04 Dec 2025,41224,Super N3TS Kaizo World 3 ( Revenge Of The Lost Shells ) V.1.2,,,,,nets,,,,,Kaizo,,/?p=section&a=details&id=41224,,,['d3db58b5f09873caafcfeeb71ca264248fd118f2.bps'],['d3db58b5f09873caafcfeeb71ca264248fd118f2.json'],
,,05 Dec 2025,41226,Pipetastic,,,,,RandomType,,,,,Kaizo,,/?p=section&a=details&id=41226,,,"['2f80594ee9a9f292a805ea5da071e6c905cea1c3.bps', 'ddc3fd2bf44fa29ab78ec25e3c4e778057b39665.bps']","['2f80594ee9a9f292a805ea5da071e6c905cea1c3.json', 'ddc3fd2bf44fa29ab78ec25e3c4e778057b39665.json']",
,,05 Dec 2025,41228,Super N3TS Kaizo World 3 ( Revenge Of The Lost Shells ) V.1.3,,,,,nets,,,,,Kaizo,,/?p=section&a=details&id=41228,,,['3c2f769e1517ccf079a9d35727cfab3a307a6bf9.bps'],['3c2f769e1517ccf079a9d35727cfab3a307a6bf9.json'],
,,06 Dec 2025,41229,Wario Style Stages Proof of Concept,,,,,videomaker580,,,,,Standard,,/?p=section&a=details&id=41229,,,['5479929080320c5ee8501777d8bb5167a225a41c.bps'],['5479929080320c5ee8501777d8bb5167a225a41c.json'],
,,06 Dec 2025,41230,Mario's Misadventures 2: The Black Hole Bomb,,,,,signature_steve,,,,,Standard,,/?p=section&a=details&id=41230,,,['f101d7b9381e6cf83a5174b532ed3fc6bd993f9d.bps'],['f101d7b9381e6cf83a5174b532ed3fc6bd993f9d.json'],
,,07 Dec 2025,41239,Celery,,,,,Jordan,,,,,Kaizo,,/?p=section&a=details&id=41239,,,['e10ae2d6c9f3f92d1e36b26a042c002af76e4a94.bps'],['e10ae2d6c9f3f92d1e36b26a042c002af76e4a94.json'],
,,09 Dec 2025,41244,Exshellsior,,,,,xLyfu,,,,,Kaizo,,/?p=section&a=details&id=41244,,,['a2bce34f4e9ab22a7b322de8687e1b4fe572d1cc.bps'],['a2bce34f4e9ab22a7b322de8687e1b4fe572d1cc.json'],
,,09 Dec 2025,41248,Yoshi Rules!,,,,,batman004257,,,,,Standard,,/?p=section&a=details&id=41248,,,['f4a3985ba1bad7fd9b9a9e70b1838e781fdd365b.bps'],['f4a3985ba1bad7fd9b9a9e70b1838e781fdd365b.json'],
,,09 Dec 2025,41251,Super Peach World 1.5: Peach In Her New World,,,,,Cristo Gamer,,,,,Standard,,/?p=section&a=details&id=41251,,,['202a59892a728d18874695ce21df0aeeb4a30e9b.bps'],['202a59892a728d18874695ce21df0aeeb4a30e9b.json'],
,,10 Dec 2025,41254,Celery,,,,,Jordan,,,,,Kaizo,,/?p=section&a=details&id=41254,,,['280e8c6fa0baf32d330dc88a37b0e53d72f9c536.bps'],['280e8c6fa0baf32d330dc88a37b0e53d72f9c536.json'],
,,10 Dec 2025,41257,The Thousand Year Castle: A Sholmes Adventure,,,,,sholmes,,,,,Kaizo,,/?p=section&a=details&id=41257,,,['0eeb70f634f5eaa76d2de8603e37c7c25b1149d6.bps'],['0eeb70f634f5eaa76d2de8603e37c7c25b1149d6.json'],
,,12 Dec 2025,41263,Shell Motel,,,,,Riu_69,,,,,Kaizo,,/?p=section&a=details&id=41263,,,['4c5c85e6be192933cb3fe1f2c29d6584ee2194bc.bps'],['4c5c85e6be192933cb3fe1f2c29d6584ee2194bc.json'],
,,12 Dec 2025,41264,Super Mario World 3: Bowser's Revenge DEMO v0.4,,,,,MeteorSmasher4,,,,,Standard,,/?p=section&a=details&id=41264,,,['48a3086de1ef9f3ca08460da2ee9120a72fad61a.bps'],['48a3086de1ef9f3ca08460da2ee9120a72fad61a.json'],
,,12 Dec 2025,41265,Heve a room,,,,,Joseph yut,,,,,"Kaizo, Puzzle",,/?p=section&a=details&id=41265,,,['2362d9ee29c90a8c95825b0f80a6262b4a1e4a7d.bps'],['2362d9ee29c90a8c95825b0f80a6262b4a1e4a7d.json'],
,,13 Dec 2025,41266,SpaceDeluxe,,,,,Breno Henrique,,,,,Kaizo,,/?p=section&a=details&id=41266,,,['afc4cedf1c4030d5050eb4233b620405a8259635.bps'],['afc4cedf1c4030d5050eb4233b620405a8259635.json'],
,,13 Dec 2025,41267,Bearded Comedy World 2 Demo,,,,,dotCoockie,,,,,Kaizo,,/?p=section&a=details&id=41267,,,['2835ece543abadaeb23a32c5eb70088a7534b9e3.bps'],['2835ece543abadaeb23a32c5eb70088a7534b9e3.json'],
,,13 Dec 2025,41268,Bearded Comedy World 2 Demo,,,,,dotCoockie,,,,,Kaizo,,/?p=section&a=details&id=41268,,,['bcb0feec56daf54abffcd3c86bc14d860e0acb52.bps'],['bcb0feec56daf54abffcd3c86bc14d860e0acb52.json'],
,,15 Dec 2025,41278,Critter Quest Jr,,,,,JakesBRjust,,,,,Kaizo,,/?p=section&a=details&id=41278,,,['3fedb4b7df78ca99b469e22c160bd3bac62c4df8.bps'],['3fedb4b7df78ca99b469e22c160bd3bac62c4df8.json'],
,,15 Dec 2025,41279,Mario's Misadventures 2: The Black Hole Bomb,,,,,signature_steve,,,,,Standard,,/?p=section&a=details&id=41279,,,['01c646dd013c24e326c10c0a6e665ae51aa2c590.bps'],['01c646dd013c24e326c10c0a6e665ae51aa2c590.json'],
,,17 Dec 2025,41285,Ninji Burst!,,,,,1UPdudes,,,,,Standard,,/?p=section&a=details&id=41285,,,['22c3b2f89c9ee08b0733434dc96a15fea150c12c.bps'],['22c3b2f89c9ee08b0733434dc96a15fea150c12c.json'],
,,18 Dec 2025,41287,Super N3TS Kaizo World 1 - V. 2.0,,,,,nets,,,,,Kaizo,,/?p=section&a=details&id=41287,,,['8ae094cb3d4ee9d28b7d53d9ad2b334626588bdf.bps'],['8ae094cb3d4ee9d28b7d53d9ad2b334626588bdf.json'],
,,18 Dec 2025,41288,SMW but no floor,,,,,Ninos_world,,,,,Kaizo,,/?p=section&a=details&id=41288,,,['3bcf562aeb3017fdc490eb7d334994bacd7bd8b4.bps'],['3bcf562aeb3017fdc490eb7d334994bacd7bd8b4.json'],
,,18 Dec 2025,41289,The Dimensional Castle Starring Aeron,,,,,Anorakun,,,,,"Standard, Kaizo",,/?p=section&a=details&id=41289,,,['05a207c4ee2c3f21c6181b4bfeb6cae366caea16.bps'],['05a207c4ee2c3f21c6181b4bfeb6cae366caea16.json'],
,,18 Dec 2025,41290,Super N3TS Kaizo World 1 - (v2),,,,,nets,,,,,Kaizo,,/?p=section&a=details&id=41290,,,['2f76cef5cf9ad1b3e75367bfacdb11ec96ff951d.bps'],['2f76cef5cf9ad1b3e75367bfacdb11ec96ff951d.json'],
,,18 Dec 2025,41292,Super Mario Makers' Holiday Extravaganza,,,,,"Brakkie, Buflen, Donkeymint, JeepySol, NewPointless, Scags, mmmdoggy, revolug",,,,,"Standard, Kaizo",,/?p=section&a=details&id=41292,,,['cf18bcf00ff1d73189dcebf7b4fbfc354b2313a9.bps'],['cf18bcf00ff1d73189dcebf7b4fbfc354b2313a9.json'],
,,20 Dec 2025,41301,Blackout Shells,,,,,flavioinsanity,,,,,Kaizo,,/?p=section&a=details&id=41301,,,['16815ffed181ac2393e25ef12f5b3c442cc6d65b.bps'],['16815ffed181ac2393e25ef12f5b3c442cc6d65b.json'],
,,21 Dec 2025,41305,SMW Friends and Rivalry,,,,,bandicoot,,,,,Standard,,/?p=section&a=details&id=41305,,,"['256a279804d105556559368e36d102f51d7555e8.bps', '3b4a0a5ab6f23a97c11dbbd337c9102d7695e751.bps']","['256a279804d105556559368e36d102f51d7555e8.json', '3b4a0a5ab6f23a97c11dbbd337c9102d7695e751.json']",
,,21 Dec 2025,41306,Crash Bandicoot and the Retro Dimension,,,,,bandicoot,,,,,Standard,,/?p=section&a=details&id=41306,,,"['fc30c69cb129f6704fa9801ef5a6fbc042981c45.bps', 'ea2a032a1bf371fc45ca06a16dee8c0c59662f73.bps']","['fc30c69cb129f6704fa9801ef5a6fbc042981c45.json', 'ea2a032a1bf371fc45ca06a16dee8c0c59662f73.json']",
,,21 Dec 2025,41309,Exshellsior,,,,,xLyfu,,,,,Kaizo,,/?p=section&a=details&id=41309,,,['92e45aa70fa40cad67aecb94cc2193b9cff9511c.bps'],['92e45aa70fa40cad67aecb94cc2193b9cff9511c.json'],
,,21 Dec 2025,41312,Freak City,,,,,Boosius,,,,,Standard,,/?p=section&a=details&id=41312,,,['72b8c20f0b76220fb407df9b58423b169508d964.bps'],['72b8c20f0b76220fb407df9b58423b169508d964.json'],
,,22 Dec 2025,41314,Blockreator Hack,,,,,Golden Yoshi,,,,,Standard,,/?p=section&a=details&id=41314,,,['8b0e62edf791107f1068ddb9d38eb71210e6f71f.bps'],['8b0e62edf791107f1068ddb9d38eb71210e6f71f.json'],
,,25 Dec 2025,41326,Stackup (Demo #0),,,,,Katrina,,,,,Standard,,/?p=section&a=details&id=41326,,,['9b33ebf03c4181be2648a85b6910b1ea1437c913.bps'],['9b33ebf03c4181be2648a85b6910b1ea1437c913.json'],
,,25 Dec 2025,41328,A Second X Thing: Gaiden: Gaiden,,,,,"Heraga, talkhaus",,,,,Standard,,/?p=section&a=details&id=41328,,,['f5eb2a0b1d20e003463b1d9417ec3b260d4477af.bps'],['f5eb2a0b1d20e003463b1d9417ec3b260d4477af.json'],
,,25 Dec 2025,41330,Aventureiro Mario - Especial de Natal,,,,,"Dev154, dev15",,,,,Standard,,/?p=section&a=details&id=41330,,,['a71f00cd523267bb198fdbf8c52f7fcb6100844d.bps'],['a71f00cd523267bb198fdbf8c52f7fcb6100844d.json'],
,,26 Dec 2025,41331,Obstinate,,,,,drkrdnk,,,,,Kaizo,,/?p=section&a=details&id=41331,,,['9b60135fec76120642892d8c80ef4c4d69a81f0d.bps'],['9b60135fec76120642892d8c80ef4c4d69a81f0d.json'],
,1767169219,,41357,Super Fish World [SMWC-Waiting 2025-12-31],No,No,No,Perkward,Perkward,Perkward,Puzzle: Casual (diff_2) (puzzle),1 exit(s),Puzzle,Casual,,/?p=section&a=details&id=41357,smwhacks,"['fish', 'story', 'troll', 'smwc-waiting']",['47c895b3bba0563083621e7e89e9149056345e0a.bps'],['47c895b3bba0563083621e7e89e9149056345e0a.json'],
,1767197676,,41359,Uncharted World [SMWC-Waiting 2025-12-31],No,No,No,will___,will___,will___,"Standard, Kaizo: Advanced (diff_4) (standard, kaizo)",63 exit(s),"Standard, Kaizo",Advanced,,/?p=section&a=details&id=41359,smwhacks,"['bosses', 'custom music', 'gimmick', 'puzzle', 'traditional', 'variety', 'smwc-waiting']",['b849ae046d294fc37abdc14a24779752f54a6157.bps'],['b849ae046d294fc37abdc14a24779752f54a6157.json'],
,1767235210,,41362,Big Bad Danger Mountain [SMWC-Waiting 2026-01-01],No,No,No,Gwusbwth,Gwusbwth,Gwusbwth,Standard: Intermediate (diff_3) (standard),5 exit(s),Standard,Intermediate,,/?p=section&a=details&id=41362,smwhacks,['smwc-waiting'],['e8da924ac33e61d322a07c7fbfe02f128f6b8bef.bps'],['e8da924ac33e61d322a07c7fbfe02f128f6b8bef.json'],
,1767256778,,41363,Super Fern World [SMWC-Waiting 2026-01-01],No,No,No,Fernchess,Fernchess,Fernchess,Standard: Casual (diff_2) (standard),5 exit(s),Standard,Casual,photosensitivity,/?p=section&a=details&id=41363,smwhacks,"['troll', 'smwc-waiting']",['c2564fb32ebdd1851ed8ebc12331a22ad10c433b.bps'],['c2564fb32ebdd1851ed8ebc12331a22ad10c433b.json'],
,1767299259,,41367,Super Mario's Wacky Worlds SD Happy new Year 2026!! [SMWC-Waiting 2026-01-01],No,Yes,No,figuiDOS,figuiDOS,figuiDOS,Standard: Casual (diff_2) (standard),25 exit(s),Standard,Casual,photosensitivity,/?p=section&a=details&id=41367,smwhacks,"['asm', 'epilepsy warning', 'exgfx', 'hdma', 'msu-1', 'music', 'needs remoderation', 'original soundtrack', 'philips cdi', 'remake', 'traditional', 'smwc-waiting']","['33f6ccbaabf7253f4ce6ea666551715c6c5b38ec.bps', '3ba3594cb3a5a271bf9eb7b120c575392af8e5c1.bps']","['33f6ccbaabf7253f4ce6ea666551715c6c5b38ec.json', '3ba3594cb3a5a271bf9eb7b120c575392af8e5c1.json']",
,,02 Jan 2026,41370,World of Jumps,,,,Maltz,Maltz,,,,,Kaizo,,/?p=section&a=details&id=41370,,,['07733d0bdc795679a42bb2ffe38b365639d699ec.bps'],['07733d0bdc795679a42bb2ffe38b365639d699ec.json'],
,,02 Jan 2026,41372,Ninji Burst!,,,,1UPdudes,1UPdudes,,,,,Standard,,/?p=section&a=details&id=41372,,,['9324542fc5e1e51d9d0f985edc28ef42fd919308.bps'],['9324542fc5e1e51d9d0f985edc28ef42fd919308.json'],
,,05 Jan 2026,41383,Grenudo Planet 3,,,,elwawa,elwawa,,,,,Kaizo,,/?p=section&a=details&id=41383,,,['61af53b1c70cdcd52dabd71235030c846effb30a.bps'],['61af53b1c70cdcd52dabd71235030c846effb30a.json'],
,1767731042,,41387,Grenudo Planet 3 [SMWC-Waiting 2026-01-06],No,No,No,elwawa,elwawa,elwawa,Kaizo: Intermediate (diff_3) (kaizo),21 exit(s),Kaizo,Intermediate,,/?p=section&a=details&id=41387,smwhacks,"['kaizo hack', 'smwc-waiting']",['63ba0eecb4e1b250f3f40ad5e395383d79ff3dbc.bps'],['63ba0eecb4e1b250f3f40ad5e395383d79ff3dbc.json'],
,1767776513,,41390,Tis A Silly Place [SMWC-Waiting 2026-01-07],No,Yes,Yes,CarlSagan42,CarlSagan42,CarlSagan42,Standard: Casual (diff_2) (standard),1 exit(s),Standard,Casual,suggestive_content,/?p=section&a=details&id=41390,smwhacks,['smwc-waiting'],['748869f7c10115c64944a59b52e4ac649c1a6304.bps'],['748869f7c10115c64944a59b52e4ac649c1a6304.json'],
,1767816544,,41392,The House of Many Trolls [SMWC-Waiting 2026-01-07],No,Yes,No,GoldenSpiny,GoldenSpiny,GoldenSpiny,Standard: Casual (diff_2) (standard),1 exit(s),Standard,Casual,,/?p=section&a=details&id=41392,smwhacks,"['competition', 'contest', 'house', 'jump in the pit', 'single screen', 'troll', 'smwc-waiting']",['82757b9e9d395a9ea6e1085bbd28ffc98771598d.bps'],['82757b9e9d395a9ea6e1085bbd28ffc98771598d.json'],
,1767924576,,41397,MARIO EN BUSCA DE LA MASTER EMERALD (DEMO WORLD 2) [SMWC-Waiting 2026-01-09],Yes,No,No,Reynner Game Arcade,Reynner Game Arcade,Reynner Game Arcade,Standard: Casual (diff_2) (standard),13 exit(s),Standard,Casual,,/?p=section&a=details&id=41397,smwhacks,"['abilities', 'custom gfx', 'custom music', 'demo', 'hdma', 'knuckles', 'lorom', 'nintendo', 'parallax', 'sega', 'smw beta', 'sonic', 'smwc-waiting']",['fb4a2fb60a68765e3b5e367511b17b5e98001a28.bps'],['fb4a2fb60a68765e3b5e367511b17b5e98001a28.json'],
,1768012352,,41405,MrUg's Mini Level Pack [SMWC-Waiting 2026-01-10],No,Yes,No,MrUg123,MrUg123,MrUg123,Standard: Casual (diff_2) (standard),4 exit(s),Standard,Casual,,/?p=section&a=details&id=41405,smwhacks,"['altered physics', 'custom music', 'smwc-waiting']",['2d795a85bfd95dc946b2ce47ee48fab4eb3e14e4.bps'],['2d795a85bfd95dc946b2ce47ee48fab4eb3e14e4.json'],
,1768028074,,41409,Song's to Die to [SMWC-Waiting 2026-01-10],No,No,No,YukiHidden,YukiHidden,YukiHidden,Kaizo: Advanced (diff_4) (kaizo),4 exit(s),Kaizo,Advanced,photosensitivity,/?p=section&a=details&id=41409,smwhacks,['smwc-waiting'],['bd6d79c1a2e38dbba22b34000457afb7505cd596.bps'],['bd6d79c1a2e38dbba22b34000457afb7505cd596.json'],
,1768111912,,41413,Lost Paths [SMWC-Waiting 2026-01-11],No,No,No,Chuycraft,Chuycraft,Chuycraft,Standard: Advanced (diff_4) (standard),80 exit(s),Standard,Advanced,photosensitivity,/?p=section&a=details&id=41413,smwhacks,"['bosses', 'custom music', 'gimmick', 'traditional', 'smwc-waiting']",['bee09c6ea62348ce63552929f815f29c144283f1.bps'],['bee09c6ea62348ce63552929f815f29c144283f1.json'],
,1768274174,,41416,A Strongly-Worded Letter to the Iceberg [SMWC-Waiting 2026-01-13],No,No,No,MarsAmPear,MarsAmPear,MarsAmPear,"Standard, Kaizo: Master (diff_6) (standard, kaizo)",7 exit(s),"Standard, Kaizo",Master,,/?p=section&a=details&id=41416,smwhacks,"['asm', 'gauntlet', 'gimmick', 'huge level', 'traditional', 'variety', 'smwc-waiting']",['3ab91ee45efa6ff65eb5b7b466c42415b21769a1.bps'],['3ab91ee45efa6ff65eb5b7b466c42415b21769a1.json'],
,1768351812,,41420,Valuable and Beautiful [SMWC-Waiting 2026-01-14],No,Yes,No,CarlSagan42,CarlSagan42,CarlSagan42,Kaizo: Master (diff_6) (kaizo),11 exit(s),Kaizo,Master,,/?p=section&a=details&id=41420,smwhacks,['smwc-waiting'],['d395e4c761df5e2d568fdc14b96641188cf61ea4.bps'],['d395e4c761df5e2d568fdc14b96641188cf61ea4.json'],
,1768442636,,41421,Super Ordinary World [SMWC-Waiting 2026-01-15],No,Yes,No,Pottsie,Pottsie,Pottsie,Kaizo: Advanced (diff_4) (kaizo),14 exit(s),Kaizo,Advanced,,/?p=section&a=details&id=41421,smwhacks,"['kaizo', 'platformer', 'smwc-waiting']",['e8d103f734a086881b7bfae0976d2bced6bae8d4.bps'],['e8d103f734a086881b7bfae0976d2bced6bae8d4.json'],
,,15 Jan 2026,41423,Super Mario World Panico en Yoshi's Island,,,,Greeeen,Greeeen,,,,,Standard,,/?p=section&a=details&id=41423,,,['7d40c80e942dcfe56d8c8c2c3086a25069a301a1.bps'],['7d40c80e942dcfe56d8c8c2c3086a25069a301a1.json'],
,1768520244,,41428,just like amy; exactly like amy [SMWC-Waiting 2026-01-15],No,Yes,No,Sayuri,Sayuri,Sayuri,Kaizo: Advanced (diff_4) (kaizo),12 exit(s),Kaizo,Advanced,suggestive_content,/?p=section&a=details&id=41428,smwhacks,"['custom music', 'gimmick', 'no boss', 'story', 'smwc-waiting']",['e89c9fd136a82dda94f9966b2da1217b044f5b83.bps'],['e89c9fd136a82dda94f9966b2da1217b044f5b83.json'],
,1768523728,,41429,Valuable and Beautiful [SMWC-Waiting 2026-01-16],No,No,No,CarlSagan42,CarlSagan42,CarlSagan42,Kaizo: Master (diff_6) (kaizo),11 exit(s),Kaizo,Master,,/?p=section&a=details&id=41429,smwhacks,['smwc-waiting'],['4821422731ec7f2dabe62e8ab396967dce27ad9c.bps'],['4821422731ec7f2dabe62e8ab396967dce27ad9c.json'],
,1768554505,,41432,Super Mario's Wacky Worlds SD [SMWC-Waiting 2026-01-16],No,Yes,No,figuiDOS,figuiDOS,figuiDOS,Standard: Casual (diff_2) (standard),25 exit(s),Standard,Casual,,/?p=section&a=details&id=41432,smwhacks,"['asm', 'epilepsy warning', 'exgfx', 'hdma', 'msu-1', 'music', 'needs remoderation', 'original soundtrack', 'philips cdi', 'remake', 'traditional', 'smwc-waiting']",['1bf41a386227120628af8b5fc64a39fe16ccaba9.bps'],['1bf41a386227120628af8b5fc64a39fe16ccaba9.json'],
,1768597010,,41433,Yoshi's Revenge [SMWC-Waiting 2026-01-16],No,No,No,Oskise,Oskise,Oskise,Kaizo: Master (diff_6) (kaizo),46 exit(s),Kaizo,Master,,/?p=section&a=details&id=41433,smwhacks,"['bosses', 'custom music', 'exploration', 'gimmick', 'story', 'traditional', 'smwc-waiting']",['9bc884d42e71995a8ce557313773645eeb89f9ad.bps'],['9bc884d42e71995a8ce557313773645eeb89f9ad.json'],
,1768604657,,41434,Super Mario Super Quest Demo V.2 [SMWC-Waiting 2026-01-16],Yes,No,No,Greeeen,Greeeen,Greeeen,Standard: Casual (diff_2) (standard),24 exit(s),Standard,Casual,,/?p=section&a=details&id=41434,smwhacks,['smwc-waiting'],['fca8da14353877559899c944f8480fadb76e7f7a.bps'],['fca8da14353877559899c944f8480fadb76e7f7a.json'],
,,17 Jan 2026,41439,Super Ordinary World,,,,Pottsie,Pottsie,,,,,Kaizo,,/?p=section&a=details&id=41439,,,['158bd4b12cb416a579f79a243a34a498f77e6719.bps'],['158bd4b12cb416a579f79a243a34a498f77e6719.json'],
,1768730340,,41440,Shell'S 4 KidUlt'S [SMWC-Waiting 2026-01-18],No,No,No,nets,nets,nets,Kaizo: Expert (diff_5) (kaizo),4 exit(s),Kaizo,Expert,,/?p=section&a=details&id=41440,smwhacks,"['kaizo', 'shells', 'smwc-waiting']",['2e687c5c0de37d92781b53d5695ca5a7735bc73c.bps'],['2e687c5c0de37d92781b53d5695ca5a7735bc73c.json'],
,1768746503,,41441,Super Ordinary World [SMWC-Waiting 2026-01-18],No,Yes,No,Pottsie,Pottsie,Pottsie,Kaizo: Advanced (diff_4) (kaizo),14 exit(s),Kaizo,Advanced,,/?p=section&a=details&id=41441,smwhacks,"['kaizo', 'platformer', 'shell stuff', 'smwc-waiting']",['a89b55934eec688d3ecf9076fec64d7c4a9eef1c.bps'],['a89b55934eec688d3ecf9076fec64d7c4a9eef1c.json'],
,,18 Jan 2026,41445,Shell'S 4 KidUlt'S,,,,nets,nets,,,,,Kaizo,,/?p=section&a=details&id=41445,,,['287b8437ea48f6405e56444813110f4a8bb1a682.bps'],['287b8437ea48f6405e56444813110f4a8bb1a682.json'],
,,18 Jan 2026,41446,Shell'S 4 KidUlt'S,,,,nets,nets,,,,,Kaizo,,/?p=section&a=details&id=41446,,,['45cbd1e5460112964a89d96750cafcd10a2f04c1.bps'],['45cbd1e5460112964a89d96750cafcd10a2f04c1.json'],
,,19 Jan 2026,41449,Levels,,,,Cwole23,Cwole23,,,,,Standard,,/?p=section&a=details&id=41449,,,['2ba29d2ed31ccc799e0e492aeef8c0d49d9676fb.bps'],['2ba29d2ed31ccc799e0e492aeef8c0d49d9676fb.json'],
,1768856021,,41451,just like amy; exactly like amy [SMWC-Waiting 2026-01-19],No,Yes,No,Sayuri,Sayuri,Sayuri,"Standard, Kaizo: Expert (diff_5) (standard, kaizo)",12 exit(s),"Standard, Kaizo",Expert,suggestive_content,/?p=section&a=details&id=41451,smwhacks,"['custom music', 'gimmick', 'no boss', 'story', 'smwc-waiting']",['c11038cfaf0bc919abeb5e8335cb529730e0aa1e.bps'],['c11038cfaf0bc919abeb5e8335cb529730e0aa1e.json'],
,1768897411,,41455,Assortment Of Wyverns [SMWC-Waiting 2026-01-20],No,Yes,No,SolveForX,SolveForX,SolveForX,Kaizo: Grandmaster (diff_7) (kaizo),3 exit(s),Kaizo,Grandmaster,,/?p=section&a=details&id=41455,smwhacks,"['custom music', 'gimmick', 'item tech', 'no boss', 'shell', 'smwc-waiting']",['5eb8addc1e6f415a3383a4191292aaf4db9fcadc.bps'],['5eb8addc1e6f415a3383a4191292aaf4db9fcadc.json'],
,,20 Jan 2026,41459,Grenudo Planet 3,,,,elwawa,elwawa,,,,,Kaizo,,/?p=section&a=details&id=41459,,,['f9651b3c89e0b6d129a37d82cb5672777994cb4a.bps'],['f9651b3c89e0b6d129a37d82cb5672777994cb4a.json'],
,1768962938,,41460,Fresh Hops 2 [SMWC-Waiting 2026-01-21],No,No,No,MorrieTheMagpie,MorrieTheMagpie,MorrieTheMagpie,Kaizo: Expert (diff_5) (kaizo),36 exit(s),Kaizo,Expert,,/?p=section&a=details&id=41460,smwhacks,['smwc-waiting'],['3a64360ad093af67ed83cec4be9ba32511b19248.bps'],['3a64360ad093af67ed83cec4be9ba32511b19248.json'],
,1768962942,,41461,Lost Paths [SMWC-Waiting 2026-01-21],No,No,No,Chuycraft,Chuycraft,Chuycraft,Standard: Advanced (diff_4) (standard),80 exit(s),Standard,Advanced,photosensitivity,/?p=section&a=details&id=41461,smwhacks,"['bosses', 'custom music', 'gimmick', 'traditional', 'smwc-waiting']",['c8ea2572cfee5ea6ce7cfd4e33a14f9a06537610.bps'],['c8ea2572cfee5ea6ce7cfd4e33a14f9a06537610.json'],
,1769092483,,41467,Super Ordinary World [SMWC-Waiting 2026-01-22],No,Yes,No,Pottsie,Pottsie,Pottsie,Kaizo: Advanced (diff_4) (kaizo),14 exit(s),Kaizo,Advanced,,/?p=section&a=details&id=41467,smwhacks,"['platformer', 'shell stuff', 'smwc-waiting']",['3e0eb9c65e9ccb5d9f90a5602a99f15392c93515.bps'],['3e0eb9c65e9ccb5d9f90a5602a99f15392c93515.json'],
,1769203704,,41477,Levels [SMWC-Waiting 2026-01-23],Yes,No,No,Cwole23,Cwole23,Cwole23,Standard: Newcomer (diff_1) (standard),16 exit(s),Standard,Newcomer,,/?p=section&a=details&id=41477,smwhacks,"['needs remoderation', 'smwc-waiting']",['c819e37bed9dc053e18fb03bcf02ef88f9283f9d.bps'],['c819e37bed9dc053e18fb03bcf02ef88f9283f9d.json'],
,1769563034,,41494,Super Mario Makers' Holiday Extravaganza [SMWC-Waiting 2026-01-28],No,No,Yes,Brakkie,"Brakkie, Buflen, Donkeymint, JeepySol, NewPointless, Scags, mmmdoggy, revolug",NewPointless,"Standard, Kaizo: Expert (diff_5) (standard, kaizo)",21 exit(s),"Standard, Kaizo",Expert,,/?p=section&a=details&id=41494,smwhacks,"['custom music', 'gimmick', 'holiday', 'smwc-waiting']",['f884717bf6cbbc41df587df18a86ef9466cd4d01.bps'],['f884717bf6cbbc41df587df18a86ef9466cd4d01.json'],
,1769625720,,41496,Super Mario Yggdrasil [SMWC-Waiting 2026-01-28],No,No,No,Inventalgames,Inventalgames,Inventalgames,Standard: Casual (diff_2) (standard),30 exit(s),Standard,Casual,,/?p=section&a=details&id=41496,smwhacks,"['custom gfx', 'custom graphics', 'cutscene', 'music', 'needs remoderation', 'npc', 'rpg', 'smwc-waiting']","['54f01e20f676946ae275314618e4ec14c945f3e0.bps', '65bd4c27edbb46c1a981379ec4343be532e67c3b.bps']","['54f01e20f676946ae275314618e4ec14c945f3e0.json', '65bd4c27edbb46c1a981379ec4343be532e67c3b.json']",
,1769747267,,41504,Acid Tapes Vol. 2 [SMWC-Waiting 2026-01-30],No,No,No,twicepipes,twicepipes,twicepipes,Kaizo: Expert (diff_5) (kaizo),20 exit(s),Kaizo,Expert,,/?p=section&a=details&id=41504,smwhacks,"['swag', 'vanilla', 'smwc-waiting']",['2bbf4b4048b7e0713ba524b60aba657870bd886e.bps'],['2bbf4b4048b7e0713ba524b60aba657870bd886e.json'],
,1769807982,,41511,100 Rooms Of Torment [SMWC-Waiting 2026-01-30],No,Yes,No,Gasterus155,Gasterus155,Gasterus155,Kaizo: Grandmaster (diff_7) (kaizo),0 exit(s),Kaizo,Grandmaster,photosensitivity,/?p=section&a=details&id=41511,smwhacks,"['banzai bill glitch is exist as usual', 'glitches', 'i dont know if people will pass the first room', 'i hate puzzles', 'mario', 'music', 'no exit', 'smwc-waiting']",['2c5f6998fa8dffd2929dec500c4c64b5ff698e2b.bps'],['2c5f6998fa8dffd2929dec500c4c64b5ff698e2b.json'],
,1769899013,,41515,Jumpscare [SMWC-Waiting 2026-01-31],No,Yes,No,Gasterus155,Gasterus155,Gasterus155,Kaizo: Master (diff_6) (kaizo),12 exit(s),Kaizo,Master,,/?p=section&a=details&id=41515,smwhacks,"['custom', 'do not play it if you dont like trolls', 'maaaaaaaaariiiiiiiiiiiiiiiisssssssssaaaaaaaaa', 'music', 'troll', 'smwc-waiting']",['ee75a061ea99a0b324bd6c7b6d76b49adef0a0d0.bps'],['ee75a061ea99a0b324bd6c7b6d76b49adef0a0d0.json'],
,1769905336,,41521,Super Duper Mario World DEMO [SMWC-Waiting 2026-02-01],Yes,Yes,No,SuperWaluigiBro,SuperWaluigiBro,SuperWaluigiBro,Standard: Intermediate (diff_3) (standard),10 exit(s),Standard,Intermediate,,/?p=section&a=details&id=41521,smwhacks,"['custom music', 'gimmick', 'smwc-waiting']",['0972f3d65ffbe07a7dc3a1ffda3054436503150f.bps'],['0972f3d65ffbe07a7dc3a1ffda3054436503150f.json'],
,1770127806,,41529,Special Moves [SMWC-Waiting 2026-02-03],No,No,No,marvisjj,marvisjj,marvisjj,Kaizo: Grandmaster (diff_7) (kaizo),5 exit(s),Kaizo,Grandmaster,,/?p=section&a=details&id=41529,smwhacks,"['shell', 'smwc-waiting']",['0673c059162babd121c87670c34a76f3a88c4633.bps'],['0673c059162babd121c87670c34a76f3a88c4633.json'],
,1770141085,,41530,Super AgeVerrly World [SMWC-Waiting 2026-02-03],No,No,No,ageVerrly,ageVerrly,ageVerrly,Kaizo: Grandmaster (diff_7) (kaizo),39 exit(s),Kaizo,Grandmaster,"suggestive_content, crude_content, photosensitivity, sexual_content, violence",/?p=section&a=details&id=41530,smwhacks,"['custom music', 'gauntlet', 'glitch', 'joke', 'precision', 'vanilla', 'variety', 'smwc-waiting']",['bfc99e892b7345b1736c906f3dfd3745916f07fa.bps'],['bfc99e892b7345b1736c906f3dfd3745916f07fa.json'],
,1770141294,,41531,Super Duper Mario World DEMO [SMWC-Waiting 2026-02-03],Yes,Yes,No,SuperWaluigiBro,SuperWaluigiBro,SuperWaluigiBro,Standard: Intermediate (diff_3) (standard),10 exit(s),Standard,Intermediate,,/?p=section&a=details&id=41531,smwhacks,"['custom music', 'gimmick', 'smwc-waiting']",['a9f36cc018590fb6d616f1744ff4c7c8f11d10c2.bps'],['a9f36cc018590fb6d616f1744ff4c7c8f11d10c2.json'],
,1770156044,,41532,Obstacle Courses for Anti-Gravity Horses [SMWC-Waiting 2026-02-03],No,No,Yes,IkeSMB,"IkeSMB, NixKillsMyths, flips_bad, magicker72",NixKillsMyths,"Standard, Kaizo: Grandmaster (diff_7) (standard, kaizo)",13 exit(s),"Standard, Kaizo",Grandmaster,,/?p=section&a=details&id=41532,smwhacks,"['cape', 'custom music', 'gauntlet', 'gimmick', 'glitch', 'no boss', 'non-platformer', 'yoshi', 'smwc-waiting']",['88199c59b6d7437040b7f101acf8202155df1ef8.bps'],['88199c59b6d7437040b7f101acf8202155df1ef8.json'],
,1770244037,,41533,Rooms for Kids [SMWC-Waiting 2026-02-04],No,No,No,Saphros,Saphros,Saphros,Kaizo: Intermediate (diff_3) (kaizo),1 exit(s),Kaizo,Intermediate,,/?p=section&a=details&id=41533,smwhacks,"['custom music', 'holiday', 'smwc-waiting']","['19a27bf41c38973ac9553e48872141765e4bd54f.bps', 'eea3f3931f112bd79ea664f44aed0123507a64f1.bps']","['19a27bf41c38973ac9553e48872141765e4bd54f.json', 'eea3f3931f112bd79ea664f44aed0123507a64f1.json']",
,1770314419,,41538,Super Flash World 2 [SMWC-Waiting 2026-02-05],No,No,No,Scags,Scags,Scags,Kaizo: Expert (diff_5) (kaizo),23 exit(s),Kaizo,Expert,crude_content,/?p=section&a=details&id=41538,smwhacks,"['asm', 'chocolate', 'custom music', 'custom overworld', 'goon nation', 'smwc-waiting']",['b9552b4274581afce8d7866625e70a387a698506.bps'],['b9552b4274581afce8d7866625e70a387a698506.json'],
,1770319553,,41539,Run the Gauntlet [SMWC-Waiting 2026-02-05],No,No,No,MiracleWater,MiracleWater,MiracleWater,Standard: Grandmaster (diff_7) (standard),5 exit(s),Standard,Grandmaster,,/?p=section&a=details&id=41539,smwhacks,"['gauntlet', 'smwc-waiting']",['b2cc48b96ffdf4b10d8f963f20a3a28aeec94482.bps'],['b2cc48b96ffdf4b10d8f963f20a3a28aeec94482.json'],
,1770353174,,41540,Dearly Detested [SMWC-Waiting 2026-02-06],No,No,No,Lazy,Lazy,Lazy,Kaizo: Master (diff_6) (kaizo),0 exit(s),Kaizo,Master,,/?p=section&a=details&id=41540,smwhacks,"['custom music', 'puzzle', 'smwc-waiting']",['50eb333296dd011628152d186922c661f7c39072.bps'],['50eb333296dd011628152d186922c661f7c39072.json'],
,1770410388,,41542,Shellshock [SMWC-Waiting 2026-02-06],No,No,No,Riu_69,Riu_69,Riu_69,Kaizo: Grandmaster (diff_7) (kaizo),9 exit(s),Kaizo,Grandmaster,,/?p=section&a=details&id=41542,smwhacks,"['hard', 'kaizo', 'shells', 'smwc-waiting']",['ddd4b1cd728cc4d648508cee43443a5961eee2a8.bps'],['ddd4b1cd728cc4d648508cee43443a5961eee2a8.json'],
,1770418603,,41543,20 Challenges: Episode 5 - Community Vibe [SMWC-Waiting 2026-02-06],No,No,No,Drakel,Drakel,Drakel,Standard: Intermediate (diff_3) (standard),1 exit(s),Standard,Intermediate,,/?p=section&a=details&id=41543,smwhacks,"['asm', 'boss', 'exgfx', 'gimmick', 'music', 'smwc-waiting']",['9367684e30aa53170065d068ffaf3612a4bfaa98.bps'],['9367684e30aa53170065d068ffaf3612a4bfaa98.json'],
,1770476725,,41546,Halo 14 - Definitive Edition [SMWC-Waiting 2026-02-07],No,No,Yes,LightAligns,"LightAligns, Saela",Saela,Kaizo: Expert (diff_5) (kaizo),23 exit(s),Kaizo,Expert,photosensitivity,/?p=section&a=details&id=41546,smwhacks,"['asm', 'boss', 'exgfx', 'hdma', 'music', 'smwc-waiting']",['2daefea53f2a92e2390d1fb6869431013efd91cd.bps'],['2daefea53f2a92e2390d1fb6869431013efd91cd.json'],
,1770557724,,41548,Valuable and Beautiful [SMWC-Waiting 2026-02-08],No,No,No,CarlSagan42,CarlSagan42,CarlSagan42,Kaizo: Master (diff_6) (kaizo),11 exit(s),Kaizo,Master,,/?p=section&a=details&id=41548,smwhacks,['smwc-waiting'],['36aee7157e5f94f5cbc2f23a7d86b78ee47c7d22.bps'],['36aee7157e5f94f5cbc2f23a7d86b78ee47c7d22.json'],
,1770640031,,41554,A Super Mario Adventure [SMWC-Waiting 2026-02-09],No,No,No,Gamma V,Gamma V,Gamma V,Standard: Casual (diff_2) (standard),107 exit(s),Standard,Casual,,/?p=section&a=details&id=41554,smwhacks,"['asm', 'choconilla', 'hdma', 'needs remoderation', 'traditional', 'smwc-waiting']",['8cfec90a750d5a5340a8881b81d46030e6c6999d.bps'],['8cfec90a750d5a5340a8881b81d46030e6c6999d.json'],
,1770640200,,41555,Super Luigi Land 2 [SMWC-Waiting 2026-02-09],No,No,No,Gamma V,Gamma V,Gamma V,Standard: Casual (diff_2) (standard),64 exit(s),Standard,Casual,,/?p=section&a=details&id=41555,smwhacks,"['alternate physics', 'asm', 'exgfx', 'hdma', 'luigi', 'music', 'needs remoderation', 'traditional', 'smwc-waiting']",['0191b864556b152ac26a8350bcaf30f267cbd301.bps'],['0191b864556b152ac26a8350bcaf30f267cbd301.json'],
,1770668601,,41558,10yumps [SMWC-Waiting 2026-02-09],No,No,No,Fyre150,Fyre150,Fyre150,Kaizo: Master (diff_6) (kaizo),56 exit(s),Kaizo,Master,,/?p=section&a=details&id=41558,smwhacks,"['consistency', 'music', 'p-switch', 'precision', 'variety', 'smwc-waiting']",['ffc9f6e993a21e8507065108d94547bbfc9b68a9.bps'],['ffc9f6e993a21e8507065108d94547bbfc9b68a9.json'],
,1770674282,,41559,Absolute Authenticity [SMWC-Waiting 2026-02-09],No,No,No,MarsAmPear,MarsAmPear,MarsAmPear,Kaizo: Grandmaster (diff_7) (kaizo),0 exit(s),Kaizo,Grandmaster,,/?p=section&a=details&id=41559,smwhacks,"['gimmick', 'precision', 'smwc-waiting']",['90f92e9771e417aae23818fd7afd351d4edafe9e.bps'],['90f92e9771e417aae23818fd7afd351d4edafe9e.json'],
,1770691346,,41560,Super Maizen Sisters 3: Our Friend Maron. [SMWC-Waiting 2026-02-10],No,No,No,thatwaterblockrk,thatwaterblockrk,thatwaterblockrk,Standard: Intermediate (diff_3) (standard),47 exit(s),Standard,Intermediate,,/?p=section&a=details&id=41560,smwhacks,"['are', 'best song', 'block', 'good', 'long game', 'okay', 'that', 'traditional', 'two players', 'water', 'smwc-waiting']",['e8d39a3e6c67984317cce696fab8dd47b56bea81.bps'],['e8d39a3e6c67984317cce696fab8dd47b56bea81.json'],
,1770716267,,41561,Kaizo no Notam [SMWC-Waiting 2026-02-10],No,Yes,No,cozyduck,cozyduck,cozyduck,Kaizo: Master (diff_6) (kaizo),10 exit(s),Kaizo,Master,photosensitivity,/?p=section&a=details&id=41561,smwhacks,['smwc-waiting'],['f7cf9004f523b0599df46efe409493d06d09fb63.bps'],['f7cf9004f523b0599df46efe409493d06d09fb63.json'],
,1770825534,,41566,Super Duper Mario World W1 DEMO [SMWC-Waiting 2026-02-11],Yes,Yes,No,SuperWaluigiBro,SuperWaluigiBro,SuperWaluigiBro,Standard: Intermediate (diff_3) (standard),10 exit(s),Standard,Intermediate,,/?p=section&a=details&id=41566,smwhacks,"['custom music', 'gimmick', 'smwc-waiting']",['c8040192818efd2dd522ce5a9e641278b2226b16.bps'],['c8040192818efd2dd522ce5a9e641278b2226b16.json'],
,1770869054,,41570,Song's to Die to [SMWC-Waiting 2026-02-12],No,No,No,YukiHidden,YukiHidden,YukiHidden,Kaizo: Expert (diff_5) (kaizo),9 exit(s),Kaizo,Expert,crude_content,/?p=section&a=details&id=41570,smwhacks,"['custom mus', 'gimmick', 'horror', 'shell', 'smwc-waiting']",['8f4f7d05f58b1a6cfe3ac55b256795e3b4bc97c6.bps'],['8f4f7d05f58b1a6cfe3ac55b256795e3b4bc97c6.json'],
,1770873447,,41573,Lazycro [SMWC-Waiting 2026-02-12],No,No,No,MarioFan1337,MarioFan1337,MarioFan1337,Kaizo: Advanced (diff_4) (kaizo),26 exit(s),Kaizo,Advanced,,/?p=section&a=details&id=41573,smwhacks,"['custom asm', 'custom graphics', 'custom music', 'gimmick', 'smwc-waiting']",['2c2939081049da88a953d0a6ae4288a49adea899.bps'],['2c2939081049da88a953d0a6ae4288a49adea899.json'],
,1770930068,,41580,TILIA [SMWC-Waiting 2026-02-12],No,No,No,neidoodle,neidoodle,neidoodle,Kaizo: Advanced (diff_4) (kaizo),17 exit(s),Kaizo,Advanced,"crude_content, photosensitivity",/?p=section&a=details&id=41580,smwhacks,"['asm', 'exgfx', 'music', 'smwc-waiting']",['f61833919e5ca51fbc441e52635ec90cc7294a1d.bps'],['f61833919e5ca51fbc441e52635ec90cc7294a1d.json'],
,1771005642,,41585,New Super Mario World 3: Peach's Double Trouble [SMWC-Waiting 2026-02-13],No,No,No,Bullymario,Bullymario,Bullymario,Standard: Intermediate (diff_3) (standard),93 exit(s),Standard,Intermediate,,/?p=section&a=details&id=41585,smwhacks,"['asm', 'cutscenes', 'exgfx', 'hdma', 'music', 'smwc-waiting']",['fcddc41e8069dd54ce09ca459f2374915e7c6e6a.bps'],['fcddc41e8069dd54ce09ca459f2374915e7c6e6a.json'],
,1771013462,,41586,No exit theory [SMWC-Waiting 2026-02-13],No,No,No,Pizzagamer9791,Pizzagamer9791,Pizzagamer9791,Kaizo: Grandmaster (diff_7) (kaizo),7 exit(s),Kaizo,Grandmaster,,/?p=section&a=details&id=41586,smwhacks,"['hard', 'shell', 'smwc-waiting']",['59c1650f340b534bb95e328949eb6e030b14d2c3.bps'],['59c1650f340b534bb95e328949eb6e030b14d2c3.json'],
,1771239277,,41593,The Precise Is Right [SMWC-Waiting 2026-02-16],No,No,No,pixlrik,pixlrik,pixlrik,Kaizo: Expert (diff_5) (kaizo),8 exit(s),Kaizo,Expert,,/?p=section&a=details&id=41593,smwhacks,"['custom music', 'precision', 'smwc-waiting']",['7b6d4eed177ee4a9960794142cdb9592c311b221.bps'],['7b6d4eed177ee4a9960794142cdb9592c311b221.json'],
,1771256716,,41602,Super Mario Another Retro 2 (Demo) [SMWC-Waiting 2026-02-16],Yes,No,No,Zavok,Zavok,Zavok,Standard: Newcomer (diff_1) (standard),19 exit(s),Standard,Newcomer,,/?p=section&a=details&id=41602,smwhacks,"['bosses', 'custom music', 'gimmick', 'variety', 'smwc-waiting']",['397512183d104ae48f7d265205fd887aa5c1c65d.bps'],['397512183d104ae48f7d265205fd887aa5c1c65d.json'],
,1771262536,,41603,Vanilla Hour - a collection of one-hour levels [SMWC-Waiting 2026-02-16],No,No,No,Nitrogen,Nitrogen,Nitrogen,Standard: Advanced (diff_4) (standard),12 exit(s),Standard,Advanced,,/?p=section&a=details&id=41603,smwhacks,"['one-hour', 'traditional', 'vanilla', 'smwc-waiting']",['27f1bdd6d7e5f14f1e4d436a2610dc6c3d90cc64.bps'],['27f1bdd6d7e5f14f1e4d436a2610dc6c3d90cc64.json'],
,1771270834,,41605,Mario And The Golden Star [SMWC-Waiting 2026-02-16],No,No,No,Enan63,Enan63,Enan63,Standard: Intermediate (diff_3) (standard),7 exit(s),Standard,Intermediate,,/?p=section&a=details&id=41605,smwhacks,"['asm', 'chocolate', 'exgfx', 'gimmick', 'hdma', 'music', 'traditional', 'smwc-waiting']",['2469a4d8d446e6c2d35b9fef2465609743485f9f.bps'],['2469a4d8d446e6c2d35b9fef2465609743485f9f.json'],
,1771325233,,41609,ESCAPE FROM LA PLUME [SMWC-Waiting 2026-02-17],No,No,Yes,bonjoursauce,"bonjoursauce, uriel2k3",uriel2k3,Kaizo: Advanced (diff_4) (kaizo),9 exit(s),Kaizo,Advanced,,/?p=section&a=details&id=41609,smwhacks,"['cape', 'kaizo', 'no boss', 'smwc-waiting']",['88bbfb87dca3c58428b6d0ed0aed37a4bd2baa46.bps'],['88bbfb87dca3c58428b6d0ed0aed37a4bd2baa46.json'],
,1771403138,,41627,TaleSpin [SMWC-Waiting 2026-02-18],No,No,No,uriel2k3,uriel2k3,uriel2k3,Kaizo: Grandmaster (diff_7) (kaizo),11 exit(s),Kaizo,Grandmaster,,/?p=section&a=details&id=41627,smwhacks,"['cape', 'kaizo', 'no boss', 'yoshi', 'smwc-waiting']",['e773bfe3a6b5f78437322b7de2273032b0dbb518.bps'],['e773bfe3a6b5f78437322b7de2273032b0dbb518.json'],
,1771457430,,41656,Song's to Die to [SMWC-Waiting 2026-02-18],No,No,No,YukiHidden,YukiHidden,YukiHidden,Kaizo: Expert (diff_5) (kaizo),9 exit(s),Kaizo,Expert,crude_content,/?p=section&a=details&id=41656,smwhacks,"['noboss', 'shell', 'smwc-waiting']",['2dd61b255e9b0a05bd4bd3d625d7db55d883e10e.bps'],['2dd61b255e9b0a05bd4bd3d625d7db55d883e10e.json'],
,1771458055,,41657,SMW Voce Pode Pegar Todas? [SMWC-Waiting 2026-02-18],Yes,No,No,Total Player Silva,Total Player Silva,Total Player Silva,Puzzle: Advanced (diff_4) (puzzle),7 exit(s),Puzzle,Advanced,,/?p=section&a=details&id=41657,smwhacks,"['glich', 'metroidvania', 'puzzle', 'smwc-waiting']",['251c7f275dd107cc8a49320082d2ad7bf795855d.bps'],['251c7f275dd107cc8a49320082d2ad7bf795855d.json'],
,1771478103,,41660,Simply Delicious [SMWC-Waiting 2026-02-19],No,Yes,No,Sixcorby,Sixcorby,Sixcorby,Standard: Advanced (diff_4) (standard),11 exit(s),Standard,Advanced,,/?p=section&a=details&id=41660,smwhacks,"['asm', 'gimmick', 'music', 'variety', 'smwc-waiting']",['3806dbceb58457c0e69b6f4c854f8fea4834bd17.bps'],['3806dbceb58457c0e69b6f4c854f8fea4834bd17.json'],
,1771581629,,41690,Sauna Mario World 2 [SMWC-Waiting 2026-02-20],No,No,No,pnaha,pnaha,pnaha,Kaizo: Expert (diff_5) (kaizo),21 exit(s),Kaizo,Expert,,/?p=section&a=details&id=41690,smwhacks,"['exgfx', 'hdma', 'music', 'traditional', 'smwc-waiting']",['3f39b0d422dc980e9466985c090d61aa69ca9c1c.bps'],['3f39b0d422dc980e9466985c090d61aa69ca9c1c.json'],
,1771582288,,41691,Super BanzaiChuck World [SMWC-Waiting 2026-02-20],No,No,No,DoktorGroove,DoktorGroove,DoktorGroove,Kaizo: Master (diff_6) (kaizo),20 exit(s),Kaizo,Master,photosensitivity,/?p=section&a=details&id=41691,smwhacks,"['bosses', 'custom music', 'gimmick', 'smwc-waiting']",['7205806c5dfda44c6bfdee5beee83706795dde6f.bps'],['7205806c5dfda44c6bfdee5beee83706795dde6f.json'],
,1771593677,,41696,Walkabout [SMWC-Waiting 2026-02-20],No,No,No,SgN4T4N,SgN4T4N,SgN4T4N,Standard: Intermediate (diff_3) (standard),33 exit(s),Standard,Intermediate,,/?p=section&a=details&id=41696,smwhacks,"['custom music', 'no boss', 'traditional', 'smwc-waiting']",['c6b7ca7ef563c5a4202071398984efd5544a5af1.bps'],['c6b7ca7ef563c5a4202071398984efd5544a5af1.json'],
,1771708731,,41726,Can't Stop Won't Stop [SMWC-Waiting 2026-02-21],No,No,No,brown_tower,brown_tower,brown_tower,"Standard, Kaizo: Advanced (diff_4) (standard, kaizo)",6 exit(s),"Standard, Kaizo",Advanced,,/?p=section&a=details&id=41726,smwhacks,"['custom music', 'gimmick', 'smwc-waiting']",['b5dfb036404624b947eb8367b1bb7205a6001132.bps'],['b5dfb036404624b947eb8367b1bb7205a6001132.json'],
,1771723865,,41728,Lazycro [SMWC-Waiting 2026-02-22],No,No,No,MarioFan1337,MarioFan1337,MarioFan1337,Kaizo: Advanced (diff_4) (kaizo),26 exit(s),Kaizo,Advanced,,/?p=section&a=details&id=41728,smwhacks,"['custom asm', 'custom graphics', 'custom music', 'gimmick', 'smwc-waiting']",['f0aaa59b1012273c2fb1788db6bf1de0667a4ca8.bps'],['f0aaa59b1012273c2fb1788db6bf1de0667a4ca8.json'],
,1771759007,,41739,The Crimson Castle [SMWC-Waiting 2026-02-22],No,No,No,Redspyda9,Redspyda9,Redspyda9,Kaizo: Master (diff_6) (kaizo),13 exit(s),Kaizo,Master,,/?p=section&a=details&id=41739,smwhacks,"['custom music', 'vanilla', 'smwc-waiting']",['4639af591be7a64d8840cdb976d9b9d93445ebba.bps'],['4639af591be7a64d8840cdb976d9b9d93445ebba.json'],
,1771772861,,41740,Vanilla Hour - a collection of one-hour levels [SMWC-Waiting 2026-02-22],No,No,No,Nitrogen,Nitrogen,Nitrogen,Standard: Advanced (diff_4) (standard),12 exit(s),Standard,Advanced,,/?p=section&a=details&id=41740,smwhacks,"['one-hour', 'traditional', 'vanilla', 'smwc-waiting']",['c99bea666cdf0e2b7d517aa27858e2d940df2812.bps'],['c99bea666cdf0e2b7d517aa27858e2d940df2812.json'],
,1771778682,,41743,Shell Or Die [SMWC-Waiting 2026-02-22],No,No,No,BielDusty,BielDusty,BielDusty,Kaizo: Master (diff_6) (kaizo),15 exit(s),Kaizo,Master,,/?p=section&a=details&id=41743,smwhacks,['smwc-waiting'],['ba76b307e05cbddc7f39a99a2cf23028445ecc7e.bps'],['ba76b307e05cbddc7f39a99a2cf23028445ecc7e.json'],
,1771870558,,41768,Kirby quest:To brazil [SMWC-Waiting 2026-02-23],Yes,No,No,UGAGA MAN,UGAGA MAN,UGAGA MAN,Standard: Newcomer (diff_1) (standard),3 exit(s),Standard,Newcomer,,/?p=section&a=details&id=41768,smwhacks,"['demo', 'kirby', 'smwc-waiting']",['4a33ec6541c9afd2bc032c977975a565f00d74f3.bps'],['4a33ec6541c9afd2bc032c977975a565f00d74f3.json'],
,1771900624,,41773,Delirium [SMWC-Waiting 2026-02-24],No,No,No,LightAligns,LightAligns,LightAligns,Kaizo: Expert (diff_5) (kaizo),9 exit(s),Kaizo,Expert,photosensitivity,/?p=section&a=details&id=41773,smwhacks,"['custom music', 'gimmick', 'no boss', 'smwc-waiting']",['eaf8e0caf5eb3818befefe70f16d09341160e6a3.bps'],['eaf8e0caf5eb3818befefe70f16d09341160e6a3.json'],
,1771937931,,41782,PATHMAKER [SMWC-Waiting 2026-02-24],No,Yes,No,Tob,Tob,Tob,Puzzle: Intermediate (diff_3) (puzzle),5 exit(s),Puzzle,Intermediate,,/?p=section&a=details&id=41782,smwhacks,"['gimmick', 'puzzle', 'short', 'smwc-waiting']",['e3be873debb3dccbde626c5aa27b44b8d8593579.bps'],['e3be873debb3dccbde626c5aa27b44b8d8593579.json'],
,1771952331,,41787,Precision86 Part II : The Forgotten Kingdom (DEMO) [SMWC-Waiting 2026-02-24],Yes,Yes,No,Nowieso,Nowieso,Nowieso,Kaizo: Expert (diff_5) (kaizo),7 exit(s),Kaizo,Expert,photosensitivity,/?p=section&a=details&id=41787,smwhacks,"['bosses', 'custom music', 'gimmick', 'precision', 'story', 'traditional', 'variety', 'smwc-waiting']",['d1ad52435fa463f60d8a779d304ddc9a3088e978.bps'],['d1ad52435fa463f60d8a779d304ddc9a3088e978.json'],
,1772119245,,41805,BALL BUSTER [SMWC-Waiting 2026-02-26],No,Yes,No,NerDose,NerDose,NerDose,Kaizo: Expert (diff_5) (kaizo),9 exit(s),Kaizo,Expert,crude_content,/?p=section&a=details&id=41805,smwhacks,"['bosses', 'gimmick', 'smwc-waiting']",['e6113259a283e4d0fa276f0b8ec8876fb04b890d.bps'],['e6113259a283e4d0fa276f0b8ec8876fb04b890d.json'],
,1772164643,,41808,Adventure in Gemstone Islands [SMWC-Waiting 2026-02-27],No,Yes,No,Burst Man,Burst Man,Burst Man,Standard: Intermediate (diff_3) (standard),73 exit(s),Standard,Intermediate,,/?p=section&a=details&id=41808,smwhacks,"['asm', 'exgfx', 'music', 'traditional', 'smwc-waiting']",['93dcc1378100acee710148699c1e18ebe4bd1de7.bps'],['93dcc1378100acee710148699c1e18ebe4bd1de7.json'],
,1772242597,,41814,The Chamber of 32 Doors [SMWC-Waiting 2026-02-28],No,Yes,No,oyok,oyok,oyok,Kaizo: Expert (diff_5) (kaizo),2 exit(s),Kaizo,Expert,,/?p=section&a=details&id=41814,smwhacks,"['custom asm', 'random events', 'smwc-waiting']",['15b6de316fb04a743f6d433b6639735202585ac6.bps'],['15b6de316fb04a743f6d433b6639735202585ac6.json'],
,1772252986,,41815,Hage World 2 [SMWC-Waiting 2026-02-28],No,No,No,bald_ridge,bald_ridge,bald_ridge,Kaizo: Expert (diff_5) (kaizo),23 exit(s),Kaizo,Expert,photosensitivity,/?p=section&a=details&id=41815,smwhacks,"['cape', 'custom music', 'kaizo expert', 'shell', 'various', 'smwc-waiting']",['98423bf5c1a289a634fe9128ff2f451d2fb62bed.bps'],['98423bf5c1a289a634fe9128ff2f451d2fb62bed.json'],
,1772323274,,41821,Sakaya Sanctuary [SMWC-Waiting 2026-03-01],No,No,Yes,Jeff2342,"Jeff2342, JinRokhZenobi, RandomType, Saphros, Spedinja, TheTrueCommonSense, neidoodle, ocked",neidoodle,Kaizo: Expert (diff_5) (kaizo),20 exit(s),Kaizo,Expert,,/?p=section&a=details&id=41821,smwhacks,"['chocolate', 'yoshi', 'smwc-waiting']",['e7d87f424fe3720916c9134f3848e1b8d7ce65f7.bps'],['e7d87f424fe3720916c9134f3848e1b8d7ce65f7.json'],
,1772430047,,41828,Super Ordinary World [SMWC-Waiting 2026-03-02],No,Yes,No,Pottsie,Pottsie,Pottsie,Kaizo: Expert (diff_5) (kaizo),14 exit(s),Kaizo,Expert,,/?p=section&a=details&id=41828,smwhacks,"['kaizo expert', 'platformer', 'shell stuff', 'smwc-waiting']",['99a50fe188f3c1b68de6dbe76b745ae567fb5fad.bps'],['99a50fe188f3c1b68de6dbe76b745ae567fb5fad.json'],
,1772478361,,41830,TaleSpin [SMWC-Waiting 2026-03-02],No,No,No,uriel2k3,uriel2k3,uriel2k3,Kaizo: Grandmaster (diff_7) (kaizo),11 exit(s),Kaizo,Grandmaster,,/?p=section&a=details&id=41830,smwhacks,"['cape', 'kaizo', 'no boss', 'yoshi', 'smwc-waiting']",['a85558ee5ca624115eada6ebdf7cdef43eeab9cb.bps'],['a85558ee5ca624115eada6ebdf7cdef43eeab9cb.json'],
,1772654211,,41839,PATHMAKER [SMWC-Waiting 2026-03-04],No,Yes,No,Tob,Tob,Tob,Puzzle: Intermediate (diff_3) (puzzle),5 exit(s),Puzzle,Intermediate,,/?p=section&a=details&id=41839,smwhacks,"['gimmick', 'puzzle', 'short', 'smwc-waiting']",['31891c96c28badac778263a9b7d189bf29997fde.bps'],['31891c96c28badac778263a9b7d189bf29997fde.json'],
,1772735471,,41843,BALL BUSTER [SMWC-Waiting 2026-03-05],No,Yes,No,NerDose,NerDose,NerDose,Kaizo: Expert (diff_5) (kaizo),9 exit(s),Kaizo,Expert,crude_content,/?p=section&a=details&id=41843,smwhacks,"['bosses', 'gimmick', 'smwc-waiting']",['37c2e05fde769497224e0e4335bd29d2230d5468.bps'],['37c2e05fde769497224e0e4335bd29d2230d5468.json'],
,1772925403,,41863,Back to the Green Hill [SMWC-Waiting 2026-03-07],No,No,No,sholmes,sholmes,sholmes,Kaizo: Master (diff_6) (kaizo),25 exit(s),Kaizo,Master,,/?p=section&a=details&id=41863,smwhacks,"['asm', 'huge level', 'less exgfx', 'music', 'needs remoderation', 'sonic', 'smwc-waiting']",['36a37192d6da8f2abe8c9f2e4867b3a68f8ef87d.bps'],['36a37192d6da8f2abe8c9f2e4867b3a68f8ef87d.json'],
,1772925526,,41864,Super Refund World [SMWC-Waiting 2026-03-07],No,No,No,Arobam,Arobam,Arobam,Kaizo: Grandmaster (diff_7) (kaizo),22 exit(s),Kaizo,Grandmaster,,/?p=section&a=details&id=41864,smwhacks,"['old school', 'smwc-waiting']",['c91dda55eb03c37ba2d303615ba54d033d1e1571.bps'],['c91dda55eb03c37ba2d303615ba54d033d1e1571.json'],
,1773005766,,41875,Arcadia [SMWC-Waiting 2026-03-08],No,No,No,D_O_M,D_O_M,D_O_M,Kaizo: Expert (diff_5) (kaizo),25 exit(s),Kaizo,Expert,,/?p=section&a=details&id=41875,smwhacks,"['kaizo', 'smwc-waiting']",['0625d968f333db2ff356e3266dc1a569dc9d5016.bps'],['0625d968f333db2ff356e3266dc1a569dc9d5016.json'],
,1773027830,,41877,Shella Sick (A Hella Sick Shell Hack) [SMWC-Waiting 2026-03-09],No,No,No,JeepySol,JeepySol,JeepySol,Kaizo: Expert (diff_5) (kaizo),14 exit(s),Kaizo,Expert,,/?p=section&a=details&id=41877,smwhacks,"['gimmick', 'vanilla', 'smwc-waiting']",['29caf77957dcb1a9bb9e6feafebd7f5fbed3d8f2.bps'],['29caf77957dcb1a9bb9e6feafebd7f5fbed3d8f2.json'],
,1773115160,,41884,Super Xoxao World (demo) [SMWC-Waiting 2026-03-10],Yes,No,Yes,Mary's Dreamland,"Mary's Dreamland, xoxao, yagoquefazcoisas",Mary's Dreamland,Standard: Advanced (diff_4) (standard),3 exit(s),Standard,Advanced,suggestive_content,/?p=section&a=details&id=41884,smwhacks,['smwc-waiting'],['aa9fa56863f9d91c252fbd9ef06f1ddacc0abc21.bps'],['aa9fa56863f9d91c252fbd9ef06f1ddacc0abc21.json'],
,1773132331,,41886,Super Weegle World (Demo Version) [SMWC-Waiting 2026-03-10],Yes,Yes,No,LennoxFoxwood,LennoxFoxwood,LennoxFoxwood,Standard: Intermediate (diff_3) (standard),8 exit(s),Standard,Intermediate,crude_content,/?p=section&a=details&id=41886,smwhacks,"['demo', 'gauntlet', 'no boss', 'sa-1', 'weegle', 'smwc-waiting']",['cb59ed697394fb5dc49cc119c3b03bab7f1a0fb2.bps'],['cb59ed697394fb5dc49cc119c3b03bab7f1a0fb2.json'],
,1773174939,,41887,Rosalina's Gold Saga [SMWC-Waiting 2026-03-10],No,No,No,Tiozinho,Tiozinho,Tiozinho,Standard: Intermediate (diff_3) (standard),44 exit(s),Standard,Intermediate,,/?p=section&a=details&id=41887,smwhacks,"['exgfx', 'exploration', 'music', 'portuguese', 'rosalina', 'vanilla', 'smwc-waiting']","['beb93cc66e79b73a2850db3fbc22f0ac8b03b47e.bps', '653653506b3b6685213b00c1210659c15fcd5631.bps']","['beb93cc66e79b73a2850db3fbc22f0ac8b03b47e.json', '653653506b3b6685213b00c1210659c15fcd5631.json']",
,1773189805,,41888,Run Away from Mario's Past [SMWC-Waiting 2026-03-11],No,No,No,Green Jerry,Green Jerry,Green Jerry,Standard: Intermediate (diff_3) (standard),10 exit(s),Standard,Intermediate,,/?p=section&a=details&id=41888,smwhacks,"['asm', 'bosses', 'custom music', 'hdma', 'traditional', 'vanilla', 'smwc-waiting']","['c497e0fed3a2cf67135156e934ead0995c753c17.bps', '161e8bc6edefda4d203ad6d19b439ea52860e6e8.bps', '0f009791e40ee088d3fa64dbe82982e951c738ad.bps']","['c497e0fed3a2cf67135156e934ead0995c753c17.json', '161e8bc6edefda4d203ad6d19b439ea52860e6e8.json', '0f009791e40ee088d3fa64dbe82982e951c738ad.json']",
,1773191926,,41889,On The Edge [SMWC-Waiting 2026-03-11],No,No,No,naBerada,naBerada,naBerada,Kaizo: Expert (diff_5) (kaizo),8 exit(s),Kaizo,Expert,,/?p=section&a=details&id=41889,smwhacks,"['shell', 'smwc-waiting']",['436b1553e4aad3a41f93a09835102203a70c0cbd.bps'],['436b1553e4aad3a41f93a09835102203a70c0cbd.json'],
,1773193549,,41890,Jam [SMWC-Waiting 2026-03-11],No,No,No,PopCorn181,PopCorn181,PopCorn181,Kaizo: Master (diff_6) (kaizo),14 exit(s),Kaizo,Master,,/?p=section&a=details&id=41890,smwhacks,"['cape', 'music', 'puzzle', 'shell', 'smwc-waiting']",['102f3cb4dd74f0e6b099d89cf295640b12b51e67.bps'],['102f3cb4dd74f0e6b099d89cf295640b12b51e67.json'],
,1773256419,,41893,The Dimensional Castle Starring Aeron [SMWC-Waiting 2026-03-11],No,Yes,No,Anorakun,Anorakun,Anorakun,"Standard, Kaizo: Advanced (diff_4) (standard, kaizo)",4 exit(s),"Standard, Kaizo",Advanced,suggestive_content,/?p=section&a=details&id=41893,smwhacks,"['aeron', 'bosses', 'crossover', 'gimmick', 'story', 'traditional', 'smwc-waiting']",['601612a7bd3e31c1a3f8367038f91e2d834229bc.bps'],['601612a7bd3e31c1a3f8367038f91e2d834229bc.json'],
,1773271002,,41895,echoestopia [SMWC-Waiting 2026-03-11],No,No,No,elwawa,elwawa,elwawa,Kaizo: Newcomer (diff_1) (kaizo),7 exit(s),Kaizo,Newcomer,,/?p=section&a=details&id=41895,smwhacks,['smwc-waiting'],['8425fae449972d78cc38a5c36c7fef60a6a95f43.bps'],['8425fae449972d78cc38a5c36c7fef60a6a95f43.json'],
,1773327708,,41898,Tangle's Trip [SMWC-Waiting 2026-03-12],No,No,No,sholmes,sholmes,sholmes,Standard: Advanced (diff_4) (standard),11 exit(s),Standard,Advanced,,/?p=section&a=details&id=41898,smwhacks,"['hard', 'less exgfx', 'music', 'non mario', 'smwc-waiting']",['2d6f087583a350c7e7e441ab700f796054db64e6.bps'],['2d6f087583a350c7e7e441ab700f796054db64e6.json'],
,1773346591,,41900,Run Away from Mario's Past [SMWC-Waiting 2026-03-12],No,No,No,Green Jerry,Green Jerry,Green Jerry,Standard: Intermediate (diff_3) (standard),10 exit(s),Standard,Intermediate,,/?p=section&a=details&id=41900,smwhacks,"['asm', 'bosses', 'custom music', 'hdma', 'portuguese', 'spanish', 'traditional', 'vanilla', 'smwc-waiting']","['253c28713328e500b28e3ad2037686615fedd323.bps', 'd0cb67de2598ecd5ebaef541ca2e03aa2467565d.bps', 'a673568b3ea8f0703c71edd1d1dff70e881fbbe5.bps']","['253c28713328e500b28e3ad2037686615fedd323.json', 'd0cb67de2598ecd5ebaef541ca2e03aa2467565d.json', 'a673568b3ea8f0703c71edd1d1dff70e881fbbe5.json']",
,1773363475,,41902,The Found Levels featuring Aeron [SMWC-Waiting 2026-03-13],No,Yes,No,Anorakun,Anorakun,Anorakun,"Standard, Kaizo: Advanced (diff_4) (standard, kaizo)",9 exit(s),"Standard, Kaizo",Advanced,"suggestive_content, photosensitivity",/?p=section&a=details&id=41902,smwhacks,"['aeron', 'crossover', 'custom music', 'no boss', 'story', 'traditional', 'smwc-waiting']",['53e2858b9af8d4bb3f5cad648a61e8d10a6d2fea.bps'],['53e2858b9af8d4bb3f5cad648a61e8d10a6d2fea.json'],
,1773403512,,41906,Walkabout [SMWC-Waiting 2026-03-13],No,No,No,SgN4T4N,SgN4T4N,SgN4T4N,Standard: Casual (diff_2) (standard),33 exit(s),Standard,Casual,,/?p=section&a=details&id=41906,smwhacks,"['custom music', 'no boss', 'traditional', 'smwc-waiting']",['46ca0cc6b4aba0fee7ae10634ebe6901a30fe384.bps'],['46ca0cc6b4aba0fee7ae10634ebe6901a30fe384.json'],
,1773608263,,41920,Hidden Dream in the Deep Time [SMWC-Waiting 2026-03-15],No,No,No,GbreezeSunset,GbreezeSunset,GbreezeSunset,Kaizo: Expert (diff_5) (kaizo),12 exit(s),Kaizo,Expert,,/?p=section&a=details&id=41920,smwhacks,"['puzzle', 'shells', 'smwc-waiting']",['20bf8275d5a162637358e6e924536be60a211d5f.bps'],['20bf8275d5a162637358e6e924536be60a211d5f.json'],
,1773716701,,41925,super super com [SMWC-Waiting 2026-03-17],Yes,No,No,HeroBr,"HeroBr, Togmyoa",HeroBr,Standard: Casual (diff_2) (standard),18 exit(s),Standard,Casual,,/?p=section&a=details&id=41925,smwhacks,"['hack', 'noob game', 'rom', 'rom hack', 'smwc-waiting']",['0a67893d49962e3a10a823675d5c41242f833400.bps'],['0a67893d49962e3a10a823675d5c41242f833400.json'],
,1773739100,,41928,Super Mario World Ridley X Hack [SMWC-Waiting 2026-03-17],No,No,No,Ridley X,Ridley X,Ridley X,Standard: Casual (diff_2) (standard),52 exit(s),Standard,Casual,,/?p=section&a=details&id=41928,smwhacks,"['original music', 'vanilla', 'smwc-waiting']",['367ae72c43aaf3e5255e013be4dc0e998c36f2af.bps'],['367ae72c43aaf3e5255e013be4dc0e998c36f2af.json'],
,1773766648,,41929,Sonic Kaizo World [SMWC-Waiting 2026-03-17],No,No,No,sholmes,sholmes,sholmes,Kaizo: Advanced (diff_4) (kaizo),21 exit(s),Kaizo,Advanced,,/?p=section&a=details&id=41929,smwhacks,"['custom music', 'non mario', 'smwc-waiting']",['7deb4a08544e14f65e2f273900b8f993b66a0b7e.bps'],['7deb4a08544e14f65e2f273900b8f993b66a0b7e.json'],
,1773767661,,41930,A Strongly-Worded Letter to the Iceberg [SMWC-Waiting 2026-03-17],No,No,No,MarsAmPear,MarsAmPear,MarsAmPear,"Standard, Kaizo: Master (diff_6) (standard, kaizo)",7 exit(s),"Standard, Kaizo",Master,,/?p=section&a=details&id=41930,smwhacks,"['asm', 'custom music', 'gauntlet', 'gimmick', 'huge level', 'traditional', 'variety', 'smwc-waiting']",['5c2d50a4631e738b8af34bf6583faa496aeabaaa.bps'],['5c2d50a4631e738b8af34bf6583faa496aeabaaa.json'],
,1773783068,,41933,Sakaya Sanctuary [SMWC-Waiting 2026-03-17],No,No,Yes,Jeff2342,"Jeff2342, JinRokhZenobi, RandomType, Saphros, Spedinja, TheTrueCommonSense, neidoodle, ocked",neidoodle,Kaizo: Expert (diff_5) (kaizo),20 exit(s),Kaizo,Expert,,/?p=section&a=details&id=41933,smwhacks,"['chocolate', 'yoshi', 'smwc-waiting']",['c7e6ca028ea6a39c9c805fb8e3be7fc036c50ba3.bps'],['c7e6ca028ea6a39c9c805fb8e3be7fc036c50ba3.json'],
,1773794655,,41945,Rosalina's Gold Saga [SMWC-Waiting 2026-03-18],No,No,No,Tiozinho,Tiozinho,Tiozinho,Standard: Intermediate (diff_3) (standard),44 exit(s),Standard,Intermediate,,/?p=section&a=details&id=41945,smwhacks,"['custom boss', 'exgfx', 'exploration', 'portuguese', 'rosalina', 'vanilla', 'smwc-waiting']","['6ee4f7a213ef57b761e92cf3d316a756e1e28f31.bps', '31d09e819cd34c13bc5b67af7d41798866718b3f.bps']","['6ee4f7a213ef57b761e92cf3d316a756e1e28f31.json', '31d09e819cd34c13bc5b67af7d41798866718b3f.json']",
,1773798968,,41946,The Book Of SMW Cap1: The Divine Essences [SMWC-Waiting 2026-03-18],Yes,No,No,Gloomyerr_,Gloomyerr_,Gloomyerr_,Standard: Newcomer (diff_1) (standard),37 exit(s),Standard,Newcomer,,/?p=section&a=details&id=41946,smwhacks,"['comedy', 'custom boss', 'custom music', 'hdma', 'some puzzles', 'sprites', 'smwc-waiting']",['dbaebc107e7825880be4c3a98a758e26b4d37e8b.bps'],['dbaebc107e7825880be4c3a98a758e26b4d37e8b.json'],
,1773865089,,41949,The Crimson Castle [SMWC-Waiting 2026-03-18],No,No,No,Redspyda9,Redspyda9,Redspyda9,Kaizo: Master (diff_6) (kaizo),14 exit(s),Kaizo,Master,photosensitivity,/?p=section&a=details&id=41949,smwhacks,"['boss', 'custom music', 'vanilla', 'smwc-waiting']",['0ca168070ee9324082ee2c768325182d5fcf03af.bps'],['0ca168070ee9324082ee2c768325182d5fcf03af.json'],
,1774006013,,41976,Iridium [SMWC-Waiting 2026-03-20],No,No,No,1mslakingoff,1mslakingoff,1mslakingoff,Kaizo: Expert (diff_5) (kaizo),17 exit(s),Kaizo,Expert,,/?p=section&a=details&id=41976,smwhacks,"['custom music', 'gimmick', 'smwc-waiting']",['687371ecd9415947174a8f226a4bd4a2ce9b2449.bps'],['687371ecd9415947174a8f226a4bd4a2ce9b2449.json'],
,1774058198,,41980,Freak City [SMWC-Waiting 2026-03-21],No,Yes,No,Boosius,Boosius,Boosius,Standard: Advanced (diff_4) (standard),92 exit(s),Standard,Advanced,photosensitivity,/?p=section&a=details&id=41980,smwhacks,"['bosses', 'custom music', 'exploration', 'gimmick', 'variety', 'smwc-waiting']",['e1bb8861f1fcb538e0823051a37532fe4427a7f9.bps'],['e1bb8861f1fcb538e0823051a37532fe4427a7f9.json'],
,1774114151,,41987,Tangle's Trip [SMWC-Waiting 2026-03-21],No,No,No,sholmes,sholmes,sholmes,Standard: Advanced (diff_4) (standard),11 exit(s),Standard,Advanced,,/?p=section&a=details&id=41987,smwhacks,"['hard', 'less exgfx', 'music', 'non mario', 'smwc-waiting']",['56b69a4b2fbd013be16c1290944bcd729ed85014.bps'],['56b69a4b2fbd013be16c1290944bcd729ed85014.json'],
,1774377822,,42023,Dream Eater [SMWC-Waiting 2026-03-24],No,Yes,No,Sleppy,Sleppy,Sleppy,Kaizo: Expert (diff_5) (kaizo),11 exit(s),Kaizo,Expert,,/?p=section&a=details&id=42023,smwhacks,"['custom music', 'traditional', 'smwc-waiting']",['ba6ad8b386103191d84d283ae9addeb41bc2affb.bps'],['ba6ad8b386103191d84d283ae9addeb41bc2affb.json'],
,1774400425,,42026,New Super Mario World 3: Peach's Double Trouble [SMWC-Waiting 2026-03-25],No,No,No,Bullymario,Bullymario,Bullymario,Standard: Intermediate (diff_3) (standard),93 exit(s),Standard,Intermediate,,/?p=section&a=details&id=42026,smwhacks,"['asm', 'cutscenes', 'exgfx', 'hdma', 'music', 'smwc-waiting']",['9d623b7804b1a4b7ea1a85b6d994a60d95eeab0a.bps'],['9d623b7804b1a4b7ea1a85b6d994a60d95eeab0a.json'],
,1774408089,,42027,Super Mario Ribbon [SMWC-Waiting 2026-03-25],No,No,No,Redguy,Redguy,Redguy,Standard: Casual (diff_2) (standard),17 exit(s),Standard,Casual,,/?p=section&a=details&id=42027,smwhacks,['smwc-waiting'],['b8d333fa959e474a60f34859aca4fb88a5c11e42.bps'],['b8d333fa959e474a60f34859aca4fb88a5c11e42.json'],
,1774409422,,42028,Precision86 Part II : The Forgotten Kingdom (DEMO) [SMWC-Waiting 2026-03-25],Yes,Yes,No,Nowieso,Nowieso,Nowieso,Kaizo: Master (diff_6) (kaizo),7 exit(s),Kaizo,Master,photosensitivity,/?p=section&a=details&id=42028,smwhacks,"['bosses', 'custom music', 'gimmick', 'precision', 'story', 'traditional', 'variety', 'smwc-waiting']",['7b1bed2158638e592bcd48d21d2caa65a3fecc39.bps'],['7b1bed2158638e592bcd48d21d2caa65a3fecc39.json'],
,1774553360,,42040,The Found Levels featuring Aeron [SMWC-Waiting 2026-03-26],No,Yes,No,Anorakun,Anorakun,Anorakun,"Standard, Kaizo: Advanced (diff_4) (standard, kaizo)",9 exit(s),"Standard, Kaizo",Advanced,"suggestive_content, photosensitivity",/?p=section&a=details&id=42040,smwhacks,"['aeron', 'crossover', 'custom music', 'no boss', 'story', 'traditional', 'smwc-waiting']",['957b049b3ddd0987cee31975dcaff880c38b61c5.bps'],['957b049b3ddd0987cee31975dcaff880c38b61c5.json'],
,1774601230,,42048,a pretty view [SMWC-Waiting 2026-03-27],No,Yes,No,Dixy,Dixy,Dixy,Kaizo: Advanced (diff_4) (kaizo),13 exit(s),Kaizo,Advanced,,/?p=section&a=details&id=42048,smwhacks,"['exploration', 'no boss', 'platforming', 'sa-1', 'smwc-waiting']",['c197cc452222664221f83a412c53ca17d75e1eda.bps'],['c197cc452222664221f83a412c53ca17d75e1eda.json'],
,1774754720,,42066,Mario's Epical Adventure DEMO [SMWC-Waiting 2026-03-29],Yes,No,No,Redguy,Redguy,Redguy,Standard: Casual (diff_2) (standard),11 exit(s),Standard,Casual,,/?p=section&a=details&id=42066,smwhacks,['smwc-waiting'],['73c3815bfee60b36301d4a7e43446aaf51c70fe5.bps'],['73c3815bfee60b36301d4a7e43446aaf51c70fe5.json'],
,1774826825,,42072,Ides of March 2: Dogs of War [SMWC-Waiting 2026-03-29],No,No,No,shaoshao,shaoshao,shaoshao,Kaizo: Expert (diff_5) (kaizo),21 exit(s),Kaizo,Expert,,/?p=section&a=details&id=42072,smwhacks,['smwc-waiting'],['ac81621c4099ae1b24ace425e182dd7dc3257f41.bps'],['ac81621c4099ae1b24ace425e182dd7dc3257f41.json'],
,1774964921,,42089,Shell Or Die [SMWC-Waiting 2026-03-31],No,No,No,BielDusty,BielDusty,BielDusty,Kaizo: Master (diff_6) (kaizo),15 exit(s),Kaizo,Master,,/?p=section&a=details&id=42089,smwhacks,['smwc-waiting'],['cd8bd6745a4ac444681f1d51925b3138dd857f1f.bps'],['cd8bd6745a4ac444681f1d51925b3138dd857f1f.json'],
,1774996612,,42094,Catacismo REMASTERED [SMWC-Waiting 2026-03-31],No,No,No,GuilhermeYT,GuilhermeYT,GuilhermeYT,Kaizo: Advanced (diff_4) (kaizo),1 exit(s),Kaizo,Advanced,suggestive_content,/?p=section&a=details&id=42094,smwhacks,['smwc-waiting'],['7cc82e90421ff5323e8c8fd39547a8d8803d81e4.bps'],['7cc82e90421ff5323e8c8fd39547a8d8803d81e4.json'],
,1775017395,,42096,OneScreen [SMWC-Waiting 2026-04-01],No,No,No,HmWhyNot,HmWhyNot,HmWhyNot,Kaizo: Expert (diff_5) (kaizo),0 exit(s),Kaizo,Expert,,/?p=section&a=details&id=42096,smwhacks,"['april fools', 'one screen', 'single screen', 'singular screen', 'smwc-waiting']",['93320621c37031333868dfd921ead5a21eb03dae.bps'],['93320621c37031333868dfd921ead5a21eb03dae.json'],
,1775049864,,42097,Super Jars World [SMWC-Waiting 2026-04-01],No,No,Yes,Hwailaluta,"Hwailaluta, JCSII, Mithrillionaire, SpaceGlam, Stucat, djEnby",SpaceGlam,"Standard, Kaizo: Expert (diff_5) (standard, kaizo)",20 exit(s),"Standard, Kaizo",Expert,,/?p=section&a=details&id=42097,smwhacks,"['bosses', 'custom music', 'gimmick', 'puzzle', 'troll', 'variety', 'smwc-waiting']",['4ed4ca9a6143f28abeae5770bc9ed289f3b756be.bps'],['4ed4ca9a6143f28abeae5770bc9ed289f3b756be.json'],
,1775057371,,42098,Playground Kaizo 2 [SMWC-Waiting 2026-04-01],No,No,No,RicardoDeMelo,RicardoDeMelo,RicardoDeMelo,Kaizo: Casual (diff_2) (kaizo),8 exit(s),Kaizo,Casual,,/?p=section&a=details&id=42098,smwhacks,"['easy', 'kaizo', 'smwc-waiting']",['b567b98fd82deb2757c59f41c2733dc663c1009b.bps'],['b567b98fd82deb2757c59f41c2733dc663c1009b.json'],
,1775061583,,42100,Arcyria [SMWC-Waiting 2026-04-01],No,No,No,neidoodle,neidoodle,neidoodle,Kaizo: Expert (diff_5) (kaizo),8 exit(s),Kaizo,Expert,,/?p=section&a=details&id=42100,smwhacks,"['chocolate', 'smwc-waiting']",['d9087358ea51f6a56e12ac508781bdb27e7c67ab.bps'],['d9087358ea51f6a56e12ac508781bdb27e7c67ab.json'],
,1775078619,,42103,Return of Mario bros [SMWC-Waiting 2026-04-01],Yes,No,No,MegaSonic1999,MegaSonic1999,MegaSonic1999,Standard: Intermediate (diff_3) (standard),15 exit(s),Standard,Intermediate,,/?p=section&a=details&id=42103,smwhacks,"['2 players', 'adventure', 'luigi', 'mario', 'smwc-waiting']",['222ff54ddecc50ea34d348d9498f4c2ad6af2a95.bps'],['222ff54ddecc50ea34d348d9498f4c2ad6af2a95.json'],
,1775082130,,42107,The Four Boos of the Apocalypse [SMWC-Waiting 2026-04-01],No,No,No,Redspyda9,Redspyda9,Redspyda9,Kaizo: Grandmaster (diff_7) (kaizo),16 exit(s),Kaizo,Grandmaster,,/?p=section&a=details&id=42107,smwhacks,"['bosses', 'custom backgrounds', 'custom music', 'precision', 'vanilla', 'smwc-waiting']",['5b2efdcdadbb7cac6c9038a6e4e34829bae59264.bps'],['5b2efdcdadbb7cac6c9038a6e4e34829bae59264.json'],
,1775152213,,42109,Yoshi Commits Tax Fraud [SMWC-Waiting 2026-04-02],No,No,No,Ember the Mediocre,Ember the Mediocre,Ember the Mediocre,Kaizo: Master (diff_6) (kaizo),16 exit(s),Kaizo,Master,,/?p=section&a=details&id=42109,smwhacks,"['custom bosses', 'custom music', 'joke', 'percision', 'shell', 'smwc-waiting']",['d57c04510ee799e7b80dfced7c3c2256cb185c36.bps'],['d57c04510ee799e7b80dfced7c3c2256cb185c36.json'],
,1775153767,,42110,On The Edge [SMWC-Waiting 2026-04-02],No,No,No,naBerada,naBerada,naBerada,Kaizo: Master (diff_6) (kaizo),8 exit(s),Kaizo,Master,,/?p=section&a=details&id=42110,smwhacks,"['shell', 'smwc-waiting']",['f95de2b0dd369b312c679d3e67c595a6a1d4015e.bps'],['f95de2b0dd369b312c679d3e67c595a6a1d4015e.json'],
,1775207084,,42114,YNT MARIO [SMWC-Waiting 2026-04-03],No,Yes,Yes,YNT,"YNT, astm",astm,Standard: Advanced (diff_4) (standard),113 exit(s),Standard,Advanced,,/?p=section&a=details&id=42114,smwhacks,"['bosses', 'custom music', 'puzzle', 'translated', 'smwc-waiting']",['d79456e4506099547ee6a8df9b0347c1b8926032.bps'],['d79456e4506099547ee6a8df9b0347c1b8926032.json'],
